1.000000000000000000e+00 0.000000000000000000e+00 0.000000000000000000e+00 0.000000000000000000e+00 0.000000000000000000e+00 0.000000000000000000e+00 0.000000000000000000e+00 0.000000000000000000e+00 0.000000000000000000e+00 0.000000000000000000e+00 0.000000000000000000e+00 0.000000000000000000e+00 0.000000000000000000e+00 0.000000000000000000e+00 0.000000000000000000e+00 0.000000000000000000e+00 0.000000000000000000e+00 0.000000000000000000e+00 0.000000000000000000e+00 0.000000000000000000e+00 0.000000000000000000e+00 0.000000000000000000e+00 0.000000000000000000e+00 0.000000000000000000e+00 0.000000000000000000e+00 0.000000000000000000e+00 0.000000000000000000e+00 0.000000000000000000e+00 0.000000000000000000e+00 0.000000000000000000e+00 0.000000000000000000e+00 0.000000000000000000e+00 0.000000000000000000e+00 0.000000000000000000e+00 0.000000000000000000e+00 0.000000000000000000e+00 0.000000000000000000e+00 0.000000000000000000e+00 0.000000000000000000e+00 0.000000000000000000e+00 0.000000000000000000e+00 0.000000000000000000e+00 0.000000000000000000e+00 0.000000000000000000e+00 0.000000000000000000e+00 0.000000000000000000e+00 0.000000000000000000e+00 0.000000000000000000e+00 0.000000000000000000e+00 0.000000000000000000e+00 0.000000000000000000e+00 0.000000000000000000e+00 0.000000000000000000e+00 0.000000000000000000e+00 0.000000000000000000e+00 0.000000000000000000e+00 0.000000000000000000e+00 0.000000000000000000e+00 0.000000000000000000e+00 0.000000000000000000e+00 0.000000000000000000e+00 0.000000000000000000e+00 0.000000000000000000e+00 0.000000000000000000e+00 0.000000000000000000e+00 0.000000000000000000e+00 0.000000000000000000e+00 0.000000000000000000e+00 0.000000000000000000e+00 0.000000000000000000e+00 0.000000000000000000e+00 0.000000000000000000e+00 0.000000000000000000e+00 0.000000000000000000e+00 0.000000000000000000e+00 0.000000000000000000e+00 0.000000000000000000e+00 0.000000000000000000e+00 0.000000000000000000e+00 0.000000000000000000e+00 0.000000000000000000e+00 0.000000000000000000e+00 0.000000000000000000e+00 0.000000000000000000e+00 0.000000000000000000e+00 0.000000000000000000e+00 0.000000000000000000e+00 0.000000000000000000e+00 0.000000000000000000e+00 0.000000000000000000e+00 0.000000000000000000e+00 0.000000000000000000e+00 0.000000000000000000e+00 0.000000000000000000e+00 0.000000000000000000e+00 0.000000000000000000e+00 0.000000000000000000e+00 0.000000000000000000e+00 0.000000000000000000e+00 0.000000000000000000e+00
1.326157335716204200e+00 1.000000000000000000e+00 0.000000000000000000e+00 0.000000000000000000e+00 0.000000000000000000e+00 0.000000000000000000e+00 0.000000000000000000e+00 0.000000000000000000e+00 0.000000000000000000e+00 0.000000000000000000e+00 0.000000000000000000e+00 0.000000000000000000e+00 0.000000000000000000e+00 0.000000000000000000e+00 0.000000000000000000e+00 0.000000000000000000e+00 0.000000000000000000e+00 0.000000000000000000e+00 0.000000000000000000e+00 0.000000000000000000e+00 0.000000000000000000e+00 0.000000000000000000e+00 0.000000000000000000e+00 0.000000000000000000e+00 0.000000000000000000e+00 0.000000000000000000e+00 0.000000000000000000e+00 0.000000000000000000e+00 0.000000000000000000e+00 0.000000000000000000e+00 0.000000000000000000e+00 0.000000000000000000e+00 0.000000000000000000e+00 0.000000000000000000e+00 0.000000000000000000e+00 0.000000000000000000e+00 0.000000000000000000e+00 0.000000000000000000e+00 0.000000000000000000e+00 0.000000000000000000e+00 0.000000000000000000e+00 0.000000000000000000e+00 0.000000000000000000e+00 0.000000000000000000e+00 0.000000000000000000e+00 0.000000000000000000e+00 0.000000000000000000e+00 0.000000000000000000e+00 0.000000000000000000e+00 0.000000000000000000e+00 0.000000000000000000e+00 0.000000000000000000e+00 0.000000000000000000e+00 0.000000000000000000e+00 0.000000000000000000e+00 0.000000000000000000e+00 0.000000000000000000e+00 0.000000000000000000e+00 0.000000000000000000e+00 0.000000000000000000e+00 0.000000000000000000e+00 0.000000000000000000e+00 0.000000000000000000e+00 0.000000000000000000e+00 0.000000000000000000e+00 0.000000000000000000e+00 0.000000000000000000e+00 0.000000000000000000e+00 0.000000000000000000e+00 0.000000000000000000e+00 0.000000000000000000e+00 0.000000000000000000e+00 0.000000000000000000e+00 0.000000000000000000e+00 0.000000000000000000e+00 0.000000000000000000e+00 0.000000000000000000e+00 0.000000000000000000e+00 0.000000000000000000e+00 0.000000000000000000e+00 0.000000000000000000e+00 0.000000000000000000e+00 0.000000000000000000e+00 0.000000000000000000e+00 0.000000000000000000e+00 0.000000000000000000e+00 0.000000000000000000e+00 0.000000000000000000e+00 0.000000000000000000e+00 0.000000000000000000e+00 0.000000000000000000e+00 0.000000000000000000e+00 0.000000000000000000e+00 0.000000000000000000e+00 0.000000000000000000e+00 0.000000000000000000e+00 0.000000000000000000e+00 0.000000000000000000e+00 0.000000000000000000e+00 0.000000000000000000e+00
-1.653566496279555764e+00 -1.440001913972234426e+00 1.000000000000000000e+00 0.000000000000000000e+00 0.000000000000000000e+00 0.000000000000000000e+00 0.000000000000000000e+00 0.000000000000000000e+00 0.000000000000000000e+00 0.000000000000000000e+00 0.000000000000000000e+00 0.000000000000000000e+00 0.000000000000000000e+00 0.000000000000000000e+00 0.000000000000000000e+00 0.000000000000000000e+00 0.000000000000000000e+00 0.000000000000000000e+00 0.000000000000000000e+00 0.000000000000000000e+00 0.000000000000000000e+00 0.000000000000000000e+00 0.000000000000000000e+00 0.000000000000000000e+00 0.000000000000000000e+00 0.000000000000000000e+00 0.000000000000000000e+00 0.000000000000000000e+00 0.000000000000000000e+00 0.000000000000000000e+00 0.000000000000000000e+00 0.000000000000000000e+00 0.000000000000000000e+00 0.000000000000000000e+00 0.000000000000000000e+00 0.000000000000000000e+00 0.000000000000000000e+00 0.000000000000000000e+00 0.000000000000000000e+00 0.000000000000000000e+00 0.000000000000000000e+00 0.000000000000000000e+00 0.000000000000000000e+00 0.000000000000000000e+00 0.000000000000000000e+00 0.000000000000000000e+00 0.000000000000000000e+00 0.000000000000000000e+00 0.000000000000000000e+00 0.000000000000000000e+00 0.000000000000000000e+00 0.000000000000000000e+00 0.000000000000000000e+00 0.000000000000000000e+00 0.000000000000000000e+00 0.000000000000000000e+00 0.000000000000000000e+00 0.000000000000000000e+00 0.000000000000000000e+00 0.000000000000000000e+00 0.000000000000000000e+00 0.000000000000000000e+00 0.000000000000000000e+00 0.000000000000000000e+00 0.000000000000000000e+00 0.000000000000000000e+00 0.000000000000000000e+00 0.000000000000000000e+00 0.000000000000000000e+00 0.000000000000000000e+00 0.000000000000000000e+00 0.000000000000000000e+00 0.000000000000000000e+00 0.000000000000000000e+00 0.000000000000000000e+00 0.000000000000000000e+00 0.000000000000000000e+00 0.000000000000000000e+00 0.000000000000000000e+00 0.000000000000000000e+00 0.000000000000000000e+00 0.000000000000000000e+00 0.000000000000000000e+00 0.000000000000000000e+00 0.000000000000000000e+00 0.000000000000000000e+00 0.000000000000000000e+00 0.000000000000000000e+00 0.000000000000000000e+00 0.000000000000000000e+00 0.000000000000000000e+00 0.000000000000000000e+00 0.000000000000000000e+00 0.000000000000000000e+00 0.000000000000000000e+00 0.000000000000000000e+00 0.000000000000000000e+00 0.000000000000000000e+00 0.000000000000000000e+00 0.000000000000000000e+00
1.014177792107153309e+00 1.693903032566915989e+00 -1.616213295789685755e+00 1.000000000000000000e+00 0.000000000000000000e+00 0.000000000000000000e+00 0.000000000000000000e+00 0.000000000000000000e+00 0.000000000000000000e+00 0.000000000000000000e+00 0.000000000000000000e+00 0.000000000000000000e+00 0.000000000000000000e+00 0.000000000000000000e+00 0.000000000000000000e+00 0.000000000000000000e+00 0.000000000000000000e+00 0.000000000000000000e+00 0.000000000000000000e+00 0.000000000000000000e+00 0.000000000000000000e+00 0.000000000000000000e+00 0.000000000000000000e+00 0.000000000000000000e+00 0.000000000000000000e+00 0.000000000000000000e+00 0.000000000000000000e+00 0.000000000000000000e+00 0.000000000000000000e+00 0.000000000000000000e+00 0.000000000000000000e+00 0.000000000000000000e+00 0.000000000000000000e+00 0.000000000000000000e+00 0.000000000000000000e+00 0.000000000000000000e+00 0.000000000000000000e+00 0.000000000000000000e+00 0.000000000000000000e+00 0.000000000000000000e+00 0.000000000000000000e+00 0.000000000000000000e+00 0.000000000000000000e+00 0.000000000000000000e+00 0.000000000000000000e+00 0.000000000000000000e+00 0.000000000000000000e+00 0.000000000000000000e+00 0.000000000000000000e+00 0.000000000000000000e+00 0.000000000000000000e+00 0.000000000000000000e+00 0.000000000000000000e+00 0.000000000000000000e+00 0.000000000000000000e+00 0.000000000000000000e+00 0.000000000000000000e+00 0.000000000000000000e+00 0.000000000000000000e+00 0.000000000000000000e+00 0.000000000000000000e+00 0.000000000000000000e+00 0.000000000000000000e+00 0.000000000000000000e+00 0.000000000000000000e+00 0.000000000000000000e+00 0.000000000000000000e+00 0.000000000000000000e+00 0.000000000000000000e+00 0.000000000000000000e+00 0.000000000000000000e+00 0.000000000000000000e+00 0.000000000000000000e+00 0.000000000000000000e+00 0.000000000000000000e+00 0.000000000000000000e+00 0.000000000000000000e+00 0.000000000000000000e+00 0.000000000000000000e+00 0.000000000000000000e+00 0.000000000000000000e+00 0.000000000000000000e+00 0.000000000000000000e+00 0.000000000000000000e+00 0.000000000000000000e+00 0.000000000000000000e+00 0.000000000000000000e+00 0.000000000000000000e+00 0.000000000000000000e+00 0.000000000000000000e+00 0.000000000000000000e+00 0.000000000000000000e+00 0.000000000000000000e+00 0.000000000000000000e+00 0.000000000000000000e+00 0.000000000000000000e+00 0.000000000000000000e+00 0.000000000000000000e+00 0.000000000000000000e+00 0.000000000000000000e+00
-8.114767902658774623e-02 6.695699616718189251e-01 3.526604615600329673e+00 -2.898888743840215998e+00 1.000000000000000000e+00 0.000000000000000000e+00 0.000000000000000000e+00 0.000000000000000000e+00 0.000000000000000000e+00 0.000000000000000000e+00 0.000000000000000000e+00 0.000000000000000000e+00 0.000000000000000000e+00 0.000000000000000000e+00 0.000000000000000000e+00 0.000000000000000000e+00 0.000000000000000000e+00 0.000000000000000000e+00 0.000000000000000000e+00 0.000000000000000000e+00 0.000000000000000000e+00 0.000000000000000000e+00 0.000000000000000000e+00 0.000000000000000000e+00 0.000000000000000000e+00 0.000000000000000000e+00 0.000000000000000000e+00 0.000000000000000000e+00 0.000000000000000000e+00 0.000000000000000000e+00 0.000000000000000000e+00 0.000000000000000000e+00 0.000000000000000000e+00 0.000000000000000000e+00 0.000000000000000000e+00 0.000000000000000000e+00 0.000000000000000000e+00 0.000000000000000000e+00 0.000000000000000000e+00 0.000000000000000000e+00 0.000000000000000000e+00 0.000000000000000000e+00 0.000000000000000000e+00 0.000000000000000000e+00 0.000000000000000000e+00 0.000000000000000000e+00 0.000000000000000000e+00 0.000000000000000000e+00 0.000000000000000000e+00 0.000000000000000000e+00 0.000000000000000000e+00 0.000000000000000000e+00 0.000000000000000000e+00 0.000000000000000000e+00 0.000000000000000000e+00 0.000000000000000000e+00 0.000000000000000000e+00 0.000000000000000000e+00 0.000000000000000000e+00 0.000000000000000000e+00 0.000000000000000000e+00 0.000000000000000000e+00 0.000000000000000000e+00 0.000000000000000000e+00 0.000000000000000000e+00 0.000000000000000000e+00 0.000000000000000000e+00 0.000000000000000000e+00 0.000000000000000000e+00 0.000000000000000000e+00 0.000000000000000000e+00 0.000000000000000000e+00 0.000000000000000000e+00 0.000000000000000000e+00 0.000000000000000000e+00 0.000000000000000000e+00 0.000000000000000000e+00 0.000000000000000000e+00 0.000000000000000000e+00 0.000000000000000000e+00 0.000000000000000000e+00 0.000000000000000000e+00 0.000000000000000000e+00 0.000000000000000000e+00 0.000000000000000000e+00 0.000000000000000000e+00 0.000000000000000000e+00 0.000000000000000000e+00 0.000000000000000000e+00 0.000000000000000000e+00 0.000000000000000000e+00 0.000000000000000000e+00 0.000000000000000000e+00 0.000000000000000000e+00 0.000000000000000000e+00 0.000000000000000000e+00 0.000000000000000000e+00 0.000000000000000000e+00 0.000000000000000000e+00 0.000000000000000000e+00
1.513876425088388045e+00 2.196766401757421328e+00 -1.164692975982814627e+00 3.838600867494953994e-01 1.904307380325974408e-01 1.000000000000000000e+00 0.000000000000000000e+00 0.000000000000000000e+00 0.000000000000000000e+00 0.000000000000000000e+00 0.000000000000000000e+00 0.000000000000000000e+00 0.000000000000000000e+00 0.000000000000000000e+00 0.000000000000000000e+00 0.000000000000000000e+00 0.000000000000000000e+00 0.000000000000000000e+00 0.000000000000000000e+00 0.000000000000000000e+00 0.000000000000000000e+00 0.000000000000000000e+00 0.000000000000000000e+00 0.000000000000000000e+00 0.000000000000000000e+00 0.000000000000000000e+00 0.000000000000000000e+00 0.000000000000000000e+00 0.000000000000000000e+00 0.000000000000000000e+00 0.000000000000000000e+00 0.000000000000000000e+00 0.000000000000000000e+00 0.000000000000000000e+00 0.000000000000000000e+00 0.000000000000000000e+00 0.000000000000000000e+00 0.000000000000000000e+00 0.000000000000000000e+00 0.000000000000000000e+00 0.000000000000000000e+00 0.000000000000000000e+00 0.000000000000000000e+00 0.000000000000000000e+00 0.000000000000000000e+00 0.000000000000000000e+00 0.000000000000000000e+00 0.000000000000000000e+00 0.000000000000000000e+00 0.000000000000000000e+00 0.000000000000000000e+00 0.000000000000000000e+00 0.000000000000000000e+00 0.000000000000000000e+00 0.000000000000000000e+00 0.000000000000000000e+00 0.000000000000000000e+00 0.000000000000000000e+00 0.000000000000000000e+00 0.000000000000000000e+00 0.000000000000000000e+00 0.000000000000000000e+00 0.000000000000000000e+00 0.000000000000000000e+00 0.000000000000000000e+00 0.000000000000000000e+00 0.000000000000000000e+00 0.000000000000000000e+00 0.000000000000000000e+00 0.000000000000000000e+00 0.000000000000000000e+00 0.000000000000000000e+00 0.000000000000000000e+00 0.000000000000000000e+00 0.000000000000000000e+00 0.000000000000000000e+00 0.000000000000000000e+00 0.000000000000000000e+00 0.000000000000000000e+00 0.000000000000000000e+00 0.000000000000000000e+00 0.000000000000000000e+00 0.000000000000000000e+00 0.000000000000000000e+00 0.000000000000000000e+00 0.000000000000000000e+00 0.000000000000000000e+00 0.000000000000000000e+00 0.000000000000000000e+00 0.000000000000000000e+00 0.000000000000000000e+00 0.000000000000000000e+00 0.000000000000000000e+00 0.000000000000000000e+00 0.000000000000000000e+00 0.000000000000000000e+00 0.000000000000000000e+00 0.000000000000000000e+00 0.000000000000000000e+00 0.000000000000000000e+00
1.909730865264261945e+00 1.189598725671511037e+00 8.767267055844373047e+00 -8.067486087379901250e+00 1.341447144317702511e+00 7.712246023860493960e-01 1.000000000000000000e+00 0.000000000000000000e+00 0.000000000000000000e+00 0.000000000000000000e+00 0.000000000000000000e+00 0.000000000000000000e+00 0.000000000000000000e+00 0.000000000000000000e+00 0.000000000000000000e+00 0.000000000000000000e+00 0.000000000000000000e+00 0.000000000000000000e+00 0.000000000000000000e+00 0.000000000000000000e+00 0.000000000000000000e+00 0.000000000000000000e+00 0.000000000000000000e+00 0.000000000000000000e+00 0.000000000000000000e+00 0.000000000000000000e+00 0.000000000000000000e+00 0.000000000000000000e+00 0.000000000000000000e+00 0.000000000000000000e+00 0.000000000000000000e+00 0.000000000000000000e+00 0.000000000000000000e+00 0.000000000000000000e+00 0.000000000000000000e+00 0.000000000000000000e+00 0.000000000000000000e+00 0.000000000000000000e+00 0.000000000000000000e+00 0.000000000000000000e+00 0.000000000000000000e+00 0.000000000000000000e+00 0.000000000000000000e+00 0.000000000000000000e+00 0.000000000000000000e+00 0.000000000000000000e+00 0.000000000000000000e+00 0.000000000000000000e+00 0.000000000000000000e+00 0.000000000000000000e+00 0.000000000000000000e+00 0.000000000000000000e+00 0.000000000000000000e+00 0.000000000000000000e+00 0.000000000000000000e+00 0.000000000000000000e+00 0.000000000000000000e+00 0.000000000000000000e+00 0.000000000000000000e+00 0.000000000000000000e+00 0.000000000000000000e+00 0.000000000000000000e+00 0.000000000000000000e+00 0.000000000000000000e+00 0.000000000000000000e+00 0.000000000000000000e+00 0.000000000000000000e+00 0.000000000000000000e+00 0.000000000000000000e+00 0.000000000000000000e+00 0.000000000000000000e+00 0.000000000000000000e+00 0.000000000000000000e+00 0.000000000000000000e+00 0.000000000000000000e+00 0.000000000000000000e+00 0.000000000000000000e+00 0.000000000000000000e+00 0.000000000000000000e+00 0.000000000000000000e+00 0.000000000000000000e+00 0.000000000000000000e+00 0.000000000000000000e+00 0.000000000000000000e+00 0.000000000000000000e+00 0.000000000000000000e+00 0.000000000000000000e+00 0.000000000000000000e+00 0.000000000000000000e+00 0.000000000000000000e+00 0.000000000000000000e+00 0.000000000000000000e+00 0.000000000000000000e+00 0.000000000000000000e+00 0.000000000000000000e+00 0.000000000000000000e+00 0.000000000000000000e+00 0.000000000000000000e+00 0.000000000000000000e+00 0.000000000000000000e+00
1.780092717040795636e+00 1.150877860901773353e+00 5.989233498396906441e+00 -5.542015899997156048e+00 1.135565499840973880e+00 -1.132347223908467981e+00 4.918347946907916102e-01 1.000000000000000000e+00 0.000000000000000000e+00 0.000000000000000000e+00 0.000000000000000000e+00 0.000000000000000000e+00 0.000000000000000000e+00 0.000000000000000000e+00 0.000000000000000000e+00 0.000000000000000000e+00 0.000000000000000000e+00 0.000000000000000000e+00 0.000000000000000000e+00 0.000000000000000000e+00 0.000000000000000000e+00 0.000000000000000000e+00 0.000000000000000000e+00 0.000000000000000000e+00 0.000000000000000000e+00 0.000000000000000000e+00 0.000000000000000000e+00 0.000000000000000000e+00 0.000000000000000000e+00 0.000000000000000000e+00 0.000000000000000000e+00 0.000000000000000000e+00 0.000000000000000000e+00 0.000000000000000000e+00 0.000000000000000000e+00 0.000000000000000000e+00 0.000000000000000000e+00 0.000000000000000000e+00 0.000000000000000000e+00 0.000000000000000000e+00 0.000000000000000000e+00 0.000000000000000000e+00 0.000000000000000000e+00 0.000000000000000000e+00 0.000000000000000000e+00 0.000000000000000000e+00 0.000000000000000000e+00 0.000000000000000000e+00 0.000000000000000000e+00 0.000000000000000000e+00 0.000000000000000000e+00 0.000000000000000000e+00 0.000000000000000000e+00 0.000000000000000000e+00 0.000000000000000000e+00 0.000000000000000000e+00 0.000000000000000000e+00 0.000000000000000000e+00 0.000000000000000000e+00 0.000000000000000000e+00 0.000000000000000000e+00 0.000000000000000000e+00 0.000000000000000000e+00 0.000000000000000000e+00 0.000000000000000000e+00 0.000000000000000000e+00 0.000000000000000000e+00 0.000000000000000000e+00 0.000000000000000000e+00 0.000000000000000000e+00 0.000000000000000000e+00 0.000000000000000000e+00 0.000000000000000000e+00 0.000000000000000000e+00 0.000000000000000000e+00 0.000000000000000000e+00 0.000000000000000000e+00 0.000000000000000000e+00 0.000000000000000000e+00 0.000000000000000000e+00 0.000000000000000000e+00 0.000000000000000000e+00 0.000000000000000000e+00 0.000000000000000000e+00 0.000000000000000000e+00 0.000000000000000000e+00 0.000000000000000000e+00 0.000000000000000000e+00 0.000000000000000000e+00 0.000000000000000000e+00 0.000000000000000000e+00 0.000000000000000000e+00 0.000000000000000000e+00 0.000000000000000000e+00 0.000000000000000000e+00 0.000000000000000000e+00 0.000000000000000000e+00 0.000000000000000000e+00 0.000000000000000000e+00 0.000000000000000000e+00
1.956034882978796574e+00 2.293275121529301241e+00 6.813316631910896426e+00 -6.985696993501146146e+00 1.785653581280781443e+00 1.628916738739191850e+00 6.326577454554687119e-01 -7.894604519565944223e-01 1.000000000000000000e+00 0.000000000000000000e+00 0.000000000000000000e+00 0.000000000000000000e+00 0.000000000000000000e+00 0.000000000000000000e+00 0.000000000000000000e+00 0.000000000000000000e+00 0.000000000000000000e+00 0.000000000000000000e+00 0.000000000000000000e+00 0.000000000000000000e+00 0.000000000000000000e+00 0.000000000000000000e+00 0.000000000000000000e+00 0.000000000000000000e+00 0.000000000000000000e+00 0.000000000000000000e+00 0.000000000000000000e+00 0.000000000000000000e+00 0.000000000000000000e+00 0.000000000000000000e+00 0.000000000000000000e+00 0.000000000000000000e+00 0.000000000000000000e+00 0.000000000000000000e+00 0.000000000000000000e+00 0.000000000000000000e+00 0.000000000000000000e+00 0.000000000000000000e+00 0.000000000000000000e+00 0.000000000000000000e+00 0.000000000000000000e+00 0.000000000000000000e+00 0.000000000000000000e+00 0.000000000000000000e+00 0.000000000000000000e+00 0.000000000000000000e+00 0.000000000000000000e+00 0.000000000000000000e+00 0.000000000000000000e+00 0.000000000000000000e+00 0.000000000000000000e+00 0.000000000000000000e+00 0.000000000000000000e+00 0.000000000000000000e+00 0.000000000000000000e+00 0.000000000000000000e+00 0.000000000000000000e+00 0.000000000000000000e+00 0.000000000000000000e+00 0.000000000000000000e+00 0.000000000000000000e+00 0.000000000000000000e+00 0.000000000000000000e+00 0.000000000000000000e+00 0.000000000000000000e+00 0.000000000000000000e+00 0.000000000000000000e+00 0.000000000000000000e+00 0.000000000000000000e+00 0.000000000000000000e+00 0.000000000000000000e+00 0.000000000000000000e+00 0.000000000000000000e+00 0.000000000000000000e+00 0.000000000000000000e+00 0.000000000000000000e+00 0.000000000000000000e+00 0.000000000000000000e+00 0.000000000000000000e+00 0.000000000000000000e+00 0.000000000000000000e+00 0.000000000000000000e+00 0.000000000000000000e+00 0.000000000000000000e+00 0.000000000000000000e+00 0.000000000000000000e+00 0.000000000000000000e+00 0.000000000000000000e+00 0.000000000000000000e+00 0.000000000000000000e+00 0.000000000000000000e+00 0.000000000000000000e+00 0.000000000000000000e+00 0.000000000000000000e+00 0.000000000000000000e+00 0.000000000000000000e+00 0.000000000000000000e+00 0.000000000000000000e+00 0.000000000000000000e+00 0.000000000000000000e+00
-1.874402964461423515e-01 -2.695313992175888407e-01 -3.267743723006538925e+00 2.760443091025013729e+00 -1.082886221631735424e+00 -1.418162457589128733e+00 2.344208310182651842e-02 4.447417539427944155e-01 -2.548550558289046086e-01 1.000000000000000000e+00 0.000000000000000000e+00 0.000000000000000000e+00 0.000000000000000000e+00 0.000000000000000000e+00 0.000000000000000000e+00 0.000000000000000000e+00 0.000000000000000000e+00 0.000000000000000000e+00 0.000000000000000000e+00 0.000000000000000000e+00 0.000000000000000000e+00 0.000000000000000000e+00 0.000000000000000000e+00 0.000000000000000000e+00 0.000000000000000000e+00 0.000000000000000000e+00 0.000000000000000000e+00 0.000000000000000000e+00 0.000000000000000000e+00 0.000000000000000000e+00 0.000000000000000000e+00 0.000000000000000000e+00 0.000000000000000000e+00 0.000000000000000000e+00 0.000000000000000000e+00 0.000000000000000000e+00 0.000000000000000000e+00 0.000000000000000000e+00 0.000000000000000000e+00 0.000000000000000000e+00 0.000000000000000000e+00 0.000000000000000000e+00 0.000000000000000000e+00 0.000000000000000000e+00 0.000000000000000000e+00 0.000000000000000000e+00 0.000000000000000000e+00 0.000000000000000000e+00 0.000000000000000000e+00 0.000000000000000000e+00 0.000000000000000000e+00 0.000000000000000000e+00 0.000000000000000000e+00 0.000000000000000000e+00 0.000000000000000000e+00 0.000000000000000000e+00 0.000000000000000000e+00 0.000000000000000000e+00 0.000000000000000000e+00 0.000000000000000000e+00 0.000000000000000000e+00 0.000000000000000000e+00 0.000000000000000000e+00 0.000000000000000000e+00 0.000000000000000000e+00 0.000000000000000000e+00 0.000000000000000000e+00 0.000000000000000000e+00 0.000000000000000000e+00 0.000000000000000000e+00 0.000000000000000000e+00 0.000000000000000000e+00 0.000000000000000000e+00 0.000000000000000000e+00 0.000000000000000000e+00 0.000000000000000000e+00 0.000000000000000000e+00 0.000000000000000000e+00 0.000000000000000000e+00 0.000000000000000000e+00 0.000000000000000000e+00 0.000000000000000000e+00 0.000000000000000000e+00 0.000000000000000000e+00 0.000000000000000000e+00 0.000000000000000000e+00 0.000000000000000000e+00 0.000000000000000000e+00 0.000000000000000000e+00 0.000000000000000000e+00 0.000000000000000000e+00 0.000000000000000000e+00 0.000000000000000000e+00 0.000000000000000000e+00 0.000000000000000000e+00 0.000000000000000000e+00 0.000000000000000000e+00 0.000000000000000000e+00 0.000000000000000000e+00 0.000000000000000000e+00
1.767750590810384104e+00 2.343963435371558823e+00 5.155055539022759703e+00 -4.958956924335482519e+00 7.238713216896135449e-01 1.019812898969613357e+00 1.087299675450280168e+00 -2.024282459536510259e-01 1.016654370993068879e+00 6.773448559989913020e-01 1.000000000000000000e+00 0.000000000000000000e+00 0.000000000000000000e+00 0.000000000000000000e+00 0.000000000000000000e+00 0.000000000000000000e+00 0.000000000000000000e+00 0.000000000000000000e+00 0.000000000000000000e+00 0.000000000000000000e+00 0.000000000000000000e+00 0.000000000000000000e+00 0.000000000000000000e+00 0.000000000000000000e+00 0.000000000000000000e+00 0.000000000000000000e+00 0.000000000000000000e+00 0.000000000000000000e+00 0.000000000000000000e+00 0.000000000000000000e+00 0.000000000000000000e+00 0.000000000000000000e+00 0.000000000000000000e+00 0.000000000000000000e+00 0.000000000000000000e+00 0.000000000000000000e+00 0.000000000000000000e+00 0.000000000000000000e+00 0.000000000000000000e+00 0.000000000000000000e+00 0.000000000000000000e+00 0.000000000000000000e+00 0.000000000000000000e+00 0.000000000000000000e+00 0.000000000000000000e+00 0.000000000000000000e+00 0.000000000000000000e+00 0.000000000000000000e+00 0.000000000000000000e+00 0.000000000000000000e+00 0.000000000000000000e+00 0.000000000000000000e+00 0.000000000000000000e+00 0.000000000000000000e+00 0.000000000000000000e+00 0.000000000000000000e+00 0.000000000000000000e+00 0.000000000000000000e+00 0.000000000000000000e+00 0.000000000000000000e+00 0.000000000000000000e+00 0.000000000000000000e+00 0.000000000000000000e+00 0.000000000000000000e+00 0.000000000000000000e+00 0.000000000000000000e+00 0.000000000000000000e+00 0.000000000000000000e+00 0.000000000000000000e+00 0.000000000000000000e+00 0.000000000000000000e+00 0.000000000000000000e+00 0.000000000000000000e+00 0.000000000000000000e+00 0.000000000000000000e+00 0.000000000000000000e+00 0.000000000000000000e+00 0.000000000000000000e+00 0.000000000000000000e+00 0.000000000000000000e+00 0.000000000000000000e+00 0.000000000000000000e+00 0.000000000000000000e+00 0.000000000000000000e+00 0.000000000000000000e+00 0.000000000000000000e+00 0.000000000000000000e+00 0.000000000000000000e+00 0.000000000000000000e+00 0.000000000000000000e+00 0.000000000000000000e+00 0.000000000000000000e+00 0.000000000000000000e+00 0.000000000000000000e+00 0.000000000000000000e+00 0.000000000000000000e+00 0.000000000000000000e+00 0.000000000000000000e+00 0.000000000000000000e+00 0.000000000000000000e+00
1.243014823244712463e+00 2.603677671568461194e-01 3.599912229614661729e+00 -2.969861223746766754e+00 3.501096277777148713e-01 3.717982454121175340e-01 5.152272380404742114e-01 4.375071011347856920e-01 1.425264548269403519e+00 -2.105704828753544255e+00 -2.477579970097913087e+00 1.000000000000000000e+00 0.000000000000000000e+00 0.000000000000000000e+00 0.000000000000000000e+00 0.000000000000000000e+00 0.000000000000000000e+00 0.000000000000000000e+00 0.000000000000000000e+00 0.000000000000000000e+00 0.000000000000000000e+00 0.000000000000000000e+00 0.000000000000000000e+00 0.000000000000000000e+00 0.000000000000000000e+00 0.000000000000000000e+00 0.000000000000000000e+00 0.000000000000000000e+00 0.000000000000000000e+00 0.000000000000000000e+00 0.000000000000000000e+00 0.000000000000000000e+00 0.000000000000000000e+00 0.000000000000000000e+00 0.000000000000000000e+00 0.000000000000000000e+00 0.000000000000000000e+00 0.000000000000000000e+00 0.000000000000000000e+00 0.000000000000000000e+00 0.000000000000000000e+00 0.000000000000000000e+00 0.000000000000000000e+00 0.000000000000000000e+00 0.000000000000000000e+00 0.000000000000000000e+00 0.000000000000000000e+00 0.000000000000000000e+00 0.000000000000000000e+00 0.000000000000000000e+00 0.000000000000000000e+00 0.000000000000000000e+00 0.000000000000000000e+00 0.000000000000000000e+00 0.000000000000000000e+00 0.000000000000000000e+00 0.000000000000000000e+00 0.000000000000000000e+00 0.000000000000000000e+00 0.000000000000000000e+00 0.000000000000000000e+00 0.000000000000000000e+00 0.000000000000000000e+00 0.000000000000000000e+00 0.000000000000000000e+00 0.000000000000000000e+00 0.000000000000000000e+00 0.000000000000000000e+00 0.000000000000000000e+00 0.000000000000000000e+00 0.000000000000000000e+00 0.000000000000000000e+00 0.000000000000000000e+00 0.000000000000000000e+00 0.000000000000000000e+00 0.000000000000000000e+00 0.000000000000000000e+00 0.000000000000000000e+00 0.000000000000000000e+00 0.000000000000000000e+00 0.000000000000000000e+00 0.000000000000000000e+00 0.000000000000000000e+00 0.000000000000000000e+00 0.000000000000000000e+00 0.000000000000000000e+00 0.000000000000000000e+00 0.000000000000000000e+00 0.000000000000000000e+00 0.000000000000000000e+00 0.000000000000000000e+00 0.000000000000000000e+00 0.000000000000000000e+00 0.000000000000000000e+00 0.000000000000000000e+00 0.000000000000000000e+00 0.000000000000000000e+00 0.000000000000000000e+00 0.000000000000000000e+00 0.000000000000000000e+00
1.318892222972691153e+00 2.119821232013467061e+00 -3.502050329699885056e-01 -8.830550041948916906e-01 2.435797886772325116e-01 4.099654312781614296e-01 4.109291163190794127e-01 3.589749736248783463e-01 2.377249318764948161e+00 -4.414790068637955756e+00 -1.197715645955612551e+01 3.448490240291201658e+00 1.000000000000000000e+00 0.000000000000000000e+00 0.000000000000000000e+00 0.000000000000000000e+00 0.000000000000000000e+00 0.000000000000000000e+00 0.000000000000000000e+00 0.000000000000000000e+00 0.000000000000000000e+00 0.000000000000000000e+00 0.000000000000000000e+00 0.000000000000000000e+00 0.000000000000000000e+00 0.000000000000000000e+00 0.000000000000000000e+00 0.000000000000000000e+00 0.000000000000000000e+00 0.000000000000000000e+00 0.000000000000000000e+00 0.000000000000000000e+00 0.000000000000000000e+00 0.000000000000000000e+00 0.000000000000000000e+00 0.000000000000000000e+00 0.000000000000000000e+00 0.000000000000000000e+00 0.000000000000000000e+00 0.000000000000000000e+00 0.000000000000000000e+00 0.000000000000000000e+00 0.000000000000000000e+00 0.000000000000000000e+00 0.000000000000000000e+00 0.000000000000000000e+00 0.000000000000000000e+00 0.000000000000000000e+00 0.000000000000000000e+00 0.000000000000000000e+00 0.000000000000000000e+00 0.000000000000000000e+00 0.000000000000000000e+00 0.000000000000000000e+00 0.000000000000000000e+00 0.000000000000000000e+00 0.000000000000000000e+00 0.000000000000000000e+00 0.000000000000000000e+00 0.000000000000000000e+00 0.000000000000000000e+00 0.000000000000000000e+00 0.000000000000000000e+00 0.000000000000000000e+00 0.000000000000000000e+00 0.000000000000000000e+00 0.000000000000000000e+00 0.000000000000000000e+00 0.000000000000000000e+00 0.000000000000000000e+00 0.000000000000000000e+00 0.000000000000000000e+00 0.000000000000000000e+00 0.000000000000000000e+00 0.000000000000000000e+00 0.000000000000000000e+00 0.000000000000000000e+00 0.000000000000000000e+00 0.000000000000000000e+00 0.000000000000000000e+00 0.000000000000000000e+00 0.000000000000000000e+00 0.000000000000000000e+00 0.000000000000000000e+00 0.000000000000000000e+00 0.000000000000000000e+00 0.000000000000000000e+00 0.000000000000000000e+00 0.000000000000000000e+00 0.000000000000000000e+00 0.000000000000000000e+00 0.000000000000000000e+00 0.000000000000000000e+00 0.000000000000000000e+00 0.000000000000000000e+00 0.000000000000000000e+00 0.000000000000000000e+00 0.000000000000000000e+00 0.000000000000000000e+00 0.000000000000000000e+00
-8.527021046337214527e-02 -4.447544408011150918e-01 8.500227700283297105e-01 -2.331766009632136871e-01 -1.616866091891593082e-01 -1.483558981931164533e+00 6.768693032737467530e-02 9.113492251962759250e-01 -1.031999589653467275e+00 -4.070567553690562779e-01 -5.393063721256006193e-01 1.166369190088994146e-01 -1.374515628462647243e-01 1.000000000000000000e+00 0.000000000000000000e+00 0.000000000000000000e+00 0.000000000000000000e+00 0.000000000000000000e+00 0.000000000000000000e+00 0.000000000000000000e+00 0.000000000000000000e+00 0.000000000000000000e+00 0.000000000000000000e+00 0.000000000000000000e+00 0.000000000000000000e+00 0.000000000000000000e+00 0.000000000000000000e+00 0.000000000000000000e+00 0.000000000000000000e+00 0.000000000000000000e+00 0.000000000000000000e+00 0.000000000000000000e+00 0.000000000000000000e+00 0.000000000000000000e+00 0.000000000000000000e+00 0.000000000000000000e+00 0.000000000000000000e+00 0.000000000000000000e+00 0.000000000000000000e+00 0.000000000000000000e+00 0.000000000000000000e+00 0.000000000000000000e+00 0.000000000000000000e+00 0.000000000000000000e+00 0.000000000000000000e+00 0.000000000000000000e+00 0.000000000000000000e+00 0.000000000000000000e+00 0.000000000000000000e+00 0.000000000000000000e+00 0.000000000000000000e+00 0.000000000000000000e+00 0.000000000000000000e+00 0.000000000000000000e+00 0.000000000000000000e+00 0.000000000000000000e+00 0.000000000000000000e+00 0.000000000000000000e+00 0.000000000000000000e+00 0.000000000000000000e+00 0.000000000000000000e+00 0.000000000000000000e+00 0.000000000000000000e+00 0.000000000000000000e+00 0.000000000000000000e+00 0.000000000000000000e+00 0.000000000000000000e+00 0.000000000000000000e+00 0.000000000000000000e+00 0.000000000000000000e+00 0.000000000000000000e+00 0.000000000000000000e+00 0.000000000000000000e+00 0.000000000000000000e+00 0.000000000000000000e+00 0.000000000000000000e+00 0.000000000000000000e+00 0.000000000000000000e+00 0.000000000000000000e+00 0.000000000000000000e+00 0.000000000000000000e+00 0.000000000000000000e+00 0.000000000000000000e+00 0.000000000000000000e+00 0.000000000000000000e+00 0.000000000000000000e+00 0.000000000000000000e+00 0.000000000000000000e+00 0.000000000000000000e+00 0.000000000000000000e+00 0.000000000000000000e+00 0.000000000000000000e+00 0.000000000000000000e+00 0.000000000000000000e+00 0.000000000000000000e+00 0.000000000000000000e+00 0.000000000000000000e+00 0.000000000000000000e+00 0.000000000000000000e+00 0.000000000000000000e+00
9.828742767177527373e-01 4.491437358770235533e-01 -6.323426276734439577e-01 2.708251669585158283e-01 -5.293239299290161126e-01 -1.994662874997644275e+00 2.397295353456669054e-01 1.000674599800106090e+00 1.145211781618679647e-02 -1.562687547415465283e-01 -2.559414668697423068e+00 7.519395277021418966e-01 1.614612790669783526e-01 5.447732000263112717e-02 1.000000000000000000e+00 0.000000000000000000e+00 0.000000000000000000e+00 0.000000000000000000e+00 0.000000000000000000e+00 0.000000000000000000e+00 0.000000000000000000e+00 0.000000000000000000e+00 0.000000000000000000e+00 0.000000000000000000e+00 0.000000000000000000e+00 0.000000000000000000e+00 0.000000000000000000e+00 0.000000000000000000e+00 0.000000000000000000e+00 0.000000000000000000e+00 0.000000000000000000e+00 0.000000000000000000e+00 0.000000000000000000e+00 0.000000000000000000e+00 0.000000000000000000e+00 0.000000000000000000e+00 0.000000000000000000e+00 0.000000000000000000e+00 0.000000000000000000e+00 0.000000000000000000e+00 0.000000000000000000e+00 0.000000000000000000e+00 0.000000000000000000e+00 0.000000000000000000e+00 0.000000000000000000e+00 0.000000000000000000e+00 0.000000000000000000e+00 0.000000000000000000e+00 0.000000000000000000e+00 0.000000000000000000e+00 0.000000000000000000e+00 0.000000000000000000e+00 0.000000000000000000e+00 0.000000000000000000e+00 0.000000000000000000e+00 0.000000000000000000e+00 0.000000000000000000e+00 0.000000000000000000e+00 0.000000000000000000e+00 0.000000000000000000e+00 0.000000000000000000e+00 0.000000000000000000e+00 0.000000000000000000e+00 0.000000000000000000e+00 0.000000000000000000e+00 0.000000000000000000e+00 0.000000000000000000e+00 0.000000000000000000e+00 0.000000000000000000e+00 0.000000000000000000e+00 0.000000000000000000e+00 0.000000000000000000e+00 0.000000000000000000e+00 0.000000000000000000e+00 0.000000000000000000e+00 0.000000000000000000e+00 0.000000000000000000e+00 0.000000000000000000e+00 0.000000000000000000e+00 0.000000000000000000e+00 0.000000000000000000e+00 0.000000000000000000e+00 0.000000000000000000e+00 0.000000000000000000e+00 0.000000000000000000e+00 0.000000000000000000e+00 0.000000000000000000e+00 0.000000000000000000e+00 0.000000000000000000e+00 0.000000000000000000e+00 0.000000000000000000e+00 0.000000000000000000e+00 0.000000000000000000e+00 0.000000000000000000e+00 0.000000000000000000e+00 0.000000000000000000e+00 0.000000000000000000e+00 0.000000000000000000e+00 0.000000000000000000e+00 0.000000000000000000e+00
-7.540338447004623079e-01 -7.988942067056664653e-01 2.517608685467048746e-01 1.105985876421535924e-01 7.882094781051650623e-01 2.488582696524849869e+00 -7.766105081353954498e-01 -1.556049566379238636e+00 -1.369945497918608979e+00 1.305274123608403336e+00 7.967903877285203329e+00 -2.308722817947232553e+00 -8.175844343043980889e-01 5.919970756682430668e+00 7.205277547515525072e-01 1.000000000000000000e+00 0.000000000000000000e+00 0.000000000000000000e+00 0.000000000000000000e+00 0.000000000000000000e+00 0.000000000000000000e+00 0.000000000000000000e+00 0.000000000000000000e+00 0.000000000000000000e+00 0.000000000000000000e+00 0.000000000000000000e+00 0.000000000000000000e+00 0.000000000000000000e+00 0.000000000000000000e+00 0.000000000000000000e+00 0.000000000000000000e+00 0.000000000000000000e+00 0.000000000000000000e+00 0.000000000000000000e+00 0.000000000000000000e+00 0.000000000000000000e+00 0.000000000000000000e+00 0.000000000000000000e+00 0.000000000000000000e+00 0.000000000000000000e+00 0.000000000000000000e+00 0.000000000000000000e+00 0.000000000000000000e+00 0.000000000000000000e+00 0.000000000000000000e+00 0.000000000000000000e+00 0.000000000000000000e+00 0.000000000000000000e+00 0.000000000000000000e+00 0.000000000000000000e+00 0.000000000000000000e+00 0.000000000000000000e+00 0.000000000000000000e+00 0.000000000000000000e+00 0.000000000000000000e+00 0.000000000000000000e+00 0.000000000000000000e+00 0.000000000000000000e+00 0.000000000000000000e+00 0.000000000000000000e+00 0.000000000000000000e+00 0.000000000000000000e+00 0.000000000000000000e+00 0.000000000000000000e+00 0.000000000000000000e+00 0.000000000000000000e+00 0.000000000000000000e+00 0.000000000000000000e+00 0.000000000000000000e+00 0.000000000000000000e+00 0.000000000000000000e+00 0.000000000000000000e+00 0.000000000000000000e+00 0.000000000000000000e+00 0.000000000000000000e+00 0.000000000000000000e+00 0.000000000000000000e+00 0.000000000000000000e+00 0.000000000000000000e+00 0.000000000000000000e+00 0.000000000000000000e+00 0.000000000000000000e+00 0.000000000000000000e+00 0.000000000000000000e+00 0.000000000000000000e+00 0.000000000000000000e+00 0.000000000000000000e+00 0.000000000000000000e+00 0.000000000000000000e+00 0.000000000000000000e+00 0.000000000000000000e+00 0.000000000000000000e+00 0.000000000000000000e+00 0.000000000000000000e+00 0.000000000000000000e+00 0.000000000000000000e+00 0.000000000000000000e+00 0.000000000000000000e+00 0.000000000000000000e+00 0.000000000000000000e+00
1.002410980614544034e+00 8.334311589570175816e-01 3.496685510858813295e+00 -3.143114999654708530e+00 4.753677633047708184e-01 2.956156946822353082e-01 4.645074087595104095e-01 -2.271785423108734284e-02 3.155598796520996396e-01 -6.762135154474641086e-01 -4.066670548407090857e-01 2.517572491565813753e-01 -5.695371651335761438e-04 3.489209144041386601e+00 9.964832984951835226e-03 -1.243640906232886589e+00 1.000000000000000000e+00 0.000000000000000000e+00 0.000000000000000000e+00 0.000000000000000000e+00 0.000000000000000000e+00 0.000000000000000000e+00 0.000000000000000000e+00 0.000000000000000000e+00 0.000000000000000000e+00 0.000000000000000000e+00 0.000000000000000000e+00 0.000000000000000000e+00 0.000000000000000000e+00 0.000000000000000000e+00 0.000000000000000000e+00 0.000000000000000000e+00 0.000000000000000000e+00 0.000000000000000000e+00 0.000000000000000000e+00 0.000000000000000000e+00 0.000000000000000000e+00 0.000000000000000000e+00 0.000000000000000000e+00 0.000000000000000000e+00 0.000000000000000000e+00 0.000000000000000000e+00 0.000000000000000000e+00 0.000000000000000000e+00 0.000000000000000000e+00 0.000000000000000000e+00 0.000000000000000000e+00 0.000000000000000000e+00 0.000000000000000000e+00 0.000000000000000000e+00 0.000000000000000000e+00 0.000000000000000000e+00 0.000000000000000000e+00 0.000000000000000000e+00 0.000000000000000000e+00 0.000000000000000000e+00 0.000000000000000000e+00 0.000000000000000000e+00 0.000000000000000000e+00 0.000000000000000000e+00 0.000000000000000000e+00 0.000000000000000000e+00 0.000000000000000000e+00 0.000000000000000000e+00 0.000000000000000000e+00 0.000000000000000000e+00 0.000000000000000000e+00 0.000000000000000000e+00 0.000000000000000000e+00 0.000000000000000000e+00 0.000000000000000000e+00 0.000000000000000000e+00 0.000000000000000000e+00 0.000000000000000000e+00 0.000000000000000000e+00 0.000000000000000000e+00 0.000000000000000000e+00 0.000000000000000000e+00 0.000000000000000000e+00 0.000000000000000000e+00 0.000000000000000000e+00 0.000000000000000000e+00 0.000000000000000000e+00 0.000000000000000000e+00 0.000000000000000000e+00 0.000000000000000000e+00 0.000000000000000000e+00 0.000000000000000000e+00 0.000000000000000000e+00 0.000000000000000000e+00 0.000000000000000000e+00 0.000000000000000000e+00 0.000000000000000000e+00 0.000000000000000000e+00 0.000000000000000000e+00 0.000000000000000000e+00 0.000000000000000000e+00 0.000000000000000000e+00 0.000000000000000000e+00 0.000000000000000000e+00
1.119038427858547902e+00 1.720958406338322755e+00 6.557134419482560261e+00 -6.938972841941203562e+00 2.524555392893955030e+00 3.691935739201574584e+00 -2.358012870820542020e-02 -2.716376723058975706e+00 -5.553954366686685296e-01 2.627661471995418108e+00 8.718507323988841762e+00 -2.544902600262310965e+00 -3.407684551223098546e-01 6.806578602355783048e+00 1.878542975957618599e-01 1.335218551475144899e+00 1.294649746390674760e-01 1.000000000000000000e+00 0.000000000000000000e+00 0.000000000000000000e+00 0.000000000000000000e+00 0.000000000000000000e+00 0.000000000000000000e+00 0.000000000000000000e+00 0.000000000000000000e+00 0.000000000000000000e+00 0.000000000000000000e+00 0.000000000000000000e+00 0.000000000000000000e+00 0.000000000000000000e+00 0.000000000000000000e+00 0.000000000000000000e+00 0.000000000000000000e+00 0.000000000000000000e+00 0.000000000000000000e+00 0.000000000000000000e+00 0.000000000000000000e+00 0.000000000000000000e+00 0.000000000000000000e+00 0.000000000000000000e+00 0.000000000000000000e+00 0.000000000000000000e+00 0.000000000000000000e+00 0.000000000000000000e+00 0.000000000000000000e+00 0.000000000000000000e+00 0.000000000000000000e+00 0.000000000000000000e+00 0.000000000000000000e+00 0.000000000000000000e+00 0.000000000000000000e+00 0.000000000000000000e+00 0.000000000000000000e+00 0.000000000000000000e+00 0.000000000000000000e+00 0.000000000000000000e+00 0.000000000000000000e+00 0.000000000000000000e+00 0.000000000000000000e+00 0.000000000000000000e+00 0.000000000000000000e+00 0.000000000000000000e+00 0.000000000000000000e+00 0.000000000000000000e+00 0.000000000000000000e+00 0.000000000000000000e+00 0.000000000000000000e+00 0.000000000000000000e+00 0.000000000000000000e+00 0.000000000000000000e+00 0.000000000000000000e+00 0.000000000000000000e+00 0.000000000000000000e+00 0.000000000000000000e+00 0.000000000000000000e+00 0.000000000000000000e+00 0.000000000000000000e+00 0.000000000000000000e+00 0.000000000000000000e+00 0.000000000000000000e+00 0.000000000000000000e+00 0.000000000000000000e+00 0.000000000000000000e+00 0.000000000000000000e+00 0.000000000000000000e+00 0.000000000000000000e+00 0.000000000000000000e+00 0.000000000000000000e+00 0.000000000000000000e+00 0.000000000000000000e+00 0.000000000000000000e+00 0.000000000000000000e+00 0.000000000000000000e+00 0.000000000000000000e+00 0.000000000000000000e+00 0.000000000000000000e+00 0.000000000000000000e+00 0.000000000000000000e+00 0.000000000000000000e+00 0.000000000000000000e+00
-1.010295182429987060e+00 -1.337097321587798593e+00 -3.516178324852635928e+00 3.541373577467973099e+00 -1.104744108211357934e-01 5.867966444508239121e-01 -9.544688293165615178e-01 -4.926979241309378255e-01 -1.525395988981336881e+00 -8.300922161373769370e-02 2.259012177471284133e+00 -7.792088992838566153e-01 -2.408280384453286016e-01 2.980017822595390165e+00 3.622685687739528038e-01 1.745608445021643140e+00 -6.465300575181714970e-01 3.663742565689874775e-01 1.000000000000000000e+00 0.000000000000000000e+00 0.000000000000000000e+00 0.000000000000000000e+00 0.000000000000000000e+00 0.000000000000000000e+00 0.000000000000000000e+00 0.000000000000000000e+00 0.000000000000000000e+00 0.000000000000000000e+00 0.000000000000000000e+00 0.000000000000000000e+00 0.000000000000000000e+00 0.000000000000000000e+00 0.000000000000000000e+00 0.000000000000000000e+00 0.000000000000000000e+00 0.000000000000000000e+00 0.000000000000000000e+00 0.000000000000000000e+00 0.000000000000000000e+00 0.000000000000000000e+00 0.000000000000000000e+00 0.000000000000000000e+00 0.000000000000000000e+00 0.000000000000000000e+00 0.000000000000000000e+00 0.000000000000000000e+00 0.000000000000000000e+00 0.000000000000000000e+00 0.000000000000000000e+00 0.000000000000000000e+00 0.000000000000000000e+00 0.000000000000000000e+00 0.000000000000000000e+00 0.000000000000000000e+00 0.000000000000000000e+00 0.000000000000000000e+00 0.000000000000000000e+00 0.000000000000000000e+00 0.000000000000000000e+00 0.000000000000000000e+00 0.000000000000000000e+00 0.000000000000000000e+00 0.000000000000000000e+00 0.000000000000000000e+00 0.000000000000000000e+00 0.000000000000000000e+00 0.000000000000000000e+00 0.000000000000000000e+00 0.000000000000000000e+00 0.000000000000000000e+00 0.000000000000000000e+00 0.000000000000000000e+00 0.000000000000000000e+00 0.000000000000000000e+00 0.000000000000000000e+00 0.000000000000000000e+00 0.000000000000000000e+00 0.000000000000000000e+00 0.000000000000000000e+00 0.000000000000000000e+00 0.000000000000000000e+00 0.000000000000000000e+00 0.000000000000000000e+00 0.000000000000000000e+00 0.000000000000000000e+00 0.000000000000000000e+00 0.000000000000000000e+00 0.000000000000000000e+00 0.000000000000000000e+00 0.000000000000000000e+00 0.000000000000000000e+00 0.000000000000000000e+00 0.000000000000000000e+00 0.000000000000000000e+00 0.000000000000000000e+00 0.000000000000000000e+00 0.000000000000000000e+00 0.000000000000000000e+00 0.000000000000000000e+00 0.000000000000000000e+00
-9.119127982749376110e-03 -1.758583097302864884e-01 -1.434469180434459590e+00 1.764544958766473659e+00 -1.341323950341400728e+00 -4.240381504639019639e+00 5.350790614306056847e-01 2.742011067118830692e+00 3.440769111087553789e-01 1.307614886278374300e+00 -1.841756075461926434e+00 7.424698033313729129e-01 9.705875961443431732e-02 -1.043573641978224664e+01 3.459613041427736846e+00 2.441047594331792858e+00 -2.399176883458672194e+00 -1.612145555353268200e+00 -9.392309029225875960e-01 1.000000000000000000e+00 0.000000000000000000e+00 0.000000000000000000e+00 0.000000000000000000e+00 0.000000000000000000e+00 0.000000000000000000e+00 0.000000000000000000e+00 0.000000000000000000e+00 0.000000000000000000e+00 0.000000000000000000e+00 0.000000000000000000e+00 0.000000000000000000e+00 0.000000000000000000e+00 0.000000000000000000e+00 0.000000000000000000e+00 0.000000000000000000e+00 0.000000000000000000e+00 0.000000000000000000e+00 0.000000000000000000e+00 0.000000000000000000e+00 0.000000000000000000e+00 0.000000000000000000e+00 0.000000000000000000e+00 0.000000000000000000e+00 0.000000000000000000e+00 0.000000000000000000e+00 0.000000000000000000e+00 0.000000000000000000e+00 0.000000000000000000e+00 0.000000000000000000e+00 0.000000000000000000e+00 0.000000000000000000e+00 0.000000000000000000e+00 0.000000000000000000e+00 0.000000000000000000e+00 0.000000000000000000e+00 0.000000000000000000e+00 0.000000000000000000e+00 0.000000000000000000e+00 0.000000000000000000e+00 0.000000000000000000e+00 0.000000000000000000e+00 0.000000000000000000e+00 0.000000000000000000e+00 0.000000000000000000e+00 0.000000000000000000e+00 0.000000000000000000e+00 0.000000000000000000e+00 0.000000000000000000e+00 0.000000000000000000e+00 0.000000000000000000e+00 0.000000000000000000e+00 0.000000000000000000e+00 0.000000000000000000e+00 0.000000000000000000e+00 0.000000000000000000e+00 0.000000000000000000e+00 0.000000000000000000e+00 0.000000000000000000e+00 0.000000000000000000e+00 0.000000000000000000e+00 0.000000000000000000e+00 0.000000000000000000e+00 0.000000000000000000e+00 0.000000000000000000e+00 0.000000000000000000e+00 0.000000000000000000e+00 0.000000000000000000e+00 0.000000000000000000e+00 0.000000000000000000e+00 0.000000000000000000e+00 0.000000000000000000e+00 0.000000000000000000e+00 0.000000000000000000e+00 0.000000000000000000e+00 0.000000000000000000e+00 0.000000000000000000e+00 0.000000000000000000e+00 0.000000000000000000e+00 0.000000000000000000e+00 0.000000000000000000e+00
2.734836453293340575e-01 7.953838001848555495e-01 -2.454631473460330060e+00 2.032244545511239231e+00 -7.330455156371419312e-01 -1.644801297348307489e+00 2.156042763982629895e-01 6.545504526833716419e-01 -4.538726401861937210e-01 2.910348098753758883e+00 1.439776127403328720e+00 -4.840810787713214491e-01 5.005254415635535664e-02 -8.009904098269840844e+00 1.416791370324849808e+00 2.325462713957992644e+00 -1.999219934414205424e+00 8.593206782329987359e-02 -2.271254225571841534e+00 5.800092811782502356e-01 1.000000000000000000e+00 0.000000000000000000e+00 0.000000000000000000e+00 0.000000000000000000e+00 0.000000000000000000e+00 0.000000000000000000e+00 0.000000000000000000e+00 0.000000000000000000e+00 0.000000000000000000e+00 0.000000000000000000e+00 0.000000000000000000e+00 0.000000000000000000e+00 0.000000000000000000e+00 0.000000000000000000e+00 0.000000000000000000e+00 0.000000000000000000e+00 0.000000000000000000e+00 0.000000000000000000e+00 0.000000000000000000e+00 0.000000000000000000e+00 0.000000000000000000e+00 0.000000000000000000e+00 0.000000000000000000e+00 0.000000000000000000e+00 0.000000000000000000e+00 0.000000000000000000e+00 0.000000000000000000e+00 0.000000000000000000e+00 0.000000000000000000e+00 0.000000000000000000e+00 0.000000000000000000e+00 0.000000000000000000e+00 0.000000000000000000e+00 0.000000000000000000e+00 0.000000000000000000e+00 0.000000000000000000e+00 0.000000000000000000e+00 0.000000000000000000e+00 0.000000000000000000e+00 0.000000000000000000e+00 0.000000000000000000e+00 0.000000000000000000e+00 0.000000000000000000e+00 0.000000000000000000e+00 0.000000000000000000e+00 0.000000000000000000e+00 0.000000000000000000e+00 0.000000000000000000e+00 0.000000000000000000e+00 0.000000000000000000e+00 0.000000000000000000e+00 0.000000000000000000e+00 0.000000000000000000e+00 0.000000000000000000e+00 0.000000000000000000e+00 0.000000000000000000e+00 0.000000000000000000e+00 0.000000000000000000e+00 0.000000000000000000e+00 0.000000000000000000e+00 0.000000000000000000e+00 0.000000000000000000e+00 0.000000000000000000e+00 0.000000000000000000e+00 0.000000000000000000e+00 0.000000000000000000e+00 0.000000000000000000e+00 0.000000000000000000e+00 0.000000000000000000e+00 0.000000000000000000e+00 0.000000000000000000e+00 0.000000000000000000e+00 0.000000000000000000e+00 0.000000000000000000e+00 0.000000000000000000e+00 0.000000000000000000e+00 0.000000000000000000e+00 0.000000000000000000e+00 0.000000000000000000e+00 0.000000000000000000e+00
-8.701818274955060994e-01 -1.689087735210799690e-01 -3.175408542840620463e+00 3.320644753979801411e+00 -1.053336787810089437e+00 -1.649613755101072554e+00 1.569415648104745542e-01 1.043471222213986360e+00 3.032780695228595724e-01 -1.318401216987796498e-01 -4.805213285100698783e+00 1.353566673641290796e+00 3.171411789081568511e-01 -5.321735754197559842e+00 1.676370308065247672e+00 1.741965460206258642e+00 -1.628429616434696081e+00 -8.279776495148022386e-01 2.457177888206760308e+00 4.827076812530230465e-01 -1.573829083234091097e+00 1.000000000000000000e+00 0.000000000000000000e+00 0.000000000000000000e+00 0.000000000000000000e+00 0.000000000000000000e+00 0.000000000000000000e+00 0.000000000000000000e+00 0.000000000000000000e+00 0.000000000000000000e+00 0.000000000000000000e+00 0.000000000000000000e+00 0.000000000000000000e+00 0.000000000000000000e+00 0.000000000000000000e+00 0.000000000000000000e+00 0.000000000000000000e+00 0.000000000000000000e+00 0.000000000000000000e+00 0.000000000000000000e+00 0.000000000000000000e+00 0.000000000000000000e+00 0.000000000000000000e+00 0.000000000000000000e+00 0.000000000000000000e+00 0.000000000000000000e+00 0.000000000000000000e+00 0.000000000000000000e+00 0.000000000000000000e+00 0.000000000000000000e+00 0.000000000000000000e+00 0.000000000000000000e+00 0.000000000000000000e+00 0.000000000000000000e+00 0.000000000000000000e+00 0.000000000000000000e+00 0.000000000000000000e+00 0.000000000000000000e+00 0.000000000000000000e+00 0.000000000000000000e+00 0.000000000000000000e+00 0.000000000000000000e+00 0.000000000000000000e+00 0.000000000000000000e+00 0.000000000000000000e+00 0.000000000000000000e+00 0.000000000000000000e+00 0.000000000000000000e+00 0.000000000000000000e+00 0.000000000000000000e+00 0.000000000000000000e+00 0.000000000000000000e+00 0.000000000000000000e+00 0.000000000000000000e+00 0.000000000000000000e+00 0.000000000000000000e+00 0.000000000000000000e+00 0.000000000000000000e+00 0.000000000000000000e+00 0.000000000000000000e+00 0.000000000000000000e+00 0.000000000000000000e+00 0.000000000000000000e+00 0.000000000000000000e+00 0.000000000000000000e+00 0.000000000000000000e+00 0.000000000000000000e+00 0.000000000000000000e+00 0.000000000000000000e+00 0.000000000000000000e+00 0.000000000000000000e+00 0.000000000000000000e+00 0.000000000000000000e+00 0.000000000000000000e+00 0.000000000000000000e+00 0.000000000000000000e+00 0.000000000000000000e+00 0.000000000000000000e+00 0.000000000000000000e+00 0.000000000000000000e+00
-1.546681395160480310e+00 -2.511643357647711738e+00 -8.689595232424306426e-01 2.157059142329815327e+00 -1.010653799803054476e+00 -4.165009135022213371e+00 -7.860377882204676314e-02 2.861094235565493360e+00 -6.383531415158658628e-01 -3.589303168649094822e+00 -9.310574629978422223e+00 2.400910956463907731e+00 3.314328228984352309e-01 -2.560853170724711969e+00 4.712059368648653379e-01 -1.072304334456609221e+00 1.042956483900165932e-01 -1.296420994521120695e+00 3.583256270089678619e+00 1.093550827162768968e+00 -1.887863080526349879e+00 -1.631842793833528482e+00 1.000000000000000000e+00 0.000000000000000000e+00 0.000000000000000000e+00 0.000000000000000000e+00 0.000000000000000000e+00 0.000000000000000000e+00 0.000000000000000000e+00 0.000000000000000000e+00 0.000000000000000000e+00 0.000000000000000000e+00 0.000000000000000000e+00 0.000000000000000000e+00 0.000000000000000000e+00 0.000000000000000000e+00 0.000000000000000000e+00 0.000000000000000000e+00 0.000000000000000000e+00 0.000000000000000000e+00 0.000000000000000000e+00 0.000000000000000000e+00 0.000000000000000000e+00 0.000000000000000000e+00 0.000000000000000000e+00 0.000000000000000000e+00 0.000000000000000000e+00 0.000000000000000000e+00 0.000000000000000000e+00 0.000000000000000000e+00 0.000000000000000000e+00 0.000000000000000000e+00 0.000000000000000000e+00 0.000000000000000000e+00 0.000000000000000000e+00 0.000000000000000000e+00 0.000000000000000000e+00 0.000000000000000000e+00 0.000000000000000000e+00 0.000000000000000000e+00 0.000000000000000000e+00 0.000000000000000000e+00 0.000000000000000000e+00 0.000000000000000000e+00 0.000000000000000000e+00 0.000000000000000000e+00 0.000000000000000000e+00 0.000000000000000000e+00 0.000000000000000000e+00 0.000000000000000000e+00 0.000000000000000000e+00 0.000000000000000000e+00 0.000000000000000000e+00 0.000000000000000000e+00 0.000000000000000000e+00 0.000000000000000000e+00 0.000000000000000000e+00 0.000000000000000000e+00 0.000000000000000000e+00 0.000000000000000000e+00 0.000000000000000000e+00 0.000000000000000000e+00 0.000000000000000000e+00 0.000000000000000000e+00 0.000000000000000000e+00 0.000000000000000000e+00 0.000000000000000000e+00 0.000000000000000000e+00 0.000000000000000000e+00 0.000000000000000000e+00 0.000000000000000000e+00 0.000000000000000000e+00 0.000000000000000000e+00 0.000000000000000000e+00 0.000000000000000000e+00 0.000000000000000000e+00 0.000000000000000000e+00 0.000000000000000000e+00 0.000000000000000000e+00 0.000000000000000000e+00
-1.207734301868502502e+00 -1.630845451142786562e+00 -2.406155978356488756e+00 3.271033441518143015e+00 -1.314813357127626370e+00 -3.492277959430171830e+00 7.265584151645436417e-02 1.831372650958920323e+00 -8.582282701509267309e-01 3.561718688861346571e+00 2.977242012921582859e+00 -8.217626680308026677e-01 -2.921529381853222862e-01 -9.583722858023657309e+00 3.122315680577776753e+00 2.698264050962043470e+00 -2.511175783696871999e+00 -1.431339830360384147e+00 3.024507446116355136e-01 1.048970844696346605e+00 -3.277129776690067553e-01 -2.805053875502309668e-01 2.756671538422722501e-01 1.000000000000000000e+00 0.000000000000000000e+00 0.000000000000000000e+00 0.000000000000000000e+00 0.000000000000000000e+00 0.000000000000000000e+00 0.000000000000000000e+00 0.000000000000000000e+00 0.000000000000000000e+00 0.000000000000000000e+00 0.000000000000000000e+00 0.000000000000000000e+00 0.000000000000000000e+00 0.000000000000000000e+00 0.000000000000000000e+00 0.000000000000000000e+00 0.000000000000000000e+00 0.000000000000000000e+00 0.000000000000000000e+00 0.000000000000000000e+00 0.000000000000000000e+00 0.000000000000000000e+00 0.000000000000000000e+00 0.000000000000000000e+00 0.000000000000000000e+00 0.000000000000000000e+00 0.000000000000000000e+00 0.000000000000000000e+00 0.000000000000000000e+00 0.000000000000000000e+00 0.000000000000000000e+00 0.000000000000000000e+00 0.000000000000000000e+00 0.000000000000000000e+00 0.000000000000000000e+00 0.000000000000000000e+00 0.000000000000000000e+00 0.000000000000000000e+00 0.000000000000000000e+00 0.000000000000000000e+00 0.000000000000000000e+00 0.000000000000000000e+00 0.000000000000000000e+00 0.000000000000000000e+00 0.000000000000000000e+00 0.000000000000000000e+00 0.000000000000000000e+00 0.000000000000000000e+00 0.000000000000000000e+00 0.000000000000000000e+00 0.000000000000000000e+00 0.000000000000000000e+00 0.000000000000000000e+00 0.000000000000000000e+00 0.000000000000000000e+00 0.000000000000000000e+00 0.000000000000000000e+00 0.000000000000000000e+00 0.000000000000000000e+00 0.000000000000000000e+00 0.000000000000000000e+00 0.000000000000000000e+00 0.000000000000000000e+00 0.000000000000000000e+00 0.000000000000000000e+00 0.000000000000000000e+00 0.000000000000000000e+00 0.000000000000000000e+00 0.000000000000000000e+00 0.000000000000000000e+00 0.000000000000000000e+00 0.000000000000000000e+00 0.000000000000000000e+00 0.000000000000000000e+00 0.000000000000000000e+00 0.000000000000000000e+00 0.000000000000000000e+00
2.870260341716093233e-01 5.047295110534655294e-01 4.031871089771793315e+00 -3.666367457121498141e+00 1.086234611678351003e+00 9.034141354106021149e-01 9.019042705397802007e-02 7.024956903952486384e-03 -3.523755170643718682e-01 -8.792171508948747327e-01 -1.454485461960572934e+00 2.616772580989153441e-01 2.253231446355224155e-01 -2.341561869073292002e+00 3.631345698255057375e-01 1.418400221711430209e+00 -1.123876563449426103e+00 -2.519628207254553387e-01 1.000683006207386816e+00 -1.309922561439140098e+00 -9.880745214118815678e-01 3.715930241659844313e+00 -1.539661529635306225e+00 -4.189505111518994518e+00 1.000000000000000000e+00 0.000000000000000000e+00 0.000000000000000000e+00 0.000000000000000000e+00 0.000000000000000000e+00 0.000000000000000000e+00 0.000000000000000000e+00 0.000000000000000000e+00 0.000000000000000000e+00 0.000000000000000000e+00 0.000000000000000000e+00 0.000000000000000000e+00 0.000000000000000000e+00 0.000000000000000000e+00 0.000000000000000000e+00 0.000000000000000000e+00 0.000000000000000000e+00 0.000000000000000000e+00 0.000000000000000000e+00 0.000000000000000000e+00 0.000000000000000000e+00 0.000000000000000000e+00 0.000000000000000000e+00 0.000000000000000000e+00 0.000000000000000000e+00 0.000000000000000000e+00 0.000000000000000000e+00 0.000000000000000000e+00 0.000000000000000000e+00 0.000000000000000000e+00 0.000000000000000000e+00 0.000000000000000000e+00 0.000000000000000000e+00 0.000000000000000000e+00 0.000000000000000000e+00 0.000000000000000000e+00 0.000000000000000000e+00 0.000000000000000000e+00 0.000000000000000000e+00 0.000000000000000000e+00 0.000000000000000000e+00 0.000000000000000000e+00 0.000000000000000000e+00 0.000000000000000000e+00 0.000000000000000000e+00 0.000000000000000000e+00 0.000000000000000000e+00 0.000000000000000000e+00 0.000000000000000000e+00 0.000000000000000000e+00 0.000000000000000000e+00 0.000000000000000000e+00 0.000000000000000000e+00 0.000000000000000000e+00 0.000000000000000000e+00 0.000000000000000000e+00 0.000000000000000000e+00 0.000000000000000000e+00 0.000000000000000000e+00 0.000000000000000000e+00 0.000000000000000000e+00 0.000000000000000000e+00 0.000000000000000000e+00 0.000000000000000000e+00 0.000000000000000000e+00 0.000000000000000000e+00 0.000000000000000000e+00 0.000000000000000000e+00 0.000000000000000000e+00 0.000000000000000000e+00 0.000000000000000000e+00 0.000000000000000000e+00 0.000000000000000000e+00 0.000000000000000000e+00 0.000000000000000000e+00 0.000000000000000000e+00
-1.733369025430431254e+00 -2.200951497002223256e+00 -6.860729452260311056e+00 7.141826292788119979e+00 -1.988431187706199532e+00 -3.010312787383223831e+00 -5.818596124886562526e-01 1.389791092192500743e+00 -2.270189397986534185e+00 2.211681701287453450e+00 2.130975714864816517e+00 -8.706554166170389353e-01 -9.020137838195166347e-02 -5.861637944121812716e+00 6.658202285919910812e-01 2.089907175795109318e+00 -1.786304431836364559e+00 4.879595186313636090e-01 -4.324740410130432089e+00 -7.070000753314948927e-01 1.710282336246934820e+00 2.385812965689610987e+00 -1.361719147344089276e+00 -4.915014065014450040e+00 1.501713334770655495e+00 1.000000000000000000e+00 0.000000000000000000e+00 0.000000000000000000e+00 0.000000000000000000e+00 0.000000000000000000e+00 0.000000000000000000e+00 0.000000000000000000e+00 0.000000000000000000e+00 0.000000000000000000e+00 0.000000000000000000e+00 0.000000000000000000e+00 0.000000000000000000e+00 0.000000000000000000e+00 0.000000000000000000e+00 0.000000000000000000e+00 0.000000000000000000e+00 0.000000000000000000e+00 0.000000000000000000e+00 0.000000000000000000e+00 0.000000000000000000e+00 0.000000000000000000e+00 0.000000000000000000e+00 0.000000000000000000e+00 0.000000000000000000e+00 0.000000000000000000e+00 0.000000000000000000e+00 0.000000000000000000e+00 0.000000000000000000e+00 0.000000000000000000e+00 0.000000000000000000e+00 0.000000000000000000e+00 0.000000000000000000e+00 0.000000000000000000e+00 0.000000000000000000e+00 0.000000000000000000e+00 0.000000000000000000e+00 0.000000000000000000e+00 0.000000000000000000e+00 0.000000000000000000e+00 0.000000000000000000e+00 0.000000000000000000e+00 0.000000000000000000e+00 0.000000000000000000e+00 0.000000000000000000e+00 0.000000000000000000e+00 0.000000000000000000e+00 0.000000000000000000e+00 0.000000000000000000e+00 0.000000000000000000e+00 0.000000000000000000e+00 0.000000000000000000e+00 0.000000000000000000e+00 0.000000000000000000e+00 0.000000000000000000e+00 0.000000000000000000e+00 0.000000000000000000e+00 0.000000000000000000e+00 0.000000000000000000e+00 0.000000000000000000e+00 0.000000000000000000e+00 0.000000000000000000e+00 0.000000000000000000e+00 0.000000000000000000e+00 0.000000000000000000e+00 0.000000000000000000e+00 0.000000000000000000e+00 0.000000000000000000e+00 0.000000000000000000e+00 0.000000000000000000e+00 0.000000000000000000e+00 0.000000000000000000e+00 0.000000000000000000e+00 0.000000000000000000e+00 0.000000000000000000e+00 0.000000000000000000e+00
-1.352630437912126560e+00 -1.931189813946509126e+00 1.294414574920576655e+00 3.132225717891644057e-01 -1.426312494630149474e-01 -1.941242747384378520e+00 -2.283729810777684610e-01 7.369382901167993438e-01 -1.927206076894547038e-02 -1.285363599612080909e+00 1.743184241105724674e-02 2.304256758148881257e-01 -3.306326229823046692e-01 8.530075023985721927e+00 -4.376987422460733579e-01 -3.845200228173286217e+00 2.876427524039971040e+00 -6.566671310697894670e-01 -3.202555744844499674e+00 -1.649900694164162962e+00 2.436538853519498726e+00 -8.089493043624933488e-01 3.059159746809737845e-02 1.428350425823074232e+01 -2.956329925566182570e+00 -6.262710294272874734e+00 1.000000000000000000e+00 0.000000000000000000e+00 0.000000000000000000e+00 0.000000000000000000e+00 0.000000000000000000e+00 0.000000000000000000e+00 0.000000000000000000e+00 0.000000000000000000e+00 0.000000000000000000e+00 0.000000000000000000e+00 0.000000000000000000e+00 0.000000000000000000e+00 0.000000000000000000e+00 0.000000000000000000e+00 0.000000000000000000e+00 0.000000000000000000e+00 0.000000000000000000e+00 0.000000000000000000e+00 0.000000000000000000e+00 0.000000000000000000e+00 0.000000000000000000e+00 0.000000000000000000e+00 0.000000000000000000e+00 0.000000000000000000e+00 0.000000000000000000e+00 0.000000000000000000e+00 0.000000000000000000e+00 0.000000000000000000e+00 0.000000000000000000e+00 0.000000000000000000e+00 0.000000000000000000e+00 0.000000000000000000e+00 0.000000000000000000e+00 0.000000000000000000e+00 0.000000000000000000e+00 0.000000000000000000e+00 0.000000000000000000e+00 0.000000000000000000e+00 0.000000000000000000e+00 0.000000000000000000e+00 0.000000000000000000e+00 0.000000000000000000e+00 0.000000000000000000e+00 0.000000000000000000e+00 0.000000000000000000e+00 0.000000000000000000e+00 0.000000000000000000e+00 0.000000000000000000e+00 0.000000000000000000e+00 0.000000000000000000e+00 0.000000000000000000e+00 0.000000000000000000e+00 0.000000000000000000e+00 0.000000000000000000e+00 0.000000000000000000e+00 0.000000000000000000e+00 0.000000000000000000e+00 0.000000000000000000e+00 0.000000000000000000e+00 0.000000000000000000e+00 0.000000000000000000e+00 0.000000000000000000e+00 0.000000000000000000e+00 0.000000000000000000e+00 0.000000000000000000e+00 0.000000000000000000e+00 0.000000000000000000e+00 0.000000000000000000e+00 0.000000000000000000e+00 0.000000000000000000e+00 0.000000000000000000e+00 0.000000000000000000e+00 0.000000000000000000e+00 0.000000000000000000e+00
1.421005634514887372e+00 1.613372241403956631e+00 4.899453533520147452e+00 -5.412363937965007921e+00 1.247911254699829442e+00 -7.133383465616449648e-01 5.176990711435304204e-01 3.952930416450361473e-01 1.980554451086133927e+00 -4.644510124092560588e+00 -1.172686660489043753e+01 3.290477866321736666e+00 1.088754134655080863e+00 6.261044151482928477e+00 -2.477692816590430613e+00 -3.473823623126060856e+00 2.652008482872224793e+00 8.900718479768712221e-01 3.954341867964427326e+00 7.588180974524941780e-01 -1.478640290214231490e+00 -2.970086516052671488e+00 1.352346138410123189e+00 -3.040600402367465982e-01 -2.175079708553193103e-01 -2.997489937794097226e-01 4.843107344997892375e-03 1.000000000000000000e+00 0.000000000000000000e+00 0.000000000000000000e+00 0.000000000000000000e+00 0.000000000000000000e+00 0.000000000000000000e+00 0.000000000000000000e+00 0.000000000000000000e+00 0.000000000000000000e+00 0.000000000000000000e+00 0.000000000000000000e+00 0.000000000000000000e+00 0.000000000000000000e+00 0.000000000000000000e+00 0.000000000000000000e+00 0.000000000000000000e+00 0.000000000000000000e+00 0.000000000000000000e+00 0.000000000000000000e+00 0.000000000000000000e+00 0.000000000000000000e+00 0.000000000000000000e+00 0.000000000000000000e+00 0.000000000000000000e+00 0.000000000000000000e+00 0.000000000000000000e+00 0.000000000000000000e+00 0.000000000000000000e+00 0.000000000000000000e+00 0.000000000000000000e+00 0.000000000000000000e+00 0.000000000000000000e+00 0.000000000000000000e+00 0.000000000000000000e+00 0.000000000000000000e+00 0.000000000000000000e+00 0.000000000000000000e+00 0.000000000000000000e+00 0.000000000000000000e+00 0.000000000000000000e+00 0.000000000000000000e+00 0.000000000000000000e+00 0.000000000000000000e+00 0.000000000000000000e+00 0.000000000000000000e+00 0.000000000000000000e+00 0.000000000000000000e+00 0.000000000000000000e+00 0.000000000000000000e+00 0.000000000000000000e+00 0.000000000000000000e+00 0.000000000000000000e+00 0.000000000000000000e+00 0.000000000000000000e+00 0.000000000000000000e+00 0.000000000000000000e+00 0.000000000000000000e+00 0.000000000000000000e+00 0.000000000000000000e+00 0.000000000000000000e+00 0.000000000000000000e+00 0.000000000000000000e+00 0.000000000000000000e+00 0.000000000000000000e+00 0.000000000000000000e+00 0.000000000000000000e+00 0.000000000000000000e+00 0.000000000000000000e+00 0.000000000000000000e+00 0.000000000000000000e+00 0.000000000000000000e+00 0.000000000000000000e+00 0.000000000000000000e+00
-1.023155002971706917e+00 -1.829755998612195178e+00 1.754180172897078949e+00 -1.054215145482827021e+00 -2.866348933880217276e-01 -3.644975311635290982e+00 3.730510938827277800e-01 2.692205385586523114e+00 7.009696263294568075e-01 -4.312327099834913469e+00 -1.262462328641558074e+01 3.484364016313034274e+00 8.634821678805276735e-01 3.617311854660207437e+00 8.941562191862555131e-02 -1.109081214893884226e+00 9.214414833771202851e-01 -3.811465898664267993e-01 1.481993748820995771e+00 1.023041153075094245e+00 -4.396356185123610483e-01 -2.313098628556133907e+00 1.145745901553043566e+00 4.401283172640446217e+00 -8.645271512454958396e-01 -1.056968975278310907e+00 2.411532469224875463e-01 -1.718987549596859288e-01 1.000000000000000000e+00 0.000000000000000000e+00 0.000000000000000000e+00 0.000000000000000000e+00 0.000000000000000000e+00 0.000000000000000000e+00 0.000000000000000000e+00 0.000000000000000000e+00 0.000000000000000000e+00 0.000000000000000000e+00 0.000000000000000000e+00 0.000000000000000000e+00 0.000000000000000000e+00 0.000000000000000000e+00 0.000000000000000000e+00 0.000000000000000000e+00 0.000000000000000000e+00 0.000000000000000000e+00 0.000000000000000000e+00 0.000000000000000000e+00 0.000000000000000000e+00 0.000000000000000000e+00 0.000000000000000000e+00 0.000000000000000000e+00 0.000000000000000000e+00 0.000000000000000000e+00 0.000000000000000000e+00 0.000000000000000000e+00 0.000000000000000000e+00 0.000000000000000000e+00 0.000000000000000000e+00 0.000000000000000000e+00 0.000000000000000000e+00 0.000000000000000000e+00 0.000000000000000000e+00 0.000000000000000000e+00 0.000000000000000000e+00 0.000000000000000000e+00 0.000000000000000000e+00 0.000000000000000000e+00 0.000000000000000000e+00 0.000000000000000000e+00 0.000000000000000000e+00 0.000000000000000000e+00 0.000000000000000000e+00 0.000000000000000000e+00 0.000000000000000000e+00 0.000000000000000000e+00 0.000000000000000000e+00 0.000000000000000000e+00 0.000000000000000000e+00 0.000000000000000000e+00 0.000000000000000000e+00 0.000000000000000000e+00 0.000000000000000000e+00 0.000000000000000000e+00 0.000000000000000000e+00 0.000000000000000000e+00 0.000000000000000000e+00 0.000000000000000000e+00 0.000000000000000000e+00 0.000000000000000000e+00 0.000000000000000000e+00 0.000000000000000000e+00 0.000000000000000000e+00 0.000000000000000000e+00 0.000000000000000000e+00 0.000000000000000000e+00 0.000000000000000000e+00 0.000000000000000000e+00 0.000000000000000000e+00 0.000000000000000000e+00
1.072655353800153089e+00 1.931220809182072340e-01 -1.527837713043701751e+00 5.731724952364449788e-01 -2.803157569105089730e-01 8.993625023412871178e-02 -1.415545039134517569e-01 -2.170526947760514913e-01 -1.255259252974330497e+00 3.930598502366228431e+00 7.575278879399289345e+00 -2.268221951751352439e+00 -3.772887778045259655e-01 -4.920115242148990653e+00 1.632590443761964938e+00 3.464125849095365695e+00 -2.302324986802311013e+00 3.894556908971011921e-01 -2.586110722800011863e-01 -6.708225952321790198e-01 -2.307782836530906101e-01 2.949134102282115588e+00 -1.331679168288542492e+00 -7.576275560977479451e+00 2.171442297383764597e+00 3.590847213235266899e+00 -5.401291246068047336e-01 -8.748548163731590943e-01 2.113810261758746645e+00 1.000000000000000000e+00 0.000000000000000000e+00 0.000000000000000000e+00 0.000000000000000000e+00 0.000000000000000000e+00 0.000000000000000000e+00 0.000000000000000000e+00 0.000000000000000000e+00 0.000000000000000000e+00 0.000000000000000000e+00 0.000000000000000000e+00 0.000000000000000000e+00 0.000000000000000000e+00 0.000000000000000000e+00 0.000000000000000000e+00 0.000000000000000000e+00 0.000000000000000000e+00 0.000000000000000000e+00 0.000000000000000000e+00 0.000000000000000000e+00 0.000000000000000000e+00 0.000000000000000000e+00 0.000000000000000000e+00 0.000000000000000000e+00 0.000000000000000000e+00 0.000000000000000000e+00 0.000000000000000000e+00 0.000000000000000000e+00 0.000000000000000000e+00 0.000000000000000000e+00 0.000000000000000000e+00 0.000000000000000000e+00 0.000000000000000000e+00 0.000000000000000000e+00 0.000000000000000000e+00 0.000000000000000000e+00 0.000000000000000000e+00 0.000000000000000000e+00 0.000000000000000000e+00 0.000000000000000000e+00 0.000000000000000000e+00 0.000000000000000000e+00 0.000000000000000000e+00 0.000000000000000000e+00 0.000000000000000000e+00 0.000000000000000000e+00 0.000000000000000000e+00 0.000000000000000000e+00 0.000000000000000000e+00 0.000000000000000000e+00 0.000000000000000000e+00 0.000000000000000000e+00 0.000000000000000000e+00 0.000000000000000000e+00 0.000000000000000000e+00 0.000000000000000000e+00 0.000000000000000000e+00 0.000000000000000000e+00 0.000000000000000000e+00 0.000000000000000000e+00 0.000000000000000000e+00 0.000000000000000000e+00 0.000000000000000000e+00 0.000000000000000000e+00 0.000000000000000000e+00 0.000000000000000000e+00 0.000000000000000000e+00 0.000000000000000000e+00 0.000000000000000000e+00 0.000000000000000000e+00 0.000000000000000000e+00
1.993751560286869395e+00 3.014141946294467633e+00 -7.841225735999403090e-01 -1.115090498520146411e+00 3.238704474763637320e-02 2.162652115919747320e-01 5.207002300304288678e-01 -1.795312827701806002e-01 -2.338356612557249414e-01 2.904253913773981566e+00 2.545474833690711591e+00 -8.732624779007298610e-01 5.114891142764810272e-02 -5.523454067524308009e+00 1.348439435043659707e+00 1.217685287080458423e+00 -1.141907821694183589e+00 -3.536857431628155912e-01 6.060503762154921814e-01 1.726637444691409007e+00 -8.253845209287571372e-01 -1.809883913974671854e+00 7.699964818129418909e-01 -5.788965227667629776e+00 1.819095472648996292e+00 4.243126188196052695e+00 -6.533309962377812363e-01 -3.741229135659714378e-01 9.949571927618426903e-01 -9.999327635036908690e-02 1.000000000000000000e+00 0.000000000000000000e+00 0.000000000000000000e+00 0.000000000000000000e+00 0.000000000000000000e+00 0.000000000000000000e+00 0.000000000000000000e+00 0.000000000000000000e+00 0.000000000000000000e+00 0.000000000000000000e+00 0.000000000000000000e+00 0.000000000000000000e+00 0.000000000000000000e+00 0.000000000000000000e+00 0.000000000000000000e+00 0.000000000000000000e+00 0.000000000000000000e+00 0.000000000000000000e+00 0.000000000000000000e+00 0.000000000000000000e+00 0.000000000000000000e+00 0.000000000000000000e+00 0.000000000000000000e+00 0.000000000000000000e+00 0.000000000000000000e+00 0.000000000000000000e+00 0.000000000000000000e+00 0.000000000000000000e+00 0.000000000000000000e+00 0.000000000000000000e+00 0.000000000000000000e+00 0.000000000000000000e+00 0.000000000000000000e+00 0.000000000000000000e+00 0.000000000000000000e+00 0.000000000000000000e+00 0.000000000000000000e+00 0.000000000000000000e+00 0.000000000000000000e+00 0.000000000000000000e+00 0.000000000000000000e+00 0.000000000000000000e+00 0.000000000000000000e+00 0.000000000000000000e+00 0.000000000000000000e+00 0.000000000000000000e+00 0.000000000000000000e+00 0.000000000000000000e+00 0.000000000000000000e+00 0.000000000000000000e+00 0.000000000000000000e+00 0.000000000000000000e+00 0.000000000000000000e+00 0.000000000000000000e+00 0.000000000000000000e+00 0.000000000000000000e+00 0.000000000000000000e+00 0.000000000000000000e+00 0.000000000000000000e+00 0.000000000000000000e+00 0.000000000000000000e+00 0.000000000000000000e+00 0.000000000000000000e+00 0.000000000000000000e+00 0.000000000000000000e+00 0.000000000000000000e+00 0.000000000000000000e+00 0.000000000000000000e+00 0.000000000000000000e+00 0.000000000000000000e+00
-3.221911474519690843e-01 -9.180365106654397866e-01 -4.937196741538303901e-01 1.024476513955765222e+00 8.073367247641725919e-02 2.208147705941025940e+00 -5.209901030221903984e-01 -8.901070001635020823e-01 -1.780848172794162743e+00 -3.205569663345722020e-01 4.162407002005372725e+00 -1.382406795955095857e+00 -3.825409123046378812e-01 -1.826218263994661362e+00 -9.885534733461625034e-01 1.173669868321751464e+00 -9.541074358730425864e-01 2.130609974410680729e-01 2.873580403382892112e-01 -5.211849138499033973e-01 -7.900184421342625329e-01 2.338378528779745391e+00 -1.065852833095115137e+00 -6.789118451625117068e+00 1.075758723642777692e+00 8.615488829318717068e-01 -1.023378242105350971e-01 5.612247741930111999e-01 -3.297300739739509101e+00 -6.909199023956402730e-01 8.082786916022991486e-01 1.000000000000000000e+00 0.000000000000000000e+00 0.000000000000000000e+00 0.000000000000000000e+00 0.000000000000000000e+00 0.000000000000000000e+00 0.000000000000000000e+00 0.000000000000000000e+00 0.000000000000000000e+00 0.000000000000000000e+00 0.000000000000000000e+00 0.000000000000000000e+00 0.000000000000000000e+00 0.000000000000000000e+00 0.000000000000000000e+00 0.000000000000000000e+00 0.000000000000000000e+00 0.000000000000000000e+00 0.000000000000000000e+00 0.000000000000000000e+00 0.000000000000000000e+00 0.000000000000000000e+00 0.000000000000000000e+00 0.000000000000000000e+00 0.000000000000000000e+00 0.000000000000000000e+00 0.000000000000000000e+00 0.000000000000000000e+00 0.000000000000000000e+00 0.000000000000000000e+00 0.000000000000000000e+00 0.000000000000000000e+00 0.000000000000000000e+00 0.000000000000000000e+00 0.000000000000000000e+00 0.000000000000000000e+00 0.000000000000000000e+00 0.000000000000000000e+00 0.000000000000000000e+00 0.000000000000000000e+00 0.000000000000000000e+00 0.000000000000000000e+00 0.000000000000000000e+00 0.000000000000000000e+00 0.000000000000000000e+00 0.000000000000000000e+00 0.000000000000000000e+00 0.000000000000000000e+00 0.000000000000000000e+00 0.000000000000000000e+00 0.000000000000000000e+00 0.000000000000000000e+00 0.000000000000000000e+00 0.000000000000000000e+00 0.000000000000000000e+00 0.000000000000000000e+00 0.000000000000000000e+00 0.000000000000000000e+00 0.000000000000000000e+00 0.000000000000000000e+00 0.000000000000000000e+00 0.000000000000000000e+00 0.000000000000000000e+00 0.000000000000000000e+00 0.000000000000000000e+00 0.000000000000000000e+00 0.000000000000000000e+00 0.000000000000000000e+00 0.000000000000000000e+00
1.752173593290214937e+00 2.670020898094773720e+00 1.915820232596242845e-01 -1.709829763328061469e+00 8.237609688238803907e-01 2.482420622924261355e+00 1.028038281042532309e-01 -2.111919334795780312e+00 1.862742803195845953e-01 5.618742354091107671e+00 1.166775347551965325e+01 -3.179914624085769859e+00 -4.881072882768617283e-01 -5.757777771240719655e-01 1.266154936134181286e+00 1.745196169976864331e+00 -7.942530140742597444e-01 5.235424809358674159e-01 -3.031513858735003897e+00 3.857329793652516936e-01 1.197126929646846527e+00 1.508301073731162234e-01 -1.608245572863103434e-01 -1.264376768320653932e+00 1.374178574793557817e-01 7.356266240050340910e-01 -1.591054317739303559e-01 -3.810156835208263759e-01 -1.493665022264543951e-01 3.057367410075178538e-01 8.677830055958611899e-01 6.222856794034276051e-01 1.000000000000000000e+00 0.000000000000000000e+00 0.000000000000000000e+00 0.000000000000000000e+00 0.000000000000000000e+00 0.000000000000000000e+00 0.000000000000000000e+00 0.000000000000000000e+00 0.000000000000000000e+00 0.000000000000000000e+00 0.000000000000000000e+00 0.000000000000000000e+00 0.000000000000000000e+00 0.000000000000000000e+00 0.000000000000000000e+00 0.000000000000000000e+00 0.000000000000000000e+00 0.000000000000000000e+00 0.000000000000000000e+00 0.000000000000000000e+00 0.000000000000000000e+00 0.000000000000000000e+00 0.000000000000000000e+00 0.000000000000000000e+00 0.000000000000000000e+00 0.000000000000000000e+00 0.000000000000000000e+00 0.000000000000000000e+00 0.000000000000000000e+00 0.000000000000000000e+00 0.000000000000000000e+00 0.000000000000000000e+00 0.000000000000000000e+00 0.000000000000000000e+00 0.000000000000000000e+00 0.000000000000000000e+00 0.000000000000000000e+00 0.000000000000000000e+00 0.000000000000000000e+00 0.000000000000000000e+00 0.000000000000000000e+00 0.000000000000000000e+00 0.000000000000000000e+00 0.000000000000000000e+00 0.000000000000000000e+00 0.000000000000000000e+00 0.000000000000000000e+00 0.000000000000000000e+00 0.000000000000000000e+00 0.000000000000000000e+00 0.000000000000000000e+00 0.000000000000000000e+00 0.000000000000000000e+00 0.000000000000000000e+00 0.000000000000000000e+00 0.000000000000000000e+00 0.000000000000000000e+00 0.000000000000000000e+00 0.000000000000000000e+00 0.000000000000000000e+00 0.000000000000000000e+00 0.000000000000000000e+00 0.000000000000000000e+00 0.000000000000000000e+00 0.000000000000000000e+00 0.000000000000000000e+00 0.000000000000000000e+00 0.000000000000000000e+00
-1.303770236714441921e+00 -9.052496920977283201e-01 -8.849885186974506546e-01 1.282642188124319738e+00 -4.543208971218927750e-01 -2.717883723730879719e+00 -3.825510345669688728e-02 1.245046477593121370e+00 3.807426617304898731e-01 2.389066292258893165e-01 -3.540858538933455701e+00 9.428543743016711831e-01 2.678443133361408379e-01 -4.840981216760546602e+00 7.747263506267972888e-01 -8.139936129693250422e-01 -8.518708602282709652e-02 -8.871327127446190230e-01 3.261605057356940840e+00 8.956028267132195575e-01 -1.466910980229052308e+00 -1.330284215778082535e+00 9.021153402652145603e-01 1.676417927056692347e+00 -6.116555855771680372e-01 -1.398624313671534836e+00 1.231666133500904370e-01 4.220145339839131982e-01 -3.169191007696536277e-01 2.088109560289930222e-01 -2.789516114305483629e+00 -2.505368106704675579e+00 6.782841884655742781e+00 1.000000000000000000e+00 0.000000000000000000e+00 0.000000000000000000e+00 0.000000000000000000e+00 0.000000000000000000e+00 0.000000000000000000e+00 0.000000000000000000e+00 0.000000000000000000e+00 0.000000000000000000e+00 0.000000000000000000e+00 0.000000000000000000e+00 0.000000000000000000e+00 0.000000000000000000e+00 0.000000000000000000e+00 0.000000000000000000e+00 0.000000000000000000e+00 0.000000000000000000e+00 0.000000000000000000e+00 0.000000000000000000e+00 0.000000000000000000e+00 0.000000000000000000e+00 0.000000000000000000e+00 0.000000000000000000e+00 0.000000000000000000e+00 0.000000000000000000e+00 0.000000000000000000e+00 0.000000000000000000e+00 0.000000000000000000e+00 0.000000000000000000e+00 0.000000000000000000e+00 0.000000000000000000e+00 0.000000000000000000e+00 0.000000000000000000e+00 0.000000000000000000e+00 0.000000000000000000e+00 0.000000000000000000e+00 0.000000000000000000e+00 0.000000000000000000e+00 0.000000000000000000e+00 0.000000000000000000e+00 0.000000000000000000e+00 0.000000000000000000e+00 0.000000000000000000e+00 0.000000000000000000e+00 0.000000000000000000e+00 0.000000000000000000e+00 0.000000000000000000e+00 0.000000000000000000e+00 0.000000000000000000e+00 0.000000000000000000e+00 0.000000000000000000e+00 0.000000000000000000e+00 0.000000000000000000e+00 0.000000000000000000e+00 0.000000000000000000e+00 0.000000000000000000e+00 0.000000000000000000e+00 0.000000000000000000e+00 0.000000000000000000e+00 0.000000000000000000e+00 0.000000000000000000e+00 0.000000000000000000e+00 0.000000000000000000e+00 0.000000000000000000e+00 0.000000000000000000e+00 0.000000000000000000e+00 0.000000000000000000e+00
-1.678733124154538681e+00 -1.238007929231347726e+00 -2.888486771918612916e+00 3.198611633210246996e+00 -5.944684478602928202e-02 5.184862692256949623e-01 -7.256263953903949737e-01 -9.219657883896209549e-01 1.008382372615108657e+00 -3.685712217768804422e+00 -5.069782881739490321e+00 1.593914896056996877e+00 1.928338126595162960e-01 1.411001442640052339e+01 -1.455923788627161652e+00 -3.317661414447619528e+00 3.194398480517380179e+00 4.383818444821401261e-01 -6.458159663567404341e-01 -3.201089597700000344e-01 1.083118538614975535e+00 -1.782042336383703018e+00 7.739755721197740801e-01 8.377448805005302646e+00 -1.965789171318169881e+00 -3.055524196570416962e+00 5.306969547275518506e-01 1.183834397655833016e-02 7.138100303512074918e-01 -2.743539712617546963e-02 1.715921311055232490e+00 1.740794254691715226e+00 -5.498058361596600996e+00 -9.156554798207104939e-01 1.000000000000000000e+00 0.000000000000000000e+00 0.000000000000000000e+00 0.000000000000000000e+00 0.000000000000000000e+00 0.000000000000000000e+00 0.000000000000000000e+00 0.000000000000000000e+00 0.000000000000000000e+00 0.000000000000000000e+00 0.000000000000000000e+00 0.000000000000000000e+00 0.000000000000000000e+00 0.000000000000000000e+00 0.000000000000000000e+00 0.000000000000000000e+00 0.000000000000000000e+00 0.000000000000000000e+00 0.000000000000000000e+00 0.000000000000000000e+00 0.000000000000000000e+00 0.000000000000000000e+00 0.000000000000000000e+00 0.000000000000000000e+00 0.000000000000000000e+00 0.000000000000000000e+00 0.000000000000000000e+00 0.000000000000000000e+00 0.000000000000000000e+00 0.000000000000000000e+00 0.000000000000000000e+00 0.000000000000000000e+00 0.000000000000000000e+00 0.000000000000000000e+00 0.000000000000000000e+00 0.000000000000000000e+00 0.000000000000000000e+00 0.000000000000000000e+00 0.000000000000000000e+00 0.000000000000000000e+00 0.000000000000000000e+00 0.000000000000000000e+00 0.000000000000000000e+00 0.000000000000000000e+00 0.000000000000000000e+00 0.000000000000000000e+00 0.000000000000000000e+00 0.000000000000000000e+00 0.000000000000000000e+00 0.000000000000000000e+00 0.000000000000000000e+00 0.000000000000000000e+00 0.000000000000000000e+00 0.000000000000000000e+00 0.000000000000000000e+00 0.000000000000000000e+00 0.000000000000000000e+00 0.000000000000000000e+00 0.000000000000000000e+00 0.000000000000000000e+00 0.000000000000000000e+00 0.000000000000000000e+00 0.000000000000000000e+00 0.000000000000000000e+00 0.000000000000000000e+00 0.000000000000000000e+00
-2.921142123605592333e-01 -2.403157677359827327e-01 1.282633930103905140e+00 -1.189527137001290313e+00 1.101460043474119743e+00 3.469631134680676077e+00 -6.323871805614227348e-01 -2.237297682511417030e+00 -1.290229464236803292e+00 2.437911579103110071e+00 1.177859982644375236e+01 -3.299650936942903012e+00 -9.271615369909820270e-01 5.796880081066242418e+00 -3.679236117006091100e-01 1.765669127916340009e-01 5.358179701266955197e-01 2.529526477826916087e-01 2.157453875034740509e+00 -6.987128672542977093e-01 -6.731862387447878904e-01 2.453160140680437640e-01 -1.992508489131429583e-01 -6.325927775462590885e-01 6.768877874471656009e-01 5.156303731571529880e-01 -1.183787435399275695e-01 6.306686518036783151e-02 1.467923275353516299e+00 2.430323299669270021e-01 -2.019284377420444088e+00 -3.137790689667090405e+00 8.928677322047757769e+00 1.345889217034252017e+00 -2.279899172783026895e+00 1.000000000000000000e+00 0.000000000000000000e+00 0.000000000000000000e+00 0.000000000000000000e+00 0.000000000000000000e+00 0.000000000000000000e+00 0.000000000000000000e+00 0.000000000000000000e+00 0.000000000000000000e+00 0.000000000000000000e+00 0.000000000000000000e+00 0.000000000000000000e+00 0.000000000000000000e+00 0.000000000000000000e+00 0.000000000000000000e+00 0.000000000000000000e+00 0.000000000000000000e+00 0.000000000000000000e+00 0.000000000000000000e+00 0.000000000000000000e+00 0.000000000000000000e+00 0.000000000000000000e+00 0.000000000000000000e+00 0.000000000000000000e+00 0.000000000000000000e+00 0.000000000000000000e+00 0.000000000000000000e+00 0.000000000000000000e+00 0.000000000000000000e+00 0.000000000000000000e+00 0.000000000000000000e+00 0.000000000000000000e+00 0.000000000000000000e+00 0.000000000000000000e+00 0.000000000000000000e+00 0.000000000000000000e+00 0.000000000000000000e+00 0.000000000000000000e+00 0.000000000000000000e+00 0.000000000000000000e+00 0.000000000000000000e+00 0.000000000000000000e+00 0.000000000000000000e+00 0.000000000000000000e+00 0.000000000000000000e+00 0.000000000000000000e+00 0.000000000000000000e+00 0.000000000000000000e+00 0.000000000000000000e+00 0.000000000000000000e+00 0.000000000000000000e+00 0.000000000000000000e+00 0.000000000000000000e+00 0.000000000000000000e+00 0.000000000000000000e+00 0.000000000000000000e+00 0.000000000000000000e+00 0.000000000000000000e+00 0.000000000000000000e+00 0.000000000000000000e+00 0.000000000000000000e+00 0.000000000000000000e+00 0.000000000000000000e+00 0.000000000000000000e+00 0.000000000000000000e+00
-1.156548991788523884e+00 -8.656040779078943981e-01 -6.880580982208772234e+00 5.990997049341054925e+00 -1.100749665245963627e+00 3.733710278730985599e-01 -6.964785782126537983e-01 -1.058721302761863603e+00 -8.535224269019551224e-01 3.976657774458190797e+00 9.029796236097761053e+00 -2.547719368673738050e+00 -5.882675834449054841e-01 -3.731366175056102463e+00 1.609966154406715200e+00 1.413231169672899412e+00 -1.000222772484858913e+00 7.547648051941067970e-02 -3.041065441771831690e+00 5.940038797057320963e-01 1.559611469941015960e+00 -1.461215634668860952e+00 4.515429558467740634e-01 1.034599584480316636e+00 -1.029720563143133594e-01 8.453203640542781283e-01 -1.833212474150489601e-01 -7.864561381957241304e-01 -2.396199245268439970e-01 2.729646237328561820e-01 -5.154528388623966784e+00 -5.081449880627222804e+00 1.439373165590493109e+01 2.226309311444184313e+00 -1.763472385348283655e+00 1.441837946041569340e+00 1.000000000000000000e+00 0.000000000000000000e+00 0.000000000000000000e+00 0.000000000000000000e+00 0.000000000000000000e+00 0.000000000000000000e+00 0.000000000000000000e+00 0.000000000000000000e+00 0.000000000000000000e+00 0.000000000000000000e+00 0.000000000000000000e+00 0.000000000000000000e+00 0.000000000000000000e+00 0.000000000000000000e+00 0.000000000000000000e+00 0.000000000000000000e+00 0.000000000000000000e+00 0.000000000000000000e+00 0.000000000000000000e+00 0.000000000000000000e+00 0.000000000000000000e+00 0.000000000000000000e+00 0.000000000000000000e+00 0.000000000000000000e+00 0.000000000000000000e+00 0.000000000000000000e+00 0.000000000000000000e+00 0.000000000000000000e+00 0.000000000000000000e+00 0.000000000000000000e+00 0.000000000000000000e+00 0.000000000000000000e+00 0.000000000000000000e+00 0.000000000000000000e+00 0.000000000000000000e+00 0.000000000000000000e+00 0.000000000000000000e+00 0.000000000000000000e+00 0.000000000000000000e+00 0.000000000000000000e+00 0.000000000000000000e+00 0.000000000000000000e+00 0.000000000000000000e+00 0.000000000000000000e+00 0.000000000000000000e+00 0.000000000000000000e+00 0.000000000000000000e+00 0.000000000000000000e+00 0.000000000000000000e+00 0.000000000000000000e+00 0.000000000000000000e+00 0.000000000000000000e+00 0.000000000000000000e+00 0.000000000000000000e+00 0.000000000000000000e+00 0.000000000000000000e+00 0.000000000000000000e+00 0.000000000000000000e+00 0.000000000000000000e+00 0.000000000000000000e+00 0.000000000000000000e+00 0.000000000000000000e+00 0.000000000000000000e+00 0.000000000000000000e+00
-1.800279513214947835e+00 -1.436359221512279793e+00 -6.697575568846644956e+00 6.689175063766856333e+00 -9.744147752016485420e-01 1.902949341603253908e-01 -1.031544029744351221e+00 -1.753483578913068441e-01 -9.728254645592668837e-01 1.591022815801613859e-03 2.203252303247063448e+00 -6.157513515026075135e-01 -2.527056462530697933e-01 2.028655896091043687e+00 -1.559834649729148426e+00 -1.530427901478317587e-01 2.984159197761304116e-01 4.276940736814440758e-01 9.460014840086514720e-01 3.282471998952009029e-01 -1.971449828530198456e-01 -6.735780763771637147e-01 3.133525925459712536e-01 1.515476784766039142e-01 -9.889064803198320541e-02 4.739413264905027456e-01 -2.887792381254654372e-02 1.822820763183561343e-01 1.752751188065027610e-01 -2.830083178753780015e-01 2.530066490961527581e+00 3.013645959025540222e+00 -1.040927792488425396e+01 -1.562418205828608464e+00 2.131381888180495565e+00 -8.116021033198691503e-01 -1.271366133974257684e-01 1.000000000000000000e+00 0.000000000000000000e+00 0.000000000000000000e+00 0.000000000000000000e+00 0.000000000000000000e+00 0.000000000000000000e+00 0.000000000000000000e+00 0.000000000000000000e+00 0.000000000000000000e+00 0.000000000000000000e+00 0.000000000000000000e+00 0.000000000000000000e+00 0.000000000000000000e+00 0.000000000000000000e+00 0.000000000000000000e+00 0.000000000000000000e+00 0.000000000000000000e+00 0.000000000000000000e+00 0.000000000000000000e+00 0.000000000000000000e+00 0.000000000000000000e+00 0.000000000000000000e+00 0.000000000000000000e+00 0.000000000000000000e+00 0.000000000000000000e+00 0.000000000000000000e+00 0.000000000000000000e+00 0.000000000000000000e+00 0.000000000000000000e+00 0.000000000000000000e+00 0.000000000000000000e+00 0.000000000000000000e+00 0.000000000000000000e+00 0.000000000000000000e+00 0.000000000000000000e+00 0.000000000000000000e+00 0.000000000000000000e+00 0.000000000000000000e+00 0.000000000000000000e+00 0.000000000000000000e+00 0.000000000000000000e+00 0.000000000000000000e+00 0.000000000000000000e+00 0.000000000000000000e+00 0.000000000000000000e+00 0.000000000000000000e+00 0.000000000000000000e+00 0.000000000000000000e+00 0.000000000000000000e+00 0.000000000000000000e+00 0.000000000000000000e+00 0.000000000000000000e+00 0.000000000000000000e+00 0.000000000000000000e+00 0.000000000000000000e+00 0.000000000000000000e+00 0.000000000000000000e+00 0.000000000000000000e+00 0.000000000000000000e+00 0.000000000000000000e+00 0.000000000000000000e+00 0.000000000000000000e+00 0.000000000000000000e+00
1.695926946413881753e+00 2.236296576452444729e+00 3.542564601588620743e+00 -4.586244186320417526e+00 1.209555739591652967e+00 8.749208543684610095e-01 5.995052925189108262e-01 2.179053765421465338e-01 1.546818547498401086e+00 -5.149820328381131240e+00 -1.471228709274275204e+01 3.915755984415752788e+00 1.210134666443388962e+00 4.919516881592049806e+00 -1.266145584940097768e+00 -8.061801798492478355e-01 8.381645742810603927e-01 5.992273736122424310e-01 5.768769921772476827e+00 8.033910400261524698e-01 -2.639284531166516068e+00 -7.380308805645540149e-01 7.093379682671339115e-01 -4.975067384650950331e+00 9.191618956668885509e-01 1.826995634088805831e+00 -2.669006512026083633e-01 7.200080717224112137e-01 4.648347608913282469e-01 -5.569138032338474265e-01 1.273168550854665737e+00 1.283751854633544243e+00 -6.145749891799228593e+00 -9.350184954963034478e-01 2.751642945673024254e+00 -1.908812083103870405e+00 -8.372190730688779947e-01 1.579546632911507542e+00 1.000000000000000000e+00 0.000000000000000000e+00 0.000000000000000000e+00 0.000000000000000000e+00 0.000000000000000000e+00 0.000000000000000000e+00 0.000000000000000000e+00 0.000000000000000000e+00 0.000000000000000000e+00 0.000000000000000000e+00 0.000000000000000000e+00 0.000000000000000000e+00 0.000000000000000000e+00 0.000000000000000000e+00 0.000000000000000000e+00 0.000000000000000000e+00 0.000000000000000000e+00 0.000000000000000000e+00 0.000000000000000000e+00 0.000000000000000000e+00 0.000000000000000000e+00 0.000000000000000000e+00 0.000000000000000000e+00 0.000000000000000000e+00 0.000000000000000000e+00 0.000000000000000000e+00 0.000000000000000000e+00 0.000000000000000000e+00 0.000000000000000000e+00 0.000000000000000000e+00 0.000000000000000000e+00 0.000000000000000000e+00 0.000000000000000000e+00 0.000000000000000000e+00 0.000000000000000000e+00 0.000000000000000000e+00 0.000000000000000000e+00 0.000000000000000000e+00 0.000000000000000000e+00 0.000000000000000000e+00 0.000000000000000000e+00 0.000000000000000000e+00 0.000000000000000000e+00 0.000000000000000000e+00 0.000000000000000000e+00 0.000000000000000000e+00 0.000000000000000000e+00 0.000000000000000000e+00 0.000000000000000000e+00 0.000000000000000000e+00 0.000000000000000000e+00 0.000000000000000000e+00 0.000000000000000000e+00 0.000000000000000000e+00 0.000000000000000000e+00 0.000000000000000000e+00 0.000000000000000000e+00 0.000000000000000000e+00 0.000000000000000000e+00 0.000000000000000000e+00 0.000000000000000000e+00 0.000000000000000000e+00
-4.680921457448073975e-01 5.691591481414195151e-03 2.413590457697244451e-01 -1.356722766569933292e-01 2.110212805122467783e-01 1.594815855166415774e+00 -6.675388749836953795e-02 -1.293074273494832394e+00 7.692082574965966035e-01 2.529928243423415601e+00 6.386108971066422058e+00 -1.576470371411763605e+00 -4.410817117058029035e-01 -3.465312224398719554e+00 7.445980620498477975e-01 5.286284631133251199e-01 -6.035983814729537489e-01 -2.907216602563670871e-01 9.300000154622791726e-01 -5.798778128382517938e-01 -4.636666375217250446e-01 1.096269697415944488e+00 -4.569850532120236508e-01 -1.857968296943512510e+00 6.826957307353118676e-01 4.841461463628048412e-01 -1.747275845730064670e-01 8.866112375597723361e-02 1.023031098013239104e+00 4.611379132564371042e-01 -1.598699597958735952e+00 -2.073684170422596118e+00 6.046982353129497945e+00 9.516145914485139023e-01 -3.574190338717241566e+00 2.431580657435169268e+00 1.309333823060065516e+00 -1.058064273393370058e+00 -8.312029978026374000e-01 1.000000000000000000e+00 0.000000000000000000e+00 0.000000000000000000e+00 0.000000000000000000e+00 0.000000000000000000e+00 0.000000000000000000e+00 0.000000000000000000e+00 0.000000000000000000e+00 0.000000000000000000e+00 0.000000000000000000e+00 0.000000000000000000e+00 0.000000000000000000e+00 0.000000000000000000e+00 0.000000000000000000e+00 0.000000000000000000e+00 0.000000000000000000e+00 0.000000000000000000e+00 0.000000000000000000e+00 0.000000000000000000e+00 0.000000000000000000e+00 0.000000000000000000e+00 0.000000000000000000e+00 0.000000000000000000e+00 0.000000000000000000e+00 0.000000000000000000e+00 0.000000000000000000e+00 0.000000000000000000e+00 0.000000000000000000e+00 0.000000000000000000e+00 0.000000000000000000e+00 0.000000000000000000e+00 0.000000000000000000e+00 0.000000000000000000e+00 0.000000000000000000e+00 0.000000000000000000e+00 0.000000000000000000e+00 0.000000000000000000e+00 0.000000000000000000e+00 0.000000000000000000e+00 0.000000000000000000e+00 0.000000000000000000e+00 0.000000000000000000e+00 0.000000000000000000e+00 0.000000000000000000e+00 0.000000000000000000e+00 0.000000000000000000e+00 0.000000000000000000e+00 0.000000000000000000e+00 0.000000000000000000e+00 0.000000000000000000e+00 0.000000000000000000e+00 0.000000000000000000e+00 0.000000000000000000e+00 0.000000000000000000e+00 0.000000000000000000e+00 0.000000000000000000e+00 0.000000000000000000e+00 0.000000000000000000e+00 0.000000000000000000e+00 0.000000000000000000e+00 0.000000000000000000e+00
-5.983098625942357973e-01 -1.630017506619172440e+00 -1.681637427250001426e+00 1.943820058958428021e+00 -6.034215275000981427e-01 -8.502891152845759581e-01 -3.535908706295596282e-01 1.801443581282056450e-01 -1.744135122220320744e+00 3.608869960302175883e+00 7.738012886402207080e+00 -2.268625440422201045e+00 -6.014797191385309327e-01 -6.247894095740983644e+00 2.395925833815646833e+00 3.881122620104410004e+00 -2.689824628438994392e+00 -5.305327625373734701e-01 3.280886542232110403e-01 4.149290353857321700e-01 -6.391766345691185514e-01 8.518362714374942968e-01 -3.913143506732745247e-01 -4.364796862583302683e+00 1.226317869606012856e+00 1.829499375425247099e+00 -2.910728252615769063e-01 -7.089116412854533367e-02 5.322604266911377113e-01 1.411832902082070795e-01 1.430329722463451247e+00 9.909257064906084045e-01 -2.819798996243894074e+00 -4.670939808217784428e-01 -1.222674530236549817e+00 4.534082405454979425e-01 -3.015089527702082828e-01 -1.932677442083940766e+00 -7.860025044428050611e-01 8.335988368528383097e-01 1.000000000000000000e+00 0.000000000000000000e+00 0.000000000000000000e+00 0.000000000000000000e+00 0.000000000000000000e+00 0.000000000000000000e+00 0.000000000000000000e+00 0.000000000000000000e+00 0.000000000000000000e+00 0.000000000000000000e+00 0.000000000000000000e+00 0.000000000000000000e+00 0.000000000000000000e+00 0.000000000000000000e+00 0.000000000000000000e+00 0.000000000000000000e+00 0.000000000000000000e+00 0.000000000000000000e+00 0.000000000000000000e+00 0.000000000000000000e+00 0.000000000000000000e+00 0.000000000000000000e+00 0.000000000000000000e+00 0.000000000000000000e+00 0.000000000000000000e+00 0.000000000000000000e+00 0.000000000000000000e+00 0.000000000000000000e+00 0.000000000000000000e+00 0.000000000000000000e+00 0.000000000000000000e+00 0.000000000000000000e+00 0.000000000000000000e+00 0.000000000000000000e+00 0.000000000000000000e+00 0.000000000000000000e+00 0.000000000000000000e+00 0.000000000000000000e+00 0.000000000000000000e+00 0.000000000000000000e+00 0.000000000000000000e+00 0.000000000000000000e+00 0.000000000000000000e+00 0.000000000000000000e+00 0.000000000000000000e+00 0.000000000000000000e+00 0.000000000000000000e+00 0.000000000000000000e+00 0.000000000000000000e+00 0.000000000000000000e+00 0.000000000000000000e+00 0.000000000000000000e+00 0.000000000000000000e+00 0.000000000000000000e+00 0.000000000000000000e+00 0.000000000000000000e+00 0.000000000000000000e+00 0.000000000000000000e+00 0.000000000000000000e+00 0.000000000000000000e+00
1.543305346492231500e+00 2.192799729341571080e+00 7.023959721925939093e+00 -7.160471425097659548e+00 2.250903649197044221e+00 3.531186342258783917e+00 4.085863468865268411e-01 -1.951139138288218611e+00 2.132532633855608761e+00 -3.506296270822853778e+00 -3.427656984134498153e+00 1.283439999095369988e+00 4.173072227308594617e-01 1.475363694061626063e+01 -3.351875747728721766e+00 -3.900993854847295328e+00 3.713437622198612953e+00 1.717582846984832656e+00 -4.047793888147369401e+00 -2.550004675562520529e+00 2.702959605375629071e+00 9.373842999878422289e-01 -7.491607285613940403e-01 1.068941778483607763e+01 -2.765747023387623127e+00 -6.413820991794939808e+00 1.015445366973545038e+00 5.651549283477388386e-01 -1.528586550237737152e+00 1.183543416253972080e-01 -5.111891446768903613e-01 2.153637457613994943e-01 1.303658563911383128e+00 1.358013541609769670e-01 -4.899496380056769795e-02 -3.914493355149266107e-01 -4.603369781803839933e-01 2.036138453825857286e-01 5.361365211226922778e-01 -1.926830605761582271e+00 -9.403766412797648355e-02 1.000000000000000000e+00 0.000000000000000000e+00 0.000000000000000000e+00 0.000000000000000000e+00 0.000000000000000000e+00 0.000000000000000000e+00 0.000000000000000000e+00 0.000000000000000000e+00 0.000000000000000000e+00 0.000000000000000000e+00 0.000000000000000000e+00 0.000000000000000000e+00 0.000000000000000000e+00 0.000000000000000000e+00 0.000000000000000000e+00 0.000000000000000000e+00 0.000000000000000000e+00 0.000000000000000000e+00 0.000000000000000000e+00 0.000000000000000000e+00 0.000000000000000000e+00 0.000000000000000000e+00 0.000000000000000000e+00 0.000000000000000000e+00 0.000000000000000000e+00 0.000000000000000000e+00 0.000000000000000000e+00 0.000000000000000000e+00 0.000000000000000000e+00 0.000000000000000000e+00 0.000000000000000000e+00 0.000000000000000000e+00 0.000000000000000000e+00 0.000000000000000000e+00 0.000000000000000000e+00 0.000000000000000000e+00 0.000000000000000000e+00 0.000000000000000000e+00 0.000000000000000000e+00 0.000000000000000000e+00 0.000000000000000000e+00 0.000000000000000000e+00 0.000000000000000000e+00 0.000000000000000000e+00 0.000000000000000000e+00 0.000000000000000000e+00 0.000000000000000000e+00 0.000000000000000000e+00 0.000000000000000000e+00 0.000000000000000000e+00 0.000000000000000000e+00 0.000000000000000000e+00 0.000000000000000000e+00 0.000000000000000000e+00 0.000000000000000000e+00 0.000000000000000000e+00 0.000000000000000000e+00 0.000000000000000000e+00 0.000000000000000000e+00
1.094061136881166352e+00 5.823939869185719154e-01 6.683237282936838497e+00 -5.956201910996322013e+00 1.070737894664617773e+00 1.212411677434451773e+00 6.219944835676745054e-01 2.750678635418054001e-03 9.860980012019736618e-01 -3.344124637635937702e+00 -3.671635576808705448e+00 1.130464210295644145e+00 2.082267685789080391e-01 3.514857376458350391e+00 -3.224172126568249919e+00 -2.843991705808874393e+00 1.898909604893703529e+00 6.133049274082845725e-01 1.469405776364106408e+00 5.308510301120193675e-02 -6.651565894538074009e-01 -9.360052257718359803e-01 2.651316553173960200e-01 -4.699048858592390410e+00 6.748752933216123351e-01 1.517232567860647530e+00 -2.413985617538750850e-01 6.176833441180342721e-01 -5.609717517667457409e-01 -5.133174335870483995e-01 -8.801520140620161525e-01 -6.371988724461709053e-01 1.623666884149509160e-01 2.574831145442781910e-01 -1.351160624524583520e+00 1.570373591159704540e+00 2.156869683455615139e+00 1.288529024425023151e+00 -2.047857864437245545e-01 1.343429517919227267e+00 -3.840545792339239428e-01 -6.833210644566297676e-01 1.000000000000000000e+00 0.000000000000000000e+00 0.000000000000000000e+00 0.000000000000000000e+00 0.000000000000000000e+00 0.000000000000000000e+00 0.000000000000000000e+00 0.000000000000000000e+00 0.000000000000000000e+00 0.000000000000000000e+00 0.000000000000000000e+00 0.000000000000000000e+00 0.000000000000000000e+00 0.000000000000000000e+00 0.000000000000000000e+00 0.000000000000000000e+00 0.000000000000000000e+00 0.000000000000000000e+00 0.000000000000000000e+00 0.000000000000000000e+00 0.000000000000000000e+00 0.000000000000000000e+00 0.000000000000000000e+00 0.000000000000000000e+00 0.000000000000000000e+00 0.000000000000000000e+00 0.000000000000000000e+00 0.000000000000000000e+00 0.000000000000000000e+00 0.000000000000000000e+00 0.000000000000000000e+00 0.000000000000000000e+00 0.000000000000000000e+00 0.000000000000000000e+00 0.000000000000000000e+00 0.000000000000000000e+00 0.000000000000000000e+00 0.000000000000000000e+00 0.000000000000000000e+00 0.000000000000000000e+00 0.000000000000000000e+00 0.000000000000000000e+00 0.000000000000000000e+00 0.000000000000000000e+00 0.000000000000000000e+00 0.000000000000000000e+00 0.000000000000000000e+00 0.000000000000000000e+00 0.000000000000000000e+00 0.000000000000000000e+00 0.000000000000000000e+00 0.000000000000000000e+00 0.000000000000000000e+00 0.000000000000000000e+00 0.000000000000000000e+00 0.000000000000000000e+00 0.000000000000000000e+00 0.000000000000000000e+00
3.827177457198333022e-01 -5.822828365549672647e-01 -2.098820097808740126e+00 1.816019395919107993e+00 -4.386292669698130808e-01 3.877369114346180812e-01 -3.719932750820913459e-01 -2.698623542175891954e-01 -2.620653100242282374e+00 2.245548689665441078e+00 5.988034157312321248e+00 -2.068352531587605903e+00 -4.373777744124429101e-01 2.763497856501194172e-01 -1.575967698088903246e+00 7.063333439335832686e-01 -2.862759188812180056e-01 1.414783629969009748e+00 -1.569111203661467391e+00 -2.457309515915014897e-01 6.697632227726793008e-01 1.129041714408508951e-01 -3.105403372253305316e-01 -6.255948615082828290e+00 2.205156622077036666e+00 3.919724668366243669e+00 -5.138324159738302255e-01 -5.426432096894773238e-01 2.082141171104699318e+00 1.504899779698749829e-01 2.271833680087952612e+00 7.507761450084637911e-01 -1.121222363623726848e+00 -2.551483017527591546e-01 -8.988850384220848921e-01 -4.092038143126696115e-01 -6.492458012710695670e-01 -2.642172055616590853e+00 -1.559683146833649614e+00 2.837984792402350465e+00 7.763695024719766691e-01 -2.673461162659022117e-01 -1.893499401228083023e+00 1.000000000000000000e+00 0.000000000000000000e+00 0.000000000000000000e+00 0.000000000000000000e+00 0.000000000000000000e+00 0.000000000000000000e+00 0.000000000000000000e+00 0.000000000000000000e+00 0.000000000000000000e+00 0.000000000000000000e+00 0.000000000000000000e+00 0.000000000000000000e+00 0.000000000000000000e+00 0.000000000000000000e+00 0.000000000000000000e+00 0.000000000000000000e+00 0.000000000000000000e+00 0.000000000000000000e+00 0.000000000000000000e+00 0.000000000000000000e+00 0.000000000000000000e+00 0.000000000000000000e+00 0.000000000000000000e+00 0.000000000000000000e+00 0.000000000000000000e+00 0.000000000000000000e+00 0.000000000000000000e+00 0.000000000000000000e+00 0.000000000000000000e+00 0.000000000000000000e+00 0.000000000000000000e+00 0.000000000000000000e+00 0.000000000000000000e+00 0.000000000000000000e+00 0.000000000000000000e+00 0.000000000000000000e+00 0.000000000000000000e+00 0.000000000000000000e+00 0.000000000000000000e+00 0.000000000000000000e+00 0.000000000000000000e+00 0.000000000000000000e+00 0.000000000000000000e+00 0.000000000000000000e+00 0.000000000000000000e+00 0.000000000000000000e+00 0.000000000000000000e+00 0.000000000000000000e+00 0.000000000000000000e+00 0.000000000000000000e+00 0.000000000000000000e+00 0.000000000000000000e+00 0.000000000000000000e+00 0.000000000000000000e+00 0.000000000000000000e+00 0.000000000000000000e+00 0.000000000000000000e+00
-9.394318780391824886e-01 -2.569936822859650305e-01 -2.909153098233552726e+00 2.486392374184222653e+00 -5.507145256859464766e-01 -5.913172075625721114e-01 -2.176538486619605806e-01 2.005884369540736623e-01 -1.580317529250717043e-02 1.015799716989600199e-01 -2.460770897816121128e+00 5.974453865070263880e-01 3.484254329764102098e-01 -2.870594283572950989e+00 8.629281468304967895e-01 1.158718510973335780e+00 -9.114810975483934596e-01 -3.407361789691834564e-01 3.192021502937233635e+00 7.829251391359782764e-01 -1.614353978016489055e+00 -1.304396100014158233e-01 3.365436745585508871e-01 -3.977617244131161911e+00 3.277216044188419053e-01 1.324121538071545645e+00 -3.290185123626438446e-01 4.413388240474661744e-02 -1.217894235258839997e+00 4.329205392548529652e-02 -6.047412697308170992e-01 -4.106673667308326225e-02 8.086719152373121888e-01 1.050062303918575662e-01 6.032136802363994299e-01 -7.278700356159069351e-02 2.456619197393817289e-01 -5.018268601492689163e-01 -4.646965083577789257e-01 2.430781225650571753e-01 -5.623030735575644812e-01 -5.315938621902691619e-01 -5.435963724788012152e-02 1.240383085420737608e-02 1.000000000000000000e+00 0.000000000000000000e+00 0.000000000000000000e+00 0.000000000000000000e+00 0.000000000000000000e+00 0.000000000000000000e+00 0.000000000000000000e+00 0.000000000000000000e+00 0.000000000000000000e+00 0.000000000000000000e+00 0.000000000000000000e+00 0.000000000000000000e+00 0.000000000000000000e+00 0.000000000000000000e+00 0.000000000000000000e+00 0.000000000000000000e+00 0.000000000000000000e+00 0.000000000000000000e+00 0.000000000000000000e+00 0.000000000000000000e+00 0.000000000000000000e+00 0.000000000000000000e+00 0.000000000000000000e+00 0.000000000000000000e+00 0.000000000000000000e+00 0.000000000000000000e+00 0.000000000000000000e+00 0.000000000000000000e+00 0.000000000000000000e+00 0.000000000000000000e+00 0.000000000000000000e+00 0.000000000000000000e+00 0.000000000000000000e+00 0.000000000000000000e+00 0.000000000000000000e+00 0.000000000000000000e+00 0.000000000000000000e+00 0.000000000000000000e+00 0.000000000000000000e+00 0.000000000000000000e+00 0.000000000000000000e+00 0.000000000000000000e+00 0.000000000000000000e+00 0.000000000000000000e+00 0.000000000000000000e+00 0.000000000000000000e+00 0.000000000000000000e+00 0.000000000000000000e+00 0.000000000000000000e+00 0.000000000000000000e+00 0.000000000000000000e+00 0.000000000000000000e+00 0.000000000000000000e+00 0.000000000000000000e+00 0.000000000000000000e+00 0.000000000000000000e+00
-6.014189673355387900e-01 -2.824199526450685838e-01 -4.137184019901763432e-01 -2.955331445033747284e-02 8.475979198889888044e-01 2.840195713657017951e+00 -5.756444253133324862e-01 -1.533334565595691590e+00 1.420608017336211747e-02 -3.969136702981680642e+00 -6.065932115139702319e+00 1.369341501889281831e+00 4.295198642470124950e-01 4.210228484612991373e+00 -2.480244198336339245e+00 -9.291194101320516818e-01 8.643795498348173512e-01 7.734751436212985443e-01 3.350333052045042059e+00 -2.678543950402695883e-01 -1.527015547539138929e+00 1.609655372814454422e-01 8.477635709289239874e-02 -9.631210867371887696e-01 4.736754516320109132e-01 1.121578431707623280e-01 2.507232868121802780e-02 6.358712642678121529e-01 -1.573710528456988833e-01 -2.901441094962863843e-01 1.294864152145199121e+00 9.525506164694245159e-01 -2.966144220153659639e+00 -4.644999962503371105e-01 4.130262143892172721e-01 -1.081438372181505958e+00 -1.065659648496940060e+00 -2.473816865316764979e-01 1.523912819651217221e-02 -3.271698791459499711e-01 -1.311761817305992783e-01 6.529453173678652078e-01 1.172301574656933409e+00 -2.739028765752621886e-01 8.479959758702292349e-01 1.000000000000000000e+00 0.000000000000000000e+00 0.000000000000000000e+00 0.000000000000000000e+00 0.000000000000000000e+00 0.000000000000000000e+00 0.000000000000000000e+00 0.000000000000000000e+00 0.000000000000000000e+00 0.000000000000000000e+00 0.000000000000000000e+00 0.000000000000000000e+00 0.000000000000000000e+00 0.000000000000000000e+00 0.000000000000000000e+00 0.000000000000000000e+00 0.000000000000000000e+00 0.000000000000000000e+00 0.000000000000000000e+00 0.000000000000000000e+00 0.000000000000000000e+00 0.000000000000000000e+00 0.000000000000000000e+00 0.000000000000000000e+00 0.000000000000000000e+00 0.000000000000000000e+00 0.000000000000000000e+00 0.000000000000000000e+00 0.000000000000000000e+00 0.000000000000000000e+00 0.000000000000000000e+00 0.000000000000000000e+00 0.000000000000000000e+00 0.000000000000000000e+00 0.000000000000000000e+00 0.000000000000000000e+00 0.000000000000000000e+00 0.000000000000000000e+00 0.000000000000000000e+00 0.000000000000000000e+00 0.000000000000000000e+00 0.000000000000000000e+00 0.000000000000000000e+00 0.000000000000000000e+00 0.000000000000000000e+00 0.000000000000000000e+00 0.000000000000000000e+00 0.000000000000000000e+00 0.000000000000000000e+00 0.000000000000000000e+00 0.000000000000000000e+00 0.000000000000000000e+00 0.000000000000000000e+00 0.000000000000000000e+00 0.000000000000000000e+00
6.372573317428463502e-02 -2.875160790814619838e-01 3.666243812665717972e+00 -3.360790993041417707e+00 9.715893273617038917e-01 8.109679875309919739e-01 1.206715383471847897e-01 1.634237533254197794e-01 9.565145913940061861e-01 -6.730193449566241881e+00 -1.389419610689629536e+01 3.652551615708469868e+00 1.011516349816497629e+00 7.888664224730337793e+00 -3.172763906402570555e+00 -4.056902709864928624e+00 2.875884052604883223e+00 5.415041788919500165e-01 1.002296372669783331e+00 -6.034063195013551484e-01 -2.409692895887279862e-01 -1.033392725650326804e+00 3.828111629453060383e-01 2.183807055308747191e+00 -7.653212097497774646e-01 -2.460217726944563310e+00 4.129263756932469165e-01 8.059234395680346941e-01 -1.379691056872412558e+00 -5.160193234522049144e-01 -2.112432810857644672e+00 -1.766843689235795045e+00 4.949531483492679129e+00 8.314073732289626317e-01 -2.091117222097562678e+00 1.438078175662649283e+00 9.770125606114975492e-01 3.473834110651209395e-01 -1.548514201233043008e-01 2.246912508638236050e-01 1.124783702191508722e-01 -1.076435019566482354e-01 -1.969030821513064744e-01 1.381458510318747113e-01 -3.722384217429850484e-01 -9.324174756168147893e-02 1.000000000000000000e+00 0.000000000000000000e+00 0.000000000000000000e+00 0.000000000000000000e+00 0.000000000000000000e+00 0.000000000000000000e+00 0.000000000000000000e+00 0.000000000000000000e+00 0.000000000000000000e+00 0.000000000000000000e+00 0.000000000000000000e+00 0.000000000000000000e+00 0.000000000000000000e+00 0.000000000000000000e+00 0.000000000000000000e+00 0.000000000000000000e+00 0.000000000000000000e+00 0.000000000000000000e+00 0.000000000000000000e+00 0.000000000000000000e+00 0.000000000000000000e+00 0.000000000000000000e+00 0.000000000000000000e+00 0.000000000000000000e+00 0.000000000000000000e+00 0.000000000000000000e+00 0.000000000000000000e+00 0.000000000000000000e+00 0.000000000000000000e+00 0.000000000000000000e+00 0.000000000000000000e+00 0.000000000000000000e+00 0.000000000000000000e+00 0.000000000000000000e+00 0.000000000000000000e+00 0.000000000000000000e+00 0.000000000000000000e+00 0.000000000000000000e+00 0.000000000000000000e+00 0.000000000000000000e+00 0.000000000000000000e+00 0.000000000000000000e+00 0.000000000000000000e+00 0.000000000000000000e+00 0.000000000000000000e+00 0.000000000000000000e+00 0.000000000000000000e+00 0.000000000000000000e+00 0.000000000000000000e+00 0.000000000000000000e+00 0.000000000000000000e+00 0.000000000000000000e+00 0.000000000000000000e+00 0.000000000000000000e+00
6.038390294135230763e-01 7.331411499056166292e-01 -3.804359145120316477e+00 3.324962311612515542e+00 -3.608380372966199512e-01 9.578574617387128898e-01 -6.059135291966193382e-01 -1.140128260923070291e+00 -1.571515311168912632e+00 4.234105870160813190e+00 1.206103680001404044e+01 -3.266361141351982411e+00 -1.043288316728466114e+00 3.556100469960465027e+00 1.919975323561268210e+00 1.462807788695018374e+00 -4.542490401639393549e-01 -3.196688835435311238e-01 -1.360402471133753233e+00 9.161538033734286657e-01 4.687672590452404142e-01 -2.867431872848922314e-01 3.159514482859563378e-01 8.626533360620505242e-01 -8.804853296201154977e-01 7.200746981536990665e-01 -1.912788595823131932e-01 -7.240563331913096867e-01 -2.376137943785488815e+00 -6.051254050811520901e-01 4.824835441733905661e+00 4.931751878663049204e+00 -1.151411853795248952e+01 -1.999735756089591643e+00 5.437408903270029903e+00 -2.960207329882819316e+00 -1.515451364526960720e+00 1.110382519042525162e+00 1.158189629930850506e+00 -6.020988249717580398e-01 1.586855514797862687e+00 -2.584187231255467010e-01 -2.719992816361195942e+00 5.363318686217733999e-01 -1.285756922670272251e-01 -4.852945987065462319e+00 -3.057763591658119395e+00 1.000000000000000000e+00 0.000000000000000000e+00 0.000000000000000000e+00 0.000000000000000000e+00 0.000000000000000000e+00 0.000000000000000000e+00 0.000000000000000000e+00 0.000000000000000000e+00 0.000000000000000000e+00 0.000000000000000000e+00 0.000000000000000000e+00 0.000000000000000000e+00 0.000000000000000000e+00 0.000000000000000000e+00 0.000000000000000000e+00 0.000000000000000000e+00 0.000000000000000000e+00 0.000000000000000000e+00 0.000000000000000000e+00 0.000000000000000000e+00 0.000000000000000000e+00 0.000000000000000000e+00 0.000000000000000000e+00 0.000000000000000000e+00 0.000000000000000000e+00 0.000000000000000000e+00 0.000000000000000000e+00 0.000000000000000000e+00 0.000000000000000000e+00 0.000000000000000000e+00 0.000000000000000000e+00 0.000000000000000000e+00 0.000000000000000000e+00 0.000000000000000000e+00 0.000000000000000000e+00 0.000000000000000000e+00 0.000000000000000000e+00 0.000000000000000000e+00 0.000000000000000000e+00 0.000000000000000000e+00 0.000000000000000000e+00 0.000000000000000000e+00 0.000000000000000000e+00 0.000000000000000000e+00 0.000000000000000000e+00 0.000000000000000000e+00 0.000000000000000000e+00 0.000000000000000000e+00 0.000000000000000000e+00 0.000000000000000000e+00 0.000000000000000000e+00 0.000000000000000000e+00 0.000000000000000000e+00
-1.899435419696703792e-02 -4.220580437696638820e-01 -7.108394877298616077e-01 7.147255817191895400e-01 2.213971044377156527e-01 2.487905629153916109e+00 -5.475895460314116336e-01 -2.196987093840121474e+00 -3.012494079256614388e+00 7.678357564846595373e+00 2.001958060861821664e+01 -5.786632738754125427e+00 -1.442310522960096097e+00 -2.626091153095391206e+00 1.525570768145400047e+00 3.251351536624928151e+00 -1.986213778813594955e+00 8.118956835184575060e-02 -1.457029843989819717e+00 9.062691824283040931e-02 3.767418494580641042e-01 1.225395710283777140e+00 -6.286101727066253364e-01 -3.775406318630043945e+00 8.334630765177303280e-01 1.272354234196665601e+00 -2.024040846961422113e-01 3.907761645241425441e-02 -8.561825068914532544e-01 -1.127022292148910712e-02 5.137184967770737076e-01 2.773279251666415091e-01 1.164859553109685253e+00 1.593395780716170274e-01 -1.121070782741659527e-01 -2.211586977845074464e-01 -2.441577429669781751e-01 -2.682049308117258057e-01 -1.811792302525589426e-01 5.727670143349297138e-01 -6.762795952021999346e-01 -1.445580945198415013e-01 2.707468847866396633e+00 -1.041150815603912205e+00 2.727858966269178492e-03 3.306508989527497722e+00 3.317484230374117882e+00 -1.414112099074874784e+00 1.000000000000000000e+00 0.000000000000000000e+00 0.000000000000000000e+00 0.000000000000000000e+00 0.000000000000000000e+00 0.000000000000000000e+00 0.000000000000000000e+00 0.000000000000000000e+00 0.000000000000000000e+00 0.000000000000000000e+00 0.000000000000000000e+00 0.000000000000000000e+00 0.000000000000000000e+00 0.000000000000000000e+00 0.000000000000000000e+00 0.000000000000000000e+00 0.000000000000000000e+00 0.000000000000000000e+00 0.000000000000000000e+00 0.000000000000000000e+00 0.000000000000000000e+00 0.000000000000000000e+00 0.000000000000000000e+00 0.000000000000000000e+00 0.000000000000000000e+00 0.000000000000000000e+00 0.000000000000000000e+00 0.000000000000000000e+00 0.000000000000000000e+00 0.000000000000000000e+00 0.000000000000000000e+00 0.000000000000000000e+00 0.000000000000000000e+00 0.000000000000000000e+00 0.000000000000000000e+00 0.000000000000000000e+00 0.000000000000000000e+00 0.000000000000000000e+00 0.000000000000000000e+00 0.000000000000000000e+00 0.000000000000000000e+00 0.000000000000000000e+00 0.000000000000000000e+00 0.000000000000000000e+00 0.000000000000000000e+00 0.000000000000000000e+00 0.000000000000000000e+00 0.000000000000000000e+00 0.000000000000000000e+00 0.000000000000000000e+00 0.000000000000000000e+00 0.000000000000000000e+00
-3.524260862286272000e-01 -1.378777979870825732e+00 2.713476951028487516e+00 -1.329825076001643680e+00 -8.793484451062091312e-01 -4.533291172666224611e+00 7.682464143149166924e-01 2.978451041683864986e+00 6.599109709764543474e-01 -2.939668870525867117e+00 -1.033629383943311097e+01 2.948968353155862143e+00 5.649930666092732867e-01 -5.312682753206943609e+00 1.186045363182739593e-01 -1.145028914027385047e+00 -7.968251109165971902e-02 -1.189076591706935693e+00 2.446019944784425082e+00 1.131989420423049397e+00 -1.573078201825290900e+00 -1.306078870851657303e+00 7.054064077239576847e-01 -2.523672143476200613e+00 6.435498766633410694e-01 5.476861353555844136e-01 -3.362762241674295549e-02 5.449255069136289542e-01 7.390679245617154391e-01 -8.323026335822197863e-02 3.115889812869099718e+00 3.294796760951517633e+00 -1.061712819014713105e+01 -1.552584473236385376e+00 -1.152430113249906851e+00 7.027960520159232116e-01 1.780793659324806655e-01 -1.251533418223705896e+00 -8.971027958504522726e-01 5.356793640306962700e-01 2.834455642593062263e-01 -6.851217592888431129e-02 2.526069893920469323e+00 -5.931309849246269028e-01 -4.935334788299499120e-01 3.449595869192841224e+00 3.133919026461657875e+00 -1.711017526974606184e+00 -5.354515176623333428e-01 1.000000000000000000e+00 0.000000000000000000e+00 0.000000000000000000e+00 0.000000000000000000e+00 0.000000000000000000e+00 0.000000000000000000e+00 0.000000000000000000e+00 0.000000000000000000e+00 0.000000000000000000e+00 0.000000000000000000e+00 0.000000000000000000e+00 0.000000000000000000e+00 0.000000000000000000e+00 0.000000000000000000e+00 0.000000000000000000e+00 0.000000000000000000e+00 0.000000000000000000e+00 0.000000000000000000e+00 0.000000000000000000e+00 0.000000000000000000e+00 0.000000000000000000e+00 0.000000000000000000e+00 0.000000000000000000e+00 0.000000000000000000e+00 0.000000000000000000e+00 0.000000000000000000e+00 0.000000000000000000e+00 0.000000000000000000e+00 0.000000000000000000e+00 0.000000000000000000e+00 0.000000000000000000e+00 0.000000000000000000e+00 0.000000000000000000e+00 0.000000000000000000e+00 0.000000000000000000e+00 0.000000000000000000e+00 0.000000000000000000e+00 0.000000000000000000e+00 0.000000000000000000e+00 0.000000000000000000e+00 0.000000000000000000e+00 0.000000000000000000e+00 0.000000000000000000e+00 0.000000000000000000e+00 0.000000000000000000e+00 0.000000000000000000e+00 0.000000000000000000e+00 0.000000000000000000e+00 0.000000000000000000e+00 0.000000000000000000e+00 0.000000000000000000e+00
2.351985374378594007e-01 -4.250297703944022620e-01 7.679454126450713236e-01 -6.874005686692339356e-01 -2.085569524100448491e-01 -2.653493262022858623e+00 2.990670680192167863e-01 1.111402092827940669e+00 7.650577938212062001e-01 2.183719404150981647e-01 -2.147035045998885838e+00 7.476109581618847200e-01 2.766936148747032864e-01 4.067583485007534527e+00 6.266123788225792524e-01 -2.057333699183319542e+00 1.593349433921746661e+00 -1.763548470977897020e-01 1.111614989406978449e+00 1.059818532041117006e-01 -1.527256468551149715e-01 -1.860822594596901913e+00 6.202857775335384183e-01 1.589562860304035263e+00 2.881658573740611406e-01 -1.184545493567938701e+00 2.372061773332399537e-01 6.726942954931417473e-01 2.398814151463076527e+00 3.326525185367076864e-01 -1.319860049487851406e+00 -2.253458325715108845e+00 5.742630043830461162e+00 8.323558842596012752e-01 -3.812977642957547264e+00 2.621280783312270657e+00 8.902258650248580096e-01 -1.365769561006948685e+00 -1.380763903351075017e+00 2.293414325644535179e+00 4.611316334995391175e-01 -1.737328895126689088e-01 7.198887420650215141e-01 -5.659639717990793545e-02 -1.058337090550121928e+00 2.033109119691028255e+00 2.367398753473982431e+00 -1.272595638494673720e+00 1.541763109218020344e-01 4.702557058942046786e-01 1.000000000000000000e+00 0.000000000000000000e+00 0.000000000000000000e+00 0.000000000000000000e+00 0.000000000000000000e+00 0.000000000000000000e+00 0.000000000000000000e+00 0.000000000000000000e+00 0.000000000000000000e+00 0.000000000000000000e+00 0.000000000000000000e+00 0.000000000000000000e+00 0.000000000000000000e+00 0.000000000000000000e+00 0.000000000000000000e+00 0.000000000000000000e+00 0.000000000000000000e+00 0.000000000000000000e+00 0.000000000000000000e+00 0.000000000000000000e+00 0.000000000000000000e+00 0.000000000000000000e+00 0.000000000000000000e+00 0.000000000000000000e+00 0.000000000000000000e+00 0.000000000000000000e+00 0.000000000000000000e+00 0.000000000000000000e+00 0.000000000000000000e+00 0.000000000000000000e+00 0.000000000000000000e+00 0.000000000000000000e+00 0.000000000000000000e+00 0.000000000000000000e+00 0.000000000000000000e+00 0.000000000000000000e+00 0.000000000000000000e+00 0.000000000000000000e+00 0.000000000000000000e+00 0.000000000000000000e+00 0.000000000000000000e+00 0.000000000000000000e+00 0.000000000000000000e+00 0.000000000000000000e+00 0.000000000000000000e+00 0.000000000000000000e+00 0.000000000000000000e+00 0.000000000000000000e+00 0.000000000000000000e+00 0.000000000000000000e+00
-1.696516116730486967e+00 -1.953331178361839671e+00 4.754550788603068567e-01 2.772862482141584262e-01 7.277371460882945398e-01 2.592703574282023471e+00 -7.696556835207877256e-01 -1.487588335420882757e+00 -2.118424967350833465e-01 -2.663554847763433209e+00 -1.055986100000402050e+00 1.764679891219784191e-01 -1.284011938808283203e-02 5.459409865601325684e+00 -1.943600741821008393e+00 -4.893631211555112825e-01 7.731819640205959132e-01 4.886489193719426027e-01 3.898649474217925182e+00 -9.113625871631121367e-01 -1.640488532103069108e+00 9.564956842924219327e-01 -2.455343371749575676e-01 -5.741770294824197762e-01 1.728959834638075788e-01 -4.442948698045995348e-02 -4.169499306857033655e-02 3.246412583900679660e-01 3.855851183361211909e-01 -1.095573056411583840e-01 -1.380346146945097940e+00 -1.278321000205731472e+00 1.050375182502993665e+00 3.411850730732311487e-01 -1.415749842506089040e+00 8.319644482298417243e-01 1.025740067747543005e+00 5.624267926247985550e-01 5.278215936073502590e-01 -5.112507923843818691e-01 8.296153987973581279e-01 1.803228506509294837e-01 -1.279519062054853551e+00 5.084993852867538688e-01 8.367058837009733185e-01 -4.334047558192820837e+00 -4.077393795990180259e+00 1.713598453440750902e+00 -7.995061031424170739e-02 -5.004108222851364474e-01 1.611469503577943385e+00 1.000000000000000000e+00 0.000000000000000000e+00 0.000000000000000000e+00 0.000000000000000000e+00 0.000000000000000000e+00 0.000000000000000000e+00 0.000000000000000000e+00 0.000000000000000000e+00 0.000000000000000000e+00 0.000000000000000000e+00 0.000000000000000000e+00 0.000000000000000000e+00 0.000000000000000000e+00 0.000000000000000000e+00 0.000000000000000000e+00 0.000000000000000000e+00 0.000000000000000000e+00 0.000000000000000000e+00 0.000000000000000000e+00 0.000000000000000000e+00 0.000000000000000000e+00 0.000000000000000000e+00 0.000000000000000000e+00 0.000000000000000000e+00 0.000000000000000000e+00 0.000000000000000000e+00 0.000000000000000000e+00 0.000000000000000000e+00 0.000000000000000000e+00 0.000000000000000000e+00 0.000000000000000000e+00 0.000000000000000000e+00 0.000000000000000000e+00 0.000000000000000000e+00 0.000000000000000000e+00 0.000000000000000000e+00 0.000000000000000000e+00 0.000000000000000000e+00 0.000000000000000000e+00 0.000000000000000000e+00 0.000000000000000000e+00 0.000000000000000000e+00 0.000000000000000000e+00 0.000000000000000000e+00 0.000000000000000000e+00 0.000000000000000000e+00 0.000000000000000000e+00 0.000000000000000000e+00 0.000000000000000000e+00
-8.511507526437502719e-03 5.541088362838572645e-02 -5.413860799855675365e-01 9.014037914517056826e-01 -2.662530677381281796e-01 1.522827483192087383e+00 6.961198190420803122e-02 -6.162235098544633916e-01 -1.652759771137171374e-01 6.877564041019070817e-01 2.775839823086946545e+00 -6.437004171766672611e-01 -1.157337952929486102e-01 -5.978291166536000567e-01 -1.471981374459994663e-01 8.613732843704200448e-01 -6.016131509721939219e-01 4.929201244833912865e-01 -8.948140022761792878e+00 -2.361393165961196416e+00 3.925726308093943739e+00 4.780185839156188443e+00 -2.324812684936081730e+00 6.058643386525904617e+00 -2.247786969172757665e+00 -3.936070509861022693e+00 6.531637114671415834e-01 -5.279321697202827846e-01 -4.798599728603325509e+00 -1.016515126842547412e+00 4.039109783216382255e+00 4.614684147856355168e+00 -8.717244761390716690e+00 -1.538580643274134019e+00 5.193075756831762924e+00 -3.724469925254259017e+00 -2.056235637597012555e+00 1.906597989596622966e+00 2.425351441242070027e+00 -2.784948012637396886e+00 2.189483486487276753e+00 4.784280652892857755e-01 -4.886301646215835959e+00 1.287353964069035461e+00 -1.204733841338646139e+00 -7.015427505550745124e+00 -5.460119663526789680e+00 2.086572107770733986e+00 -8.911961982828000561e-01 -1.155284667326435810e-01 2.060757606825470489e+00 -7.758113108257821411e-01 1.000000000000000000e+00 0.000000000000000000e+00 0.000000000000000000e+00 0.000000000000000000e+00 0.000000000000000000e+00 0.000000000000000000e+00 0.000000000000000000e+00 0.000000000000000000e+00 0.000000000000000000e+00 0.000000000000000000e+00 0.000000000000000000e+00 0.000000000000000000e+00 0.000000000000000000e+00 0.000000000000000000e+00 0.000000000000000000e+00 0.000000000000000000e+00 0.000000000000000000e+00 0.000000000000000000e+00 0.000000000000000000e+00 0.000000000000000000e+00 0.000000000000000000e+00 0.000000000000000000e+00 0.000000000000000000e+00 0.000000000000000000e+00 0.000000000000000000e+00 0.000000000000000000e+00 0.000000000000000000e+00 0.000000000000000000e+00 0.000000000000000000e+00 0.000000000000000000e+00 0.000000000000000000e+00 0.000000000000000000e+00 0.000000000000000000e+00 0.000000000000000000e+00 0.000000000000000000e+00 0.000000000000000000e+00 0.000000000000000000e+00 0.000000000000000000e+00 0.000000000000000000e+00 0.000000000000000000e+00 0.000000000000000000e+00 0.000000000000000000e+00 0.000000000000000000e+00 0.000000000000000000e+00 0.000000000000000000e+00 0.000000000000000000e+00 0.000000000000000000e+00 0.000000000000000000e+00
1.402769013831063782e+00 2.110092525886742454e+00 2.194568946530094600e+00 -3.306455533762368226e+00 8.221331464153768254e-01 1.476613850855695853e+00 3.494853611967039808e-01 -1.601251296416569714e+00 6.698106515618212908e-01 3.226992608549489550e+00 5.149284672670626506e+00 -1.380951588710279232e+00 -9.067296366398630569e-02 5.773266070270676176e-01 1.313710892057011526e+00 1.138853084866970011e+00 -4.284385611751775347e-01 2.775063962494446479e-02 2.068774927248938855e+00 1.077093234290128931e+00 -1.369847372607843727e+00 -6.558765935287774740e-02 2.212953744514082055e-01 -5.268674104837346661e+00 1.513069813882091275e+00 2.824830860128649146e+00 -4.267432745842208441e-01 -9.990730830068542123e-02 2.686656913871012797e+00 4.733061268942129196e-01 3.842502627059178444e+00 2.916355459469478273e+00 -7.689015455973208013e+00 -1.267547898552215280e+00 3.754586219928921498e-01 -5.622356808246674609e-01 -8.920873012148402559e-01 -5.043527774050783341e-01 -4.729770357642387735e-02 1.774394583960508531e-01 -2.313132990366328634e-01 -7.857713470231555627e-03 3.290813825671505377e+00 -1.389208472911959591e+00 -5.644227402534536253e-01 3.985443145178447999e+00 3.708907537657486042e+00 -1.645561829664909714e+00 8.028944271202037575e-01 1.361460335618774886e-01 -3.197317558916683566e+00 -8.427483823473281843e-01 -6.026957051611037119e-01 1.000000000000000000e+00 0.000000000000000000e+00 0.000000000000000000e+00 0.000000000000000000e+00 0.000000000000000000e+00 0.000000000000000000e+00 0.000000000000000000e+00 0.000000000000000000e+00 0.000000000000000000e+00 0.000000000000000000e+00 0.000000000000000000e+00 0.000000000000000000e+00 0.000000000000000000e+00 0.000000000000000000e+00 0.000000000000000000e+00 0.000000000000000000e+00 0.000000000000000000e+00 0.000000000000000000e+00 0.000000000000000000e+00 0.000000000000000000e+00 0.000000000000000000e+00 0.000000000000000000e+00 0.000000000000000000e+00 0.000000000000000000e+00 0.000000000000000000e+00 0.000000000000000000e+00 0.000000000000000000e+00 0.000000000000000000e+00 0.000000000000000000e+00 0.000000000000000000e+00 0.000000000000000000e+00 0.000000000000000000e+00 0.000000000000000000e+00 0.000000000000000000e+00 0.000000000000000000e+00 0.000000000000000000e+00 0.000000000000000000e+00 0.000000000000000000e+00 0.000000000000000000e+00 0.000000000000000000e+00 0.000000000000000000e+00 0.000000000000000000e+00 0.000000000000000000e+00 0.000000000000000000e+00 0.000000000000000000e+00 0.000000000000000000e+00 0.000000000000000000e+00
9.895249578664472301e-01 4.387000771915243735e-01 -1.413981240773494852e+00 1.389867309182038602e+00 -9.901667033285884711e-01 -1.733162326302907230e+00 4.732944730818719470e-01 9.562469961823256703e-01 -8.142771980489146300e-01 4.820887120495645384e+00 7.036063207041093115e+00 -1.949532484369625118e+00 -4.047461567389463721e-01 -1.088568978771185591e+01 2.319435734553769723e+00 2.766250255972913852e+00 -2.583448850310353873e+00 -8.849070743932385685e-01 -2.823700913865998086e+00 3.955191595410465499e-01 6.099186256950841489e-01 1.027652918507967028e+00 -4.601603396731243079e-01 -1.322809534844819446e+00 2.894092358422033495e-01 4.642060433446734691e-01 -8.311446111083724275e-02 -3.415233487707385884e-01 -3.816259979768099053e-01 2.812268754813518346e-01 4.047553399170386257e+00 3.613287245184395147e+00 -6.725527633602109923e+00 -1.289721822829013709e+00 2.836645593979185254e+00 -1.837299365263050488e+00 -1.684864996588418151e+00 -7.490861119042618865e-02 4.347907924425942761e-01 -9.837577880785041140e-01 8.169642151332332514e-01 -1.450442685724773195e-01 -2.886028683886995072e+00 5.842230695410866037e-01 8.652195987009347194e-03 -3.772379344813572732e+00 -2.333887692844483830e+00 1.612804634213613975e+00 1.051065081636408660e+00 -1.227819358555344076e+00 -4.577305111706241547e+00 -8.367138659242727705e-01 -1.362602668188325650e+00 -5.653676453284288694e-01 1.000000000000000000e+00 0.000000000000000000e+00 0.000000000000000000e+00 0.000000000000000000e+00 0.000000000000000000e+00 0.000000000000000000e+00 0.000000000000000000e+00 0.000000000000000000e+00 0.000000000000000000e+00 0.000000000000000000e+00 0.000000000000000000e+00 0.000000000000000000e+00 0.000000000000000000e+00 0.000000000000000000e+00 0.000000000000000000e+00 0.000000000000000000e+00 0.000000000000000000e+00 0.000000000000000000e+00 0.000000000000000000e+00 0.000000000000000000e+00 0.000000000000000000e+00 0.000000000000000000e+00 0.000000000000000000e+00 0.000000000000000000e+00 0.000000000000000000e+00 0.000000000000000000e+00 0.000000000000000000e+00 0.000000000000000000e+00 0.000000000000000000e+00 0.000000000000000000e+00 0.000000000000000000e+00 0.000000000000000000e+00 0.000000000000000000e+00 0.000000000000000000e+00 0.000000000000000000e+00 0.000000000000000000e+00 0.000000000000000000e+00 0.000000000000000000e+00 0.000000000000000000e+00 0.000000000000000000e+00 0.000000000000000000e+00 0.000000000000000000e+00 0.000000000000000000e+00 0.000000000000000000e+00 0.000000000000000000e+00 0.000000000000000000e+00
1.938044836847080843e+00 1.039341391357062605e+00 9.300624739930450247e+00 -9.034621403184626587e+00 1.525134812157950659e+00 2.860659897029989573e-01 1.242419691220251865e+00 3.024767793051925113e-01 2.743974542619449508e+00 -5.962206607796447955e+00 -1.261645235620659378e+01 3.760417987500037640e+00 9.471909480609985721e-01 6.850262740967072439e+00 -1.370235920139592389e+00 -2.844742474264550847e+00 2.261727463522545278e+00 4.962142314592879466e-01 3.240156226301046383e-01 -9.957764892227618514e-01 1.374375226436173325e-01 -6.239644626829101703e-01 -1.288287692657205663e-01 2.461461317254688974e-01 2.539956940871797575e-01 -1.604349724782020203e+00 2.831006977169011618e-01 1.116067182814471481e+00 3.232301758786252921e-01 -3.589273600197567249e-01 -3.993827004503431866e+00 -3.914539599043872276e+00 7.548001048092285892e+00 1.408344587978812124e+00 -5.102700195784201753e+00 3.613626977648289884e+00 2.019269152083390750e+00 -6.411389700451058937e-01 -9.488199822387708426e-01 1.197236475365334174e+00 -2.272997638871437631e-01 2.716315678929347444e-01 1.245907411594044056e+00 -3.059879821880601702e-01 -4.068197507309744276e-01 1.433254548748686741e+00 -5.098313260057872887e-01 8.952703952195452120e-01 -2.106022366714393801e+00 6.562877910233605450e-01 -8.662549082636351372e+00 7.158133130841883851e-01 -1.660204865081147840e+00 3.831471735597347994e+00 -1.707734838907339237e+00 1.000000000000000000e+00 0.000000000000000000e+00 0.000000000000000000e+00 0.000000000000000000e+00 0.000000000000000000e+00 0.000000000000000000e+00 0.000000000000000000e+00 0.000000000000000000e+00 0.000000000000000000e+00 0.000000000000000000e+00 0.000000000000000000e+00 0.000000000000000000e+00 0.000000000000000000e+00 0.000000000000000000e+00 0.000000000000000000e+00 0.000000000000000000e+00 0.000000000000000000e+00 0.000000000000000000e+00 0.000000000000000000e+00 0.000000000000000000e+00 0.000000000000000000e+00 0.000000000000000000e+00 0.000000000000000000e+00 0.000000000000000000e+00 0.000000000000000000e+00 0.000000000000000000e+00 0.000000000000000000e+00 0.000000000000000000e+00 0.000000000000000000e+00 0.000000000000000000e+00 0.000000000000000000e+00 0.000000000000000000e+00 0.000000000000000000e+00 0.000000000000000000e+00 0.000000000000000000e+00 0.000000000000000000e+00 0.000000000000000000e+00 0.000000000000000000e+00 0.000000000000000000e+00 0.000000000000000000e+00 0.000000000000000000e+00 0.000000000000000000e+00 0.000000000000000000e+00 0.000000000000000000e+00 0.000000000000000000e+00
-1.361120630567688450e-01 -1.144403510376710731e+00 -3.903559524463360741e+00 3.548217870688552100e+00 -1.326034869703374142e+00 5.034490409130551458e-02 -2.005836583013362040e-01 -1.763127696680478473e-01 -1.958245278068190043e+00 3.970131716981290637e+00 8.678166569518474205e+00 -2.552759216909063600e+00 -5.240383466536242540e-01 -1.036627245771226846e+01 1.741019475776305780e+00 4.837139503178884858e+00 -3.631685298855613642e+00 1.059473024948386216e-01 -1.321766387861462055e+00 -7.114054908952669454e-01 -8.379297025082682593e-02 3.963080274554253268e+00 -1.901402388203902838e+00 -9.797864440872711356e+00 2.673304079540276046e+00 3.918041564606776550e+00 -5.596831854627334346e-01 -4.110660633827469268e-01 4.752171388623711024e-01 1.753969572621431328e-01 -9.710383414004369884e-01 -1.084721402322150086e+00 1.564280020978113139e+00 3.726150515359497040e-01 -7.813303137620442040e-01 9.276782542885948779e-02 -7.371291129421558841e-03 -7.799442629358632750e-01 -4.021164882069028917e-02 3.352270284342465101e-01 5.931908307404782921e-01 3.100261562475396526e-01 1.587349997111642708e+00 -6.727090686878969272e-01 -5.398324491459081248e-02 7.485093590439402533e-02 -7.048386068478617039e-01 2.953383606833283048e-01 3.185502829406248182e-01 -2.675809619948020246e-01 -3.435661983355297266e+00 9.646530518874975313e-02 -8.302468477917399614e-01 1.793114428064892962e+00 -4.469884118842424869e-01 -1.364294275310328208e-01 1.000000000000000000e+00 0.000000000000000000e+00 0.000000000000000000e+00 0.000000000000000000e+00 0.000000000000000000e+00 0.000000000000000000e+00 0.000000000000000000e+00 0.000000000000000000e+00 0.000000000000000000e+00 0.000000000000000000e+00 0.000000000000000000e+00 0.000000000000000000e+00 0.000000000000000000e+00 0.000000000000000000e+00 0.000000000000000000e+00 0.000000000000000000e+00 0.000000000000000000e+00 0.000000000000000000e+00 0.000000000000000000e+00 0.000000000000000000e+00 0.000000000000000000e+00 0.000000000000000000e+00 0.000000000000000000e+00 0.000000000000000000e+00 0.000000000000000000e+00 0.000000000000000000e+00 0.000000000000000000e+00 0.000000000000000000e+00 0.000000000000000000e+00 0.000000000000000000e+00 0.000000000000000000e+00 0.000000000000000000e+00 0.000000000000000000e+00 0.000000000000000000e+00 0.000000000000000000e+00 0.000000000000000000e+00 0.000000000000000000e+00 0.000000000000000000e+00 0.000000000000000000e+00 0.000000000000000000e+00 0.000000000000000000e+00 0.000000000000000000e+00 0.000000000000000000e+00 0.000000000000000000e+00
1.891560330357839881e+00 2.330429230506146254e+00 3.381861081131915636e+00 -4.414670383981537327e+00 8.811734106567736813e-01 -1.777439787344890776e-02 8.002614141081879628e-01 -2.852036776240235993e-01 9.291348993647966514e-01 1.238520966069450724e+00 -1.275689521947399152e+00 3.701557601459800617e-01 3.398235305174340248e-01 1.180766263326733068e+00 4.542280267764465806e-01 -1.575425505070518206e-01 3.337851774594829957e-01 5.759908207261824620e-01 -1.744591327319970464e+00 5.710134063856358022e-01 1.149406381292521706e+00 -1.753258374227612215e+00 7.049090622075826484e-01 3.378399653975700634e+00 -1.011535182799194077e+00 -1.724027615674018854e+00 2.281031673813880001e-01 3.674888166098928544e-01 -6.877989970054270152e-01 -1.124158215428290447e-01 -6.185341657452722020e-01 -5.424574400443383793e-01 1.854875164453829717e+00 2.074615963641296412e-01 4.029412940113086261e-01 -1.282261174014682481e-01 -1.700632966276512947e-01 1.009025598199058571e+00 9.151561938012169328e-01 -1.015433357079269960e+00 2.406751171266949263e-01 2.505596736723444407e-01 -1.140085250408609641e+00 4.503840885149806850e-01 -4.569490398057476921e-01 -8.057511769469060114e-01 -8.928298787317282548e-01 1.849460136078798569e-02 -1.286011815837496242e+00 7.965094485036919858e-01 4.172979588609033286e+00 1.223998725249797692e+00 1.003665703109912988e+00 -6.190769810319588506e-01 -8.836452947137029001e-01 -1.009937954527940329e+00 2.061087141977596460e+00 1.000000000000000000e+00 0.000000000000000000e+00 0.000000000000000000e+00 0.000000000000000000e+00 0.000000000000000000e+00 0.000000000000000000e+00 0.000000000000000000e+00 0.000000000000000000e+00 0.000000000000000000e+00 0.000000000000000000e+00 0.000000000000000000e+00 0.000000000000000000e+00 0.000000000000000000e+00 0.000000000000000000e+00 0.000000000000000000e+00 0.000000000000000000e+00 0.000000000000000000e+00 0.000000000000000000e+00 0.000000000000000000e+00 0.000000000000000000e+00 0.000000000000000000e+00 0.000000000000000000e+00 0.000000000000000000e+00 0.000000000000000000e+00 0.000000000000000000e+00 0.000000000000000000e+00 0.000000000000000000e+00 0.000000000000000000e+00 0.000000000000000000e+00 0.000000000000000000e+00 0.000000000000000000e+00 0.000000000000000000e+00 0.000000000000000000e+00 0.000000000000000000e+00 0.000000000000000000e+00 0.000000000000000000e+00 0.000000000000000000e+00 0.000000000000000000e+00 0.000000000000000000e+00 0.000000000000000000e+00 0.000000000000000000e+00 0.000000000000000000e+00 0.000000000000000000e+00
-4.151354859702141020e-01 3.988855150784474946e-01 -4.528592376141429732e+00 3.797983786400592976e+00 -2.755689966022998871e-01 1.224492212003665426e+00 -7.486377925853278104e-01 -7.030940278332118432e-01 -1.496976262244664069e+00 3.178857546985058402e+00 6.726026653806176370e+00 -2.166732434392252049e+00 -5.628248961430409869e-01 -5.574978709204548188e+00 1.298084852375308573e+00 1.357182247704743050e+00 -1.408104317622515866e+00 -8.666469071200172403e-01 1.439474506026696687e+00 4.567304868287451192e-01 -9.096428106222951282e-01 6.295270392214189492e-01 9.373332400239087203e-02 -7.630966084166295182e-01 8.004045340626949820e-03 7.698014344562528199e-01 -2.088057264829086546e-01 -8.696813005654107087e-01 -1.043934700111752711e+00 1.296058218535085533e-03 -8.420928478583548094e-01 -1.164933642315606699e+00 5.587840292147362220e+00 6.428046674502742031e-01 2.596033705295877958e+00 -2.568151629361093757e+00 -1.688625914819918084e+00 7.192439484739413524e-01 1.346429783622844045e+00 -1.107501793157794179e+00 1.531711827147355542e+00 4.295810780873605961e-02 -2.951175975385347705e+00 1.013875473795348814e+00 -2.383805754273543853e-01 -3.761103946942231602e+00 -2.247454584682244683e+00 3.019558023181114215e-01 -4.114821232156994912e-01 4.346575438297655691e-01 6.182380243997557479e+00 -1.200894622895175984e-01 1.560362342749038067e+00 -2.077322184125775184e+00 5.021526872768440342e-01 -1.327973194063615248e-01 8.510918922635288264e-02 8.749486562814271506e-01 1.000000000000000000e+00 0.000000000000000000e+00 0.000000000000000000e+00 0.000000000000000000e+00 0.000000000000000000e+00 0.000000000000000000e+00 0.000000000000000000e+00 0.000000000000000000e+00 0.000000000000000000e+00 0.000000000000000000e+00 0.000000000000000000e+00 0.000000000000000000e+00 0.000000000000000000e+00 0.000000000000000000e+00 0.000000000000000000e+00 0.000000000000000000e+00 0.000000000000000000e+00 0.000000000000000000e+00 0.000000000000000000e+00 0.000000000000000000e+00 0.000000000000000000e+00 0.000000000000000000e+00 0.000000000000000000e+00 0.000000000000000000e+00 0.000000000000000000e+00 0.000000000000000000e+00 0.000000000000000000e+00 0.000000000000000000e+00 0.000000000000000000e+00 0.000000000000000000e+00 0.000000000000000000e+00 0.000000000000000000e+00 0.000000000000000000e+00 0.000000000000000000e+00 0.000000000000000000e+00 0.000000000000000000e+00 0.000000000000000000e+00 0.000000000000000000e+00 0.000000000000000000e+00 0.000000000000000000e+00 0.000000000000000000e+00 0.000000000000000000e+00
-1.656872700357043149e+00 -1.571861829001124589e+00 -7.903034440698415430e+00 7.544988965845774054e+00 -2.134811600742422044e+00 -1.491541364908291811e+00 -3.579999839653723037e-01 7.684250348383474261e-02 -7.552599267082341084e-02 4.887359925419763051e+00 8.137076654916748808e+00 -2.050074771133812312e+00 -5.094260657964769790e-01 -6.944206237931799031e+00 1.412923444164354336e+00 8.608042364503705191e-01 -1.058990031305265589e+00 -1.236723320254422276e-01 -3.314394920577826475e+00 3.205047802544702118e-01 1.540990948551255402e+00 -3.370465639136127622e-01 -1.068357979454614276e-01 -2.226764057085138582e+00 9.993983670107966510e-01 1.737334204958475459e+00 -2.522189694148285755e-01 -2.766122779477550031e-01 7.232612546784853436e-01 1.700173222804885198e-01 1.452163883583263759e+00 7.355653196770147728e-01 -1.556378902416634125e+00 -3.419124160011596802e-01 -8.117222126086132139e-01 4.697052752343015003e-01 -2.175053986722696175e-01 -5.513760254317603415e-01 -1.556789679492592560e-01 1.094342921646265510e-01 8.595071970640595360e-01 3.165238118198093198e-01 -9.508474274517806357e-01 1.011390464108258974e-01 -1.156711326477239732e+00 -1.147255122342245359e+00 -1.516538829801531651e+00 6.301341885808290355e-01 -7.761288246050696005e-01 1.578803782843686276e-01 -4.353664313576784295e+00 -1.426621872599670882e+00 -5.317590025173748458e-01 1.573630098472581729e+00 -5.138644665283658569e-02 2.844194671737376168e-01 1.353339444742752418e-01 -9.289962962866196161e-01 -7.067930745907192724e-01 1.000000000000000000e+00 0.000000000000000000e+00 0.000000000000000000e+00 0.000000000000000000e+00 0.000000000000000000e+00 0.000000000000000000e+00 0.000000000000000000e+00 0.000000000000000000e+00 0.000000000000000000e+00 0.000000000000000000e+00 0.000000000000000000e+00 0.000000000000000000e+00 0.000000000000000000e+00 0.000000000000000000e+00 0.000000000000000000e+00 0.000000000000000000e+00 0.000000000000000000e+00 0.000000000000000000e+00 0.000000000000000000e+00 0.000000000000000000e+00 0.000000000000000000e+00 0.000000000000000000e+00 0.000000000000000000e+00 0.000000000000000000e+00 0.000000000000000000e+00 0.000000000000000000e+00 0.000000000000000000e+00 0.000000000000000000e+00 0.000000000000000000e+00 0.000000000000000000e+00 0.000000000000000000e+00 0.000000000000000000e+00 0.000000000000000000e+00 0.000000000000000000e+00 0.000000000000000000e+00 0.000000000000000000e+00 0.000000000000000000e+00 0.000000000000000000e+00 0.000000000000000000e+00 0.000000000000000000e+00 0.000000000000000000e+00
6.372226513543975956e-01 2.565330962662778491e-01 -1.062555447409392784e+00 2.422459628471499704e-01 4.171687699407299332e-01 -2.482766544355901328e-01 -3.728252819552835828e-01 3.048768408391941964e-01 5.570023241301357286e-01 -2.604938009957099787e+00 -7.059051104643318197e+00 1.871450445021493492e+00 4.821421723073708865e-01 2.058214526760060004e+00 7.488342879039680544e-02 1.557473562440388815e+00 -5.826149001054383714e-01 5.102643535321909063e-01 3.642796255837146280e+00 -2.401633680075219712e-01 -1.294605226688677391e+00 4.245793479618454637e-03 1.211039478631176503e-01 8.181191102471336851e-01 4.152646145936545463e-01 -5.736710334740890982e-01 1.389088842132621404e-01 4.059764503604548769e-01 3.335496420634028070e+00 1.067912401639262709e+00 -1.026762224626708742e+00 -1.082409841273960227e+00 1.594921714378746413e+00 2.515597638706081329e-01 -1.492682754903172260e+00 -1.835492464938792145e-01 -9.551249489033136753e-01 -1.107446348404346415e+00 -5.521879985839699412e-01 -7.279855619977222414e-01 -1.067425915393235059e+00 4.019717033380213467e-01 1.772022846657572981e-01 3.283967988619983930e-02 5.879125641570049909e-01 2.704495022819650263e+00 1.618824979144587672e+00 5.600800514343251546e-02 -6.589529916656677866e-01 3.566652734259469215e-02 -2.023722445831863226e+00 1.649553921131582612e+00 -5.832632938872523987e-01 -9.873815966863183635e-02 -4.573758622522013928e-01 7.436445730832217382e-01 -1.776894747011310782e+00 1.327821200329407370e-01 4.658912092553771367e-02 3.160689817359480180e+00 1.000000000000000000e+00 0.000000000000000000e+00 0.000000000000000000e+00 0.000000000000000000e+00 0.000000000000000000e+00 0.000000000000000000e+00 0.000000000000000000e+00 0.000000000000000000e+00 0.000000000000000000e+00 0.000000000000000000e+00 0.000000000000000000e+00 0.000000000000000000e+00 0.000000000000000000e+00 0.000000000000000000e+00 0.000000000000000000e+00 0.000000000000000000e+00 0.000000000000000000e+00 0.000000000000000000e+00 0.000000000000000000e+00 0.000000000000000000e+00 0.000000000000000000e+00 0.000000000000000000e+00 0.000000000000000000e+00 0.000000000000000000e+00 0.000000000000000000e+00 0.000000000000000000e+00 0.000000000000000000e+00 0.000000000000000000e+00 0.000000000000000000e+00 0.000000000000000000e+00 0.000000000000000000e+00 0.000000000000000000e+00 0.000000000000000000e+00 0.000000000000000000e+00 0.000000000000000000e+00 0.000000000000000000e+00 0.000000000000000000e+00 0.000000000000000000e+00 0.000000000000000000e+00 0.000000000000000000e+00
5.386957153209376292e-01 6.575024417662896914e-01 4.806145815436154933e+00 -4.397934484393764443e+00 1.311505462323199644e+00 1.756646124776374829e-01 2.140224851490585001e-01 -4.223944159593984171e-02 2.919639036424085954e-01 -2.001870747150268137e+00 -3.597206719889988857e+00 9.743555875596622284e-01 2.102155349530688555e-01 5.000798980641783409e+00 -4.691990330632550554e-01 -9.137586010626689292e-01 1.026620711566331279e+00 3.617923041833740472e-01 9.659676723700961753e-01 -9.255490903613288189e-01 1.116169059290378351e-01 -2.765377526537043384e-01 5.216726330562694580e-02 3.995970897489492746e+00 -1.574273038392085267e-01 -9.745033914000853503e-01 1.651449024662935416e-01 -2.715299422045758804e-01 2.978531141999331666e+00 4.440636322796042146e-01 -3.591559700940399225e+00 -4.142029481563658244e+00 8.187854386333357937e+00 1.329296572543514632e+00 -2.772935503585391537e+00 1.710382939646880152e+00 8.557019662212302924e-01 -1.349388414134824909e+00 -1.208716644304093979e+00 1.830152654949029456e+00 6.308892068348624926e-01 -1.106195040572795774e-01 -1.782193447804518438e-01 5.546370334530792423e-01 -3.415397253555554902e-01 8.794271738059420418e-01 2.873124232005956902e-01 -5.829601282904784965e-01 -5.913971308101411140e-01 5.444845286249896388e-01 3.038478871540537973e+00 3.547722696961243261e-02 6.006565050937735517e-01 -5.149610787699944181e-01 5.062249276072319226e-01 7.478429559828084772e-01 -2.084475285214893781e+00 -1.960623674968866581e+00 -2.250203999148778222e-01 1.531826116606473853e+01 1.820414071388630317e+00 1.000000000000000000e+00 0.000000000000000000e+00 0.000000000000000000e+00 0.000000000000000000e+00 0.000000000000000000e+00 0.000000000000000000e+00 0.000000000000000000e+00 0.000000000000000000e+00 0.000000000000000000e+00 0.000000000000000000e+00 0.000000000000000000e+00 0.000000000000000000e+00 0.000000000000000000e+00 0.000000000000000000e+00 0.000000000000000000e+00 0.000000000000000000e+00 0.000000000000000000e+00 0.000000000000000000e+00 0.000000000000000000e+00 0.000000000000000000e+00 0.000000000000000000e+00 0.000000000000000000e+00 0.000000000000000000e+00 0.000000000000000000e+00 0.000000000000000000e+00 0.000000000000000000e+00 0.000000000000000000e+00 0.000000000000000000e+00 0.000000000000000000e+00 0.000000000000000000e+00 0.000000000000000000e+00 0.000000000000000000e+00 0.000000000000000000e+00 0.000000000000000000e+00 0.000000000000000000e+00 0.000000000000000000e+00 0.000000000000000000e+00 0.000000000000000000e+00 0.000000000000000000e+00
-6.529109492881802757e-01 -6.834462694491900692e-01 3.887828474306835591e-02 1.452293918709942483e-02 2.478715243823956249e-01 -3.613892502449731620e-03 -2.169372304670214857e-01 -2.194960405994888231e-01 -6.827345343310858850e-02 1.212463070381594621e+00 3.788335940950353642e+00 -1.001936230963761387e+00 -3.363464403158915039e-01 2.544337428696844317e+00 1.863968028098718921e-01 -1.157014920874445685e-01 4.364826729147924245e-01 3.292365809246204922e-01 -6.128295705856771081e-01 6.744495462265874541e-02 6.518860232177506875e-01 -1.545159551606217097e+00 4.619477260879072400e-01 3.360711605765361654e+00 6.122624419503841509e-01 -1.403491786571884892e-01 1.558464216545889514e-01 -1.648981660708013219e-01 4.643260453666640863e+00 1.161068403009107852e+00 -1.729455826523445205e+00 -2.880027287413940318e+00 7.360995366688256603e+00 1.147050193792117145e+00 -5.024048096362908389e+00 1.728048673563960413e+00 -3.226833347181609635e-02 -2.008858602434698160e+00 -1.479818224920089964e+00 8.983654366141117231e-01 2.277459778318901562e-01 7.218352488113805032e-01 4.453992148223263392e+00 -7.031102684366264954e-01 -8.566634916623797613e-01 7.115000491024479068e+00 5.208723138385519036e+00 -3.228988568964113792e+00 -1.444685345005913613e+00 2.043030678091516616e+00 6.119199037293822308e+00 -4.728641050088569497e-01 1.899564302791164172e+00 -1.048992087794423211e+00 4.712248822552532190e-01 1.206973366265114089e+00 -2.203933430604579691e+00 7.238570697780664087e-01 1.437218223366572900e+00 -2.573651144495843468e+01 -2.710809173817722240e+00 -1.583142790751422391e+00 1.000000000000000000e+00 0.000000000000000000e+00 0.000000000000000000e+00 0.000000000000000000e+00 0.000000000000000000e+00 0.000000000000000000e+00 0.000000000000000000e+00 0.000000000000000000e+00 0.000000000000000000e+00 0.000000000000000000e+00 0.000000000000000000e+00 0.000000000000000000e+00 0.000000000000000000e+00 0.000000000000000000e+00 0.000000000000000000e+00 0.000000000000000000e+00 0.000000000000000000e+00 0.000000000000000000e+00 0.000000000000000000e+00 0.000000000000000000e+00 0.000000000000000000e+00 0.000000000000000000e+00 0.000000000000000000e+00 0.000000000000000000e+00 0.000000000000000000e+00 0.000000000000000000e+00 0.000000000000000000e+00 0.000000000000000000e+00 0.000000000000000000e+00 0.000000000000000000e+00 0.000000000000000000e+00 0.000000000000000000e+00 0.000000000000000000e+00 0.000000000000000000e+00 0.000000000000000000e+00 0.000000000000000000e+00 0.000000000000000000e+00 0.000000000000000000e+00
-3.938223284826045112e-01 -1.417273073910971570e+00 8.221620204609060290e-01 -5.785099051692274008e-01 -5.403409481951774174e-01 -9.451715572999985771e-01 3.336374354925399355e-01 2.038359208688303448e-01 -3.033931377369178395e-01 3.139649598063823710e+00 6.026861615494606639e+00 -1.555052069721275521e+00 -3.105728156881273905e-01 -7.242695774259246377e+00 2.232262597206367882e+00 2.972209911091851176e+00 -2.204184888693817790e+00 -3.419630964869876943e-01 -7.930345821836471965e-01 1.120470302678297392e+00 1.225719437905333983e-02 -6.437002116437167132e-01 3.725877424942140859e-02 -7.943574631668108843e+00 1.854590060775408000e+00 4.210536099234619911e+00 -7.102895897414833737e-01 -2.426145496199148266e-01 9.153548988827356001e-03 -5.067237458459731281e-01 -1.967543600053353270e+00 -2.001879905264027482e+00 2.688974705312449309e+00 6.216712617581192646e-01 -1.848690906946321766e+00 2.267727211547374555e+00 1.931744803849186898e+00 7.463594886889389490e-02 -4.114027033609540807e-01 1.148297915046292417e+00 -7.086066763098425314e-01 -5.485533516870779724e-01 -1.862465849770339910e+00 1.334523182633370331e-01 4.647633357874342841e-01 -3.443483717552119572e+00 -4.668122141882316001e+00 3.808739470675464034e+00 -7.269690312854214520e-01 -1.476306759955060555e+00 -1.372883696838892931e+01 -6.191755529449860518e-02 -2.779250022458244374e+00 3.740294310300320557e+00 -1.079566251357565898e+00 1.288808560631868438e+00 -5.876560489857703962e-01 1.385845018820632824e-01 -5.906969319639741034e-01 -2.628559095992977657e+00 -1.722911726949739319e-01 -5.734312360233959627e-01 -7.531756932207750443e-01 1.000000000000000000e+00 0.000000000000000000e+00 0.000000000000000000e+00 0.000000000000000000e+00 0.000000000000000000e+00 0.000000000000000000e+00 0.000000000000000000e+00 0.000000000000000000e+00 0.000000000000000000e+00 0.000000000000000000e+00 0.000000000000000000e+00 0.000000000000000000e+00 0.000000000000000000e+00 0.000000000000000000e+00 0.000000000000000000e+00 0.000000000000000000e+00 0.000000000000000000e+00 0.000000000000000000e+00 0.000000000000000000e+00 0.000000000000000000e+00 0.000000000000000000e+00 0.000000000000000000e+00 0.000000000000000000e+00 0.000000000000000000e+00 0.000000000000000000e+00 0.000000000000000000e+00 0.000000000000000000e+00 0.000000000000000000e+00 0.000000000000000000e+00 0.000000000000000000e+00 0.000000000000000000e+00 0.000000000000000000e+00 0.000000000000000000e+00 0.000000000000000000e+00 0.000000000000000000e+00 0.000000000000000000e+00 0.000000000000000000e+00
-7.145657809158288964e-01 -1.390642443197961597e+00 -5.820168677384570444e+00 5.475773763186593257e+00 -1.895329539606872782e+00 -3.479158880431980627e+00 -8.692964182172835397e-02 2.149632372503603506e+00 -3.086930734871864423e-01 -1.314920203137986521e+00 -7.013188688078976440e+00 1.866608085658325811e+00 4.087485000243575861e-01 -3.611690891842417983e+00 5.214784304801330789e-02 -9.094608480369315018e-02 -3.845318857274417912e-01 1.387217363753165678e-01 -2.095615242865976224e+00 1.440268090184823324e-01 1.089040510797510075e+00 -5.671047750519769837e-01 1.855267092460678030e-02 -5.175401441425170335e-01 3.649933217797559082e-01 2.952454461080991077e-01 2.969424845818156161e-02 3.824594714477917989e-01 -7.113008560244511447e-01 -4.238315632279941458e-01 4.056904911184026075e-01 3.075833312459937963e-01 -1.204611123294164976e+00 -1.415134618277658629e-01 -3.494425912583059013e-01 1.870495114166028927e-01 -4.701811609131591879e-02 7.023346940626084001e-01 7.537590564196997578e-01 -1.542942805480460366e+00 -8.574656395483986060e-01 6.489483442655908929e-01 -5.159342823531439803e-01 -1.485148849657681180e-01 8.254364345072326969e-01 -8.836159539934546059e-01 -1.108745080213302980e+00 1.143415798098889491e+00 5.815469866850934977e-02 -5.932737820530893380e-01 -2.760827642369353629e+00 1.052780650925815742e+00 -8.018769310768825154e-01 1.108301709201269691e+00 -1.014015044416664679e+00 -5.139512347445390761e-01 1.985607996142947140e+00 2.499406935855313705e+00 4.821244611428550098e-01 -2.083222242167940763e+01 -2.030153725262156872e+00 -1.549769499921864746e+00 -9.337787776294786957e-02 -9.398071477498930182e-02 1.000000000000000000e+00 0.000000000000000000e+00 0.000000000000000000e+00 0.000000000000000000e+00 0.000000000000000000e+00 0.000000000000000000e+00 0.000000000000000000e+00 0.000000000000000000e+00 0.000000000000000000e+00 0.000000000000000000e+00 0.000000000000000000e+00 0.000000000000000000e+00 0.000000000000000000e+00 0.000000000000000000e+00 0.000000000000000000e+00 0.000000000000000000e+00 0.000000000000000000e+00 0.000000000000000000e+00 0.000000000000000000e+00 0.000000000000000000e+00 0.000000000000000000e+00 0.000000000000000000e+00 0.000000000000000000e+00 0.000000000000000000e+00 0.000000000000000000e+00 0.000000000000000000e+00 0.000000000000000000e+00 0.000000000000000000e+00 0.000000000000000000e+00 0.000000000000000000e+00 0.000000000000000000e+00 0.000000000000000000e+00 0.000000000000000000e+00 0.000000000000000000e+00 0.000000000000000000e+00 0.000000000000000000e+00
-1.661400141246412776e+00 -1.500530161993007372e+00 -7.247508929277154621e+00 6.809939137203170567e+00 -1.471804027616743227e+00 1.264878311553948587e-01 -5.951880106496615364e-01 -8.393084097916178044e-01 -5.654993840028676999e-01 3.884427129027391512e+00 8.052631015680765003e+00 -2.108524737731551468e+00 -5.990885654563854468e-01 -2.730592390704454253e+00 2.320917098496144249e+00 2.380075299403855205e+00 -1.470505663123807594e+00 -4.059835506293180130e-01 -1.048893689699050169e+00 5.805215998520866227e-01 5.328104711809256155e-01 -6.941648163987791387e-01 2.378774850748202607e-01 3.531753660044829046e-01 5.153143087524146848e-01 1.972497085369536940e+00 -3.036623974539344739e-01 -8.010204068283723888e-01 2.514802674252414327e+00 5.222440017215372876e-01 8.498645182744475335e-01 4.451593347088913522e-01 -2.436579209799238477e+00 -2.756211478854717067e-01 -3.227670681073122161e+00 2.574034614479260519e+00 1.285125811666117057e+00 -1.970862924863874266e+00 -1.638330102305894931e+00 1.081936623265828068e+00 -1.535316413946197667e+00 -1.719794893356328125e-01 1.281576013508707090e+00 -6.605317545742096508e-01 2.872744223678982411e-01 3.142602503355187427e+00 2.469240163917493014e+00 2.680713437903046656e-02 5.037795292136566516e-01 -6.860520805011983692e-01 -5.529753038765371720e+00 -8.293543265160508993e-01 -7.869523798692475980e-01 1.835952910172234054e+00 -6.344992602554254679e-01 3.958534827406474110e-01 -1.285927160442313366e-01 -4.374749660861921297e-01 -3.633212069152833568e-01 1.824811924976296140e+01 1.977466878269289019e+00 1.010261848213119151e+00 -7.749437942266175217e-01 1.960908489025476042e-01 5.416571318272811020e+00 1.000000000000000000e+00 0.000000000000000000e+00 0.000000000000000000e+00 0.000000000000000000e+00 0.000000000000000000e+00 0.000000000000000000e+00 0.000000000000000000e+00 0.000000000000000000e+00 0.000000000000000000e+00 0.000000000000000000e+00 0.000000000000000000e+00 0.000000000000000000e+00 0.000000000000000000e+00 0.000000000000000000e+00 0.000000000000000000e+00 0.000000000000000000e+00 0.000000000000000000e+00 0.000000000000000000e+00 0.000000000000000000e+00 0.000000000000000000e+00 0.000000000000000000e+00 0.000000000000000000e+00 0.000000000000000000e+00 0.000000000000000000e+00 0.000000000000000000e+00 0.000000000000000000e+00 0.000000000000000000e+00 0.000000000000000000e+00 0.000000000000000000e+00 0.000000000000000000e+00 0.000000000000000000e+00 0.000000000000000000e+00 0.000000000000000000e+00 0.000000000000000000e+00 0.000000000000000000e+00
1.315472053139072672e+00 9.480940180559612740e-01 4.365111568566590883e+00 -3.922989360055181507e+00 -1.984785219721382499e-01 -1.852383954377562647e+00 1.113981901682445708e+00 1.623233527155515610e+00 2.301361490427245304e-01 -3.742913500718995090e-01 -4.065479856144863291e+00 1.053254624133007855e+00 4.352760162007405231e-01 -1.038865443665454436e+01 4.873890704453074929e-01 -2.101995860281199446e-01 -9.871253091449133654e-01 -6.020736117904346152e-01 -3.219049469531097163e+00 -8.406627523237872879e-01 9.558465267133574583e-01 2.199529709069534711e+00 -1.310185698282928746e+00 -4.267246824699838292e+00 1.260888965888206981e+00 1.059096470532929102e+00 -1.165186762419670174e-01 -1.122327139204049168e-01 -6.556014628120599985e-01 -3.640067581812057029e-01 -2.019719304082077560e+00 -2.415259280356248262e+00 7.024725989193358444e+00 1.239556193517435290e+00 -2.567401208781959099e+00 1.610416659551766383e+00 1.059255131564198038e+00 3.635219862162862858e-01 -2.986614456822607733e-01 9.406806356596336682e-01 -5.784581672341789771e-01 -1.637523629813948944e-01 1.471425857179975427e+00 -4.557292635849232720e-01 -8.580160201441126011e-01 1.673859378431310274e+00 -1.305679008379727613e-01 4.485744901076058611e-01 -1.737013666316103544e+00 6.432658998566042063e-01 -6.078971319829124198e+00 -6.250198882947650691e-01 -4.694345248689926198e-01 2.700207748780687478e+00 -1.086903149290709969e+00 1.416064154917875406e+00 -1.433945237376554216e+00 -1.558935046768979094e+00 -3.863912252346811682e-01 2.310183284190514286e+01 2.525488756808317525e+00 1.495656680272444916e+00 3.213768124962590456e-02 3.519529219944623200e-01 2.766672853446794811e+00 1.088288930233697327e+00 1.000000000000000000e+00 0.000000000000000000e+00 0.000000000000000000e+00 0.000000000000000000e+00 0.000000000000000000e+00 0.000000000000000000e+00 0.000000000000000000e+00 0.000000000000000000e+00 0.000000000000000000e+00 0.000000000000000000e+00 0.000000000000000000e+00 0.000000000000000000e+00 0.000000000000000000e+00 0.000000000000000000e+00 0.000000000000000000e+00 0.000000000000000000e+00 0.000000000000000000e+00 0.000000000000000000e+00 0.000000000000000000e+00 0.000000000000000000e+00 0.000000000000000000e+00 0.000000000000000000e+00 0.000000000000000000e+00 0.000000000000000000e+00 0.000000000000000000e+00 0.000000000000000000e+00 0.000000000000000000e+00 0.000000000000000000e+00 0.000000000000000000e+00 0.000000000000000000e+00 0.000000000000000000e+00 0.000000000000000000e+00 0.000000000000000000e+00 0.000000000000000000e+00
-1.217942241797046021e+00 -1.840596319901036004e+00 7.692951863119757983e-01 -2.390106993494587884e-01 4.294002618554381145e-01 -4.913325607116630356e-01 -5.571475194548503040e-01 -4.967924197395758301e-01 -1.231754940952162647e+00 1.904077062847886470e+00 6.938945719868889306e+00 -2.020567244728873835e+00 -5.007625280431577952e-01 8.460770103342737158e+00 -4.702727478524162952e-01 -1.687981483219366918e+00 1.912287963223198828e+00 5.267430086385513910e-01 -5.578469807814200321e-01 -8.178517873756691037e-01 1.053544185887515416e+00 -1.364750209200361830e+00 3.702584807712879233e-01 6.613199327024960716e+00 -8.743087584813099555e-01 -2.168779663569074145e+00 3.336417350747877819e-01 -3.021143569057908040e-01 2.141148241570720590e+00 9.087958460523856141e-01 -3.354681367018840454e+00 -3.895411325977473194e+00 1.151722901407535460e+01 1.752299685364099746e+00 -2.852719995480046844e+00 1.140152327794010434e+00 5.193984590959607045e-02 -2.090454317599525602e+00 -1.060124976863698443e+00 6.455398545205236482e-01 -6.065371936005804487e-01 2.268930706291393262e-01 1.002806583964524600e+00 -1.236234665586343068e-01 3.597646393250196750e-01 2.070308249667511813e+00 8.074636377874038207e-01 -3.325882106334747679e-01 -8.759086172771640699e-02 8.002369434157778627e-02 -2.021792617523535451e+00 -4.417048438849478509e-01 -3.530812003947921274e-01 1.062744830136812535e+00 -2.387086404212243884e-01 2.224737950654290808e-01 7.222509425010693596e-01 7.454998214108706778e-01 5.715625731640493479e-01 -1.208721703636980394e+01 -1.806973339383949995e+00 -7.282992388602116396e-01 -1.360150200810368304e-01 1.587988068427968191e-01 2.484730099468057674e+00 3.863976131632135824e-01 -2.074277279710430577e-01 1.000000000000000000e+00 0.000000000000000000e+00 0.000000000000000000e+00 0.000000000000000000e+00 0.000000000000000000e+00 0.000000000000000000e+00 0.000000000000000000e+00 0.000000000000000000e+00 0.000000000000000000e+00 0.000000000000000000e+00 0.000000000000000000e+00 0.000000000000000000e+00 0.000000000000000000e+00 0.000000000000000000e+00 0.000000000000000000e+00 0.000000000000000000e+00 0.000000000000000000e+00 0.000000000000000000e+00 0.000000000000000000e+00 0.000000000000000000e+00 0.000000000000000000e+00 0.000000000000000000e+00 0.000000000000000000e+00 0.000000000000000000e+00 0.000000000000000000e+00 0.000000000000000000e+00 0.000000000000000000e+00 0.000000000000000000e+00 0.000000000000000000e+00 0.000000000000000000e+00 0.000000000000000000e+00 0.000000000000000000e+00 0.000000000000000000e+00
7.790048418714629053e-01 7.741479538782886083e-02 1.108283620198135644e+00 -8.641108985968811718e-01 1.986097651887012427e-01 1.134980467980369889e+00 -9.638067547781899169e-02 -7.646386558049644844e-01 -7.428557087792728719e-01 8.812097574176084303e-01 6.434197964451113805e+00 -1.644004198260754723e+00 -5.605684442149611035e-01 4.014380983128619462e+00 6.075472283038700905e-01 7.854995063435223912e-01 -1.307756709617827195e-02 6.645914326988984488e-02 -1.526335133765018170e+00 -2.677377755342867927e-01 5.510003900142033118e-01 1.243197382944238649e+00 -5.914426272470426627e-01 -1.271009184180939444e+00 -9.847336846411365585e-02 1.073678580408566452e+00 -2.047194596374999898e-01 -6.255343049070904993e-01 -1.279230960887956181e+00 -3.702436609981530347e-01 2.570900172112723592e+00 2.689526353676259696e+00 -6.993611340612803318e+00 -1.133806262378779905e+00 3.873791856094571884e+00 -2.405197247438962016e+00 -1.010415482616793037e+00 1.327021315511228483e+00 1.348300786928642747e+00 -1.192531026057616295e+00 5.580922996892607735e-01 -1.744052942482144652e-01 -2.463833188003799801e+00 3.669218177795075531e-01 7.945124847081961317e-01 -5.519578991381744792e+00 -4.917876191133244035e+00 2.638472566562050758e+00 3.733221281633217203e-01 -1.184903946210511538e+00 -2.955415347601372922e+00 2.113463116334577882e-02 -7.199884294918118544e-01 -5.595971513654235396e-02 3.691055696814023457e-01 1.075764873805274968e+00 -6.496120251615684627e-01 2.644840234840711179e+00 1.452802166854872068e+00 -3.544774044348267239e+01 -3.854632988484054223e+00 -2.489767403274690150e+00 3.077346752802991303e-01 7.712585906149004300e-01 2.024437577047208503e+00 -7.239688227545348909e-02 -1.042543682011142891e+00 2.654228723839453519e+00 1.000000000000000000e+00 0.000000000000000000e+00 0.000000000000000000e+00 0.000000000000000000e+00 0.000000000000000000e+00 0.000000000000000000e+00 0.000000000000000000e+00 0.000000000000000000e+00 0.000000000000000000e+00 0.000000000000000000e+00 0.000000000000000000e+00 0.000000000000000000e+00 0.000000000000000000e+00 0.000000000000000000e+00 0.000000000000000000e+00 0.000000000000000000e+00 0.000000000000000000e+00 0.000000000000000000e+00 0.000000000000000000e+00 0.000000000000000000e+00 0.000000000000000000e+00 0.000000000000000000e+00 0.000000000000000000e+00 0.000000000000000000e+00 0.000000000000000000e+00 0.000000000000000000e+00 0.000000000000000000e+00 0.000000000000000000e+00 0.000000000000000000e+00 0.000000000000000000e+00 0.000000000000000000e+00 0.000000000000000000e+00
-7.246858641716011906e-01 -4.631205546391627403e-01 1.703561737481543270e+00 -1.561201134517286704e+00 9.471867062925224401e-01 2.587258207371193830e+00 -3.494662835492577391e-01 -1.931407912618104294e+00 8.728614015898874534e-01 1.781506696913228716e-01 5.305705795460470497e+00 -1.257223593183841137e+00 -5.079155464091894556e-01 7.741463016258843588e+00 -8.727295361720318612e-01 -1.772383952327297729e+00 1.854944030001695499e+00 4.108344270684146649e-01 1.233926159351413476e+00 5.811548648891099594e-02 1.158182615980058033e-01 -1.639804437952285365e+00 7.002642844652464671e-01 2.919886098938624830e+00 -3.788770049482642621e-01 1.156067836526175757e-01 -6.523559788852874297e-02 -3.148385101747785270e-02 1.469934251130299296e+00 8.570048262820677276e-02 -2.780646654131960993e+00 -3.399833517707210540e+00 7.653869795793573516e+00 1.230146280522470770e+00 -1.898709803027252230e+00 5.653076471267367564e-01 3.352521519274573869e-01 1.002017330883629848e-01 -2.737033458939475694e-01 1.704186067426767037e+00 1.183292036933704772e+00 1.912185092036347844e-01 4.182245259981586472e+00 -7.245300580956769432e-01 -1.256641801792657720e+00 3.843227538830863654e+00 2.351272235242112263e+00 -2.984477258114300646e+00 -1.429271197507970603e+00 2.358504137647026155e+00 6.887789278753505329e+00 -7.545388910455503861e-01 2.020645380591256313e+00 -4.646126478546758753e-01 3.586959453840149470e-01 1.128439444848127193e+00 -2.376082582934635479e+00 -1.567842474138116726e+00 2.057869789655984161e-01 5.445267115360021004e-02 -8.514516652223226567e-02 2.112175012001627494e-01 8.251974932150534237e-01 1.259128087173624899e-01 -7.124379434693061341e+00 -9.175083913308473837e-01 6.226140139756580760e-01 -1.234235676568112394e+00 -4.238408137042213308e-01 1.000000000000000000e+00 0.000000000000000000e+00 0.000000000000000000e+00 0.000000000000000000e+00 0.000000000000000000e+00 0.000000000000000000e+00 0.000000000000000000e+00 0.000000000000000000e+00 0.000000000000000000e+00 0.000000000000000000e+00 0.000000000000000000e+00 0.000000000000000000e+00 0.000000000000000000e+00 0.000000000000000000e+00 0.000000000000000000e+00 0.000000000000000000e+00 0.000000000000000000e+00 0.000000000000000000e+00 0.000000000000000000e+00 0.000000000000000000e+00 0.000000000000000000e+00 0.000000000000000000e+00 0.000000000000000000e+00 0.000000000000000000e+00 0.000000000000000000e+00 0.000000000000000000e+00 0.000000000000000000e+00 0.000000000000000000e+00 0.000000000000000000e+00 0.000000000000000000e+00 0.000000000000000000e+00
-1.335585130528720299e+00 -4.506954056951973930e-01 -2.463826177887423086e+00 2.281084218247674489e+00 -1.237509646199043134e-01 1.549912905449295275e+00 -3.674640589300280924e-01 -7.694782351276845400e-01 8.628257821020619556e-01 -4.532253144336617190e+00 -7.044673854630216780e+00 1.988867528622352054e+00 5.630987259108086729e-01 5.125512115568518823e+00 -2.397363141008947096e+00 -1.713381888175304013e+00 1.418134869555835342e+00 7.607362461159956624e-01 -2.848461279689648240e+00 -1.749676055177124878e+00 1.643003530842351179e+00 1.401820375557994547e+00 -9.459698832258952583e-01 3.904212168482444234e+00 -1.051168490135216516e+00 -3.083986560498782836e+00 5.527870568900974391e-01 4.805658642466928976e-01 -1.395728365734355991e+00 -2.127826861970643912e-01 -1.629733497076222060e+00 -9.250835524952367717e-01 2.696795267473278024e+00 5.083340175052982746e-01 -2.609885188356623198e-01 6.075026125968878699e-01 5.128821412276317604e-01 4.353396182963285010e-01 -3.845448433543633554e-02 -1.012379903784620394e+00 -2.067491124268389324e+00 2.010034388698612728e-01 -1.314910428995388070e-01 -3.072049118976147852e-01 1.167396694002168056e+00 2.762520336485803085e-01 -9.661885411676188196e-02 1.599097401112230754e+00 8.212633938568572045e-01 -1.447262349509924162e+00 -7.702116370933080880e+00 2.993199983945357689e-01 -1.791113852024081243e+00 1.514002428080199358e+00 -5.811989445229860385e-01 1.223164467873860267e-01 -1.542672744306986254e-01 -4.783423132371151243e-01 -8.016070175101911444e-01 1.007267412728055689e+01 1.098842630178650914e+00 5.883032753099490808e-01 -3.608233200672277818e-01 -2.326678283947209158e-01 5.243193790647116437e+00 3.764553148129522464e-01 -1.668726763236887622e+00 4.120476272506685689e+00 9.487586517658325169e-01 3.274475639205666866e+00 1.000000000000000000e+00 0.000000000000000000e+00 0.000000000000000000e+00 0.000000000000000000e+00 0.000000000000000000e+00 0.000000000000000000e+00 0.000000000000000000e+00 0.000000000000000000e+00 0.000000000000000000e+00 0.000000000000000000e+00 0.000000000000000000e+00 0.000000000000000000e+00 0.000000000000000000e+00 0.000000000000000000e+00 0.000000000000000000e+00 0.000000000000000000e+00 0.000000000000000000e+00 0.000000000000000000e+00 0.000000000000000000e+00 0.000000000000000000e+00 0.000000000000000000e+00 0.000000000000000000e+00 0.000000000000000000e+00 0.000000000000000000e+00 0.000000000000000000e+00 0.000000000000000000e+00 0.000000000000000000e+00 0.000000000000000000e+00 0.000000000000000000e+00 0.000000000000000000e+00
-1.727315836920761072e+00 -1.241631363529064780e+00 1.950314729083795773e-01 4.671283925693592853e-01 2.757523384699087782e-02 8.907314974269748831e-01 -1.263996426059227352e-01 -9.138777489847152991e-01 2.856985182618832497e-01 -6.258712248690397884e-01 1.403990565116535860e+00 -2.031919703981620862e-01 -1.347973484471236549e-01 5.215953012389205945e+00 -4.844850592603133776e-01 -8.619608245250802714e-01 1.037508127752065024e+00 2.008439886259001939e-01 -3.183239546109998486e+00 -1.217627583283918291e+00 2.008805281216883731e+00 4.059951069388862965e-01 -5.277582562185094694e-01 6.092415839734188765e+00 -9.183149114580796413e-01 -1.675900305841109716e+00 3.078602821542073542e-01 -4.368694330544560800e-01 1.094388884771249737e+00 -9.187848678109447609e-02 -2.659346014295952632e+00 -2.734845143088602715e+00 5.303515604834786679e+00 1.014488046771309770e+00 -2.080415558041391666e+00 1.891458452170606153e+00 1.425507226752579237e+00 8.394880535460659265e-01 2.675733463832271619e-01 -5.961271736009802202e-01 -1.425790541646527743e+00 2.188014115722060338e-01 1.530170702639559233e+00 -8.308925328070718708e-01 6.606188684329331595e-01 3.254784857110897822e-01 -6.879187736267686759e-01 1.111369664400738699e+00 1.725726857372161249e-01 -7.247401783194961089e-01 -4.552913231407015537e+00 -9.685333804926211931e-02 -6.485437046953511642e-01 2.124482411139616111e+00 -1.014821041281811054e+00 3.028209937335768487e-01 4.861325707443930194e-02 -8.462880204419477304e-01 -5.121076200300302972e-01 2.072196631525913446e+01 2.023013056227862094e+00 1.320379298017831493e+00 -4.897943725947785931e-01 1.294171485908690300e-01 4.926397489151468356e+00 5.042499628118499722e-01 -1.368259876297196698e+00 3.661071056054475914e+00 7.171044226254859044e-01 4.243919214268098372e+00 1.105557878262181326e+00 1.000000000000000000e+00 0.000000000000000000e+00 0.000000000000000000e+00 0.000000000000000000e+00 0.000000000000000000e+00 0.000000000000000000e+00 0.000000000000000000e+00 0.000000000000000000e+00 0.000000000000000000e+00 0.000000000000000000e+00 0.000000000000000000e+00 0.000000000000000000e+00 0.000000000000000000e+00 0.000000000000000000e+00 0.000000000000000000e+00 0.000000000000000000e+00 0.000000000000000000e+00 0.000000000000000000e+00 0.000000000000000000e+00 0.000000000000000000e+00 0.000000000000000000e+00 0.000000000000000000e+00 0.000000000000000000e+00 0.000000000000000000e+00 0.000000000000000000e+00 0.000000000000000000e+00 0.000000000000000000e+00 0.000000000000000000e+00 0.000000000000000000e+00
-1.261741890929278798e-01 8.713522111343774412e-01 -3.068974069816039041e+00 1.977053129525957020e+00 -4.369954677512919439e-01 8.659047500242992301e-01 -8.335528547967389901e-02 -6.031543624972799389e-01 -1.126880204640565486e+00 1.926776350185452236e+00 2.247429622351086564e+00 -8.817734949085853646e-01 4.874602989982090157e-02 -5.989643579655721695e+00 8.150692380662596381e-01 2.916742280001680676e+00 -2.167983913124205575e+00 3.136869455868154799e-01 1.927313406277911534e-01 -4.817377956550759899e-03 -8.561931890934514344e-01 2.374660271844615700e+00 -9.092330833454483896e-01 -7.397604820668042258e+00 2.216579424117173680e+00 4.238631284259756882e+00 -6.439218331179057397e-01 -7.940350259828908852e-01 1.603849130045472249e+00 4.317546501062137776e-01 2.445937967577215488e+00 1.469117613942589884e+00 -2.687096971510344101e+00 -4.789517150055750405e-01 9.343173052669720979e-01 -1.215260669854716369e+00 -1.317458007522462227e+00 -1.167030713394873409e+00 -2.450156398493036347e-01 -7.966669413586279225e-01 -1.523650017403047396e+00 -4.465206282204454979e-02 -2.211749537404940902e-01 -1.739804107359003704e-01 1.701199897467888800e+00 7.714948825927269160e-01 9.431782180860764919e-02 2.923514917279833591e-01 9.145789777526358577e-01 -8.233434652952882349e-01 1.535548974297411995e+00 8.614736915220981561e-02 4.441180931347898930e-01 -4.326843176062192819e-01 -2.990751347444862707e-01 -6.770131121082307857e-01 1.446119459700904129e-02 -1.688786664112336799e+00 -1.385876415571237752e+00 2.869992072057301868e+01 2.946827902499058904e+00 1.960390522281801218e+00 -3.495600562540898126e-01 1.292584324928178763e-01 -6.937400762018547162e+00 -9.787867835808886641e-01 3.194766472444345862e-01 -1.125758078631522885e+00 -6.170227086004994588e-01 4.539487909353086437e+00 1.016166633244885320e+00 -1.943330018165708850e+01 1.000000000000000000e+00 0.000000000000000000e+00 0.000000000000000000e+00 0.000000000000000000e+00 0.000000000000000000e+00 0.000000000000000000e+00 0.000000000000000000e+00 0.000000000000000000e+00 0.000000000000000000e+00 0.000000000000000000e+00 0.000000000000000000e+00 0.000000000000000000e+00 0.000000000000000000e+00 0.000000000000000000e+00 0.000000000000000000e+00 0.000000000000000000e+00 0.000000000000000000e+00 0.000000000000000000e+00 0.000000000000000000e+00 0.000000000000000000e+00 0.000000000000000000e+00 0.000000000000000000e+00 0.000000000000000000e+00 0.000000000000000000e+00 0.000000000000000000e+00 0.000000000000000000e+00 0.000000000000000000e+00 0.000000000000000000e+00
1.306627279506987982e+00 1.456260731862655478e+00 7.170983053441055688e+00 -6.963754341842517626e+00 9.773890701739171849e-01 -3.158432490594420550e-01 1.255517093735260215e+00 5.507878303577468104e-01 2.518615063978166368e+00 -4.561407877658925081e+00 -1.274768664854882338e+01 3.724882928099675361e+00 1.217242144437506113e+00 4.601860312848207180e+00 -2.067900801920948606e+00 -2.650500219802302659e+00 1.913782008364251164e+00 5.998237544470481630e-01 1.617566846610834386e+00 3.023922095785753217e-01 -1.061709428669218802e+00 -2.860680800962844827e-01 1.558433785804039240e-01 -4.831288892160257475e+00 1.138840473553467847e+00 1.672575001496128033e+00 -1.959099713202042958e-01 5.386952475081558944e-01 1.073011941117189449e+00 -1.936123129969433698e-01 3.724490851017763227e+00 3.190012170215620113e+00 -8.690026145916995404e+00 -1.311161886255568065e+00 -8.903937132421517742e-01 6.720904747007899749e-01 4.712909337443516589e-01 -7.841369845599579502e-01 -7.569789509069454470e-01 7.290288605517784015e-01 -2.587820238689345076e-01 -1.536032390243547152e-01 8.193559413972116845e-01 -4.292548280757715329e-01 6.514827180415304619e-01 -4.453049736561664473e-01 -5.386481380389389617e-01 8.975840048573523466e-01 1.081942779824920819e+00 -1.092180209956132408e+00 -5.823426255602512036e+00 -6.896081047330510083e-01 -1.528865354506440122e+00 7.784594634406107883e-01 5.993857820017425286e-01 7.144803268816573016e-01 -1.234331746874863578e+00 -1.276751122158444052e-01 7.669477451846738736e-02 -3.557776600577570836e+00 -1.250769218698795648e-01 -3.367566720015365833e-01 8.720947267058302976e-02 3.199866313533843987e-01 4.459497772658358589e-02 2.628252192508291896e-01 6.577864674789716259e-01 -1.595114945311899346e+00 -2.678053252336859980e-01 -2.286255379177941194e+00 -7.058448900628260247e-01 -1.033870013280814071e+01 4.625298446554610421e-01 1.000000000000000000e+00 0.000000000000000000e+00 0.000000000000000000e+00 0.000000000000000000e+00 0.000000000000000000e+00 0.000000000000000000e+00 0.000000000000000000e+00 0.000000000000000000e+00 0.000000000000000000e+00 0.000000000000000000e+00 0.000000000000000000e+00 0.000000000000000000e+00 0.000000000000000000e+00 0.000000000000000000e+00 0.000000000000000000e+00 0.000000000000000000e+00 0.000000000000000000e+00 0.000000000000000000e+00 0.000000000000000000e+00 0.000000000000000000e+00 0.000000000000000000e+00 0.000000000000000000e+00 0.000000000000000000e+00 0.000000000000000000e+00 0.000000000000000000e+00 0.000000000000000000e+00 0.000000000000000000e+00
-1.497519703335968622e+00 -6.309107578969904706e-01 -1.458718756627231050e+00 1.218749171080997895e+00 1.053597716830690922e+00 2.623409699985860044e+00 -1.158309834269687144e+00 -1.793503070286337264e+00 6.637318824383310334e-01 -4.707814678352256976e+00 -5.105797039227007339e+00 1.396507878983934914e+00 1.984164322616623899e-01 1.376667465641287613e+01 -2.080751889893046158e+00 -2.812242881594643418e+00 2.856190278311931507e+00 4.896682349032582815e-01 3.504805739422327093e+00 -4.014547217782015731e-01 -9.462817447075555499e-01 -9.683730732118670526e-01 6.459492368569151877e-01 5.423262103301430770e+00 -1.901309209097895359e+00 -3.262726378562472718e+00 4.616947027336064657e-01 6.463999056743271465e-01 -1.750156789365849175e+00 -2.495423887675700114e-01 -1.135087881525455311e-01 6.429435780015442248e-01 -1.678931632972586518e+00 -3.544236036752436703e-01 3.505276399141897592e+00 -1.903828368759144851e+00 -1.003006935069237660e+00 2.076422674922664413e+00 1.442174200837248454e+00 -1.638043133305013610e+00 5.562559126576292756e-02 1.922202321073839537e-01 -3.403743468062154776e-01 -1.977389950496164298e-02 -2.874177157336901267e-01 -7.918764315160542466e-01 -6.879548017546538441e-01 1.204997210424638560e-01 -6.441793602668327567e-01 4.074508660849057717e-01 -2.575423581948947382e-01 7.086898419953913120e-02 7.960689487131451803e-02 -1.661245603541310345e-01 -6.659682513682906035e-02 4.364696643013952215e-01 -7.132710942991881131e-01 6.591099984171736592e-01 2.092954437565598680e-01 -1.371755519815744861e+01 -1.467257216917353224e+00 -9.581174311074420746e-01 8.592487630704313817e-02 -2.833481640941280452e-02 1.490145093870219650e+00 -2.428986845127770744e-01 -1.212667457636407597e+00 2.950533875995857702e+00 8.106279267011355927e-01 1.535836747961059290e+00 5.773547929570803650e-01 1.571348912156177846e+01 -7.412564377899303336e-01 4.145201885179051970e+00 1.000000000000000000e+00 0.000000000000000000e+00 0.000000000000000000e+00 0.000000000000000000e+00 0.000000000000000000e+00 0.000000000000000000e+00 0.000000000000000000e+00 0.000000000000000000e+00 0.000000000000000000e+00 0.000000000000000000e+00 0.000000000000000000e+00 0.000000000000000000e+00 0.000000000000000000e+00 0.000000000000000000e+00 0.000000000000000000e+00 0.000000000000000000e+00 0.000000000000000000e+00 0.000000000000000000e+00 0.000000000000000000e+00 0.000000000000000000e+00 0.000000000000000000e+00 0.000000000000000000e+00 0.000000000000000000e+00 0.000000000000000000e+00 0.000000000000000000e+00 0.000000000000000000e+00
-1.502133561419769725e+00 -2.505477048585852629e+00 -7.416667087278529635e+00 7.047729066662744124e+00 -1.979227433143596393e+00 -2.348216413124105006e+00 -6.547469182601656223e-01 1.766103730631431168e-01 -2.092865781958900939e+00 8.250372355206225805e+00 1.509577268933385952e+01 -4.220414896388805737e+00 -9.504148310623232732e-01 -8.237817862007835501e+00 3.259979143315069994e+00 4.999196842045863676e+00 -3.329385696865347022e+00 2.246461325221179584e-01 -1.357121046487546723e+00 2.925341997059620613e-01 4.654857860505487999e-01 1.113188527831545205e+00 -7.409412540006149461e-01 -8.670359402316773156e+00 2.823071452159958472e+00 4.845905244328762684e+00 -7.427044396095177081e-01 -5.752980506169754760e-01 4.138450648222582906e+00 1.356733920622360534e+00 -1.967943776143128362e-02 -7.000906473319298273e-01 1.278333379186726626e+00 2.670174361507851590e-01 -3.252379732570222171e+00 2.252093212591968818e+00 1.309559989434124994e+00 -1.847412298120078900e+00 -1.415685285240428914e+00 1.087861017904663052e+00 -1.427101387099409813e+00 -5.164528509550733171e-01 -2.198112605351285609e+00 5.400272937333167045e-01 1.509394670300995500e+00 -1.581513993702647447e+00 -1.820449576624721066e+00 2.216718260479062064e+00 1.097671006135981786e+00 -1.938680564209646962e+00 -4.138621913753325110e+00 1.624891703965920087e+00 -1.647687338742646279e+00 2.815018424385660190e-01 3.875615757240954626e-03 7.958585097548643850e-01 -7.433686634909923985e-01 2.570330943546814240e+00 1.571993975375377106e+00 -1.868627201007885219e+01 -1.178568989362792419e+00 -1.636080753759507012e+00 -2.928867084482554839e-01 1.944704816255254237e-02 8.008876349091403668e+00 1.200108984934020739e+00 8.929706933865065588e-02 2.858864723783799758e-02 2.826004170682467481e-02 -2.680344242253998033e+00 -2.709567803628559757e-01 -1.920867886891209242e+00 7.074602156098845629e-02 -2.237021879501309485e+00 -4.018903022210807419e-01 1.000000000000000000e+00 0.000000000000000000e+00 0.000000000000000000e+00 0.000000000000000000e+00 0.000000000000000000e+00 0.000000000000000000e+00 0.000000000000000000e+00 0.000000000000000000e+00 0.000000000000000000e+00 0.000000000000000000e+00 0.000000000000000000e+00 0.000000000000000000e+00 0.000000000000000000e+00 0.000000000000000000e+00 0.000000000000000000e+00 0.000000000000000000e+00 0.000000000000000000e+00 0.000000000000000000e+00 0.000000000000000000e+00 0.000000000000000000e+00 0.000000000000000000e+00 0.000000000000000000e+00 0.000000000000000000e+00 0.000000000000000000e+00 0.000000000000000000e+00
8.873702097333248107e-01 5.351918545160301299e-01 2.298904681544926110e+00 -2.526142703533342360e+00 5.416325791136935575e-01 8.623688828892580593e-01 1.204371845719253015e-01 -6.843660744147391783e-01 -1.721068517927662356e+00 2.616445470841336718e+00 6.614867080180735215e+00 -2.055339807071190794e+00 -4.227649368166121469e-01 2.237720696863987779e+00 1.452663886842787619e-02 1.011766770598539367e+00 -2.745516060257304214e-01 5.158942449985289835e-01 -1.338323991470343755e-01 -4.211588822757931783e-01 -8.876753285431644713e-03 9.098255734682392237e-01 -5.199199621340316879e-01 -4.491348995392545618e+00 1.241231011134329210e+00 2.239127449036239170e+00 -3.402410408729499292e-01 -2.713942885137142214e-01 1.791120682923944329e+00 4.445965864023960212e-01 5.365227961074049645e+00 4.448698497303808175e+00 -1.040225887444653630e+01 -1.722884915488115398e+00 7.265453252898742553e-01 -1.205949865830064249e+00 -1.344768859810633543e+00 -1.881451063348895669e+00 -1.006089405248828283e+00 5.639119652053152798e-01 -1.959403088266416626e+00 -3.156793464953739359e-01 -3.661188447641549604e-01 1.436976220894746192e-01 1.743000015853801266e+00 2.440519512132341973e+00 1.147974368831577996e+00 3.752451512096966479e-01 -9.511221172719058758e-02 -4.199683162702587125e-01 -3.217131736333631586e+00 5.974872831023302355e-01 -4.770111037308413238e-01 6.628667428447702070e-01 -1.072857900810471277e+00 -3.745129696672112596e-01 7.512493805395332735e-01 2.562424555624723821e-01 -3.021721801744412517e-01 1.918927344658689194e+01 2.155895325807770657e+00 1.146096474870116788e+00 -8.721816570764407972e-01 -3.596000600973464079e-01 6.012470272576415198e+00 7.371075134415129293e-01 -9.021139193415729229e-01 1.323567386492085163e+00 3.753623207310272103e-01 1.557380175059831284e+00 6.370172813525165623e-01 -1.498126719354547554e+01 6.814167050779434964e-01 1.534907340328950376e+00 6.022305347662906261e-01 2.825610950494156920e-02 1.000000000000000000e+00 0.000000000000000000e+00 0.000000000000000000e+00 0.000000000000000000e+00 0.000000000000000000e+00 0.000000000000000000e+00 0.000000000000000000e+00 0.000000000000000000e+00 0.000000000000000000e+00 0.000000000000000000e+00 0.000000000000000000e+00 0.000000000000000000e+00 0.000000000000000000e+00 0.000000000000000000e+00 0.000000000000000000e+00 0.000000000000000000e+00 0.000000000000000000e+00 0.000000000000000000e+00 0.000000000000000000e+00 0.000000000000000000e+00 0.000000000000000000e+00 0.000000000000000000e+00 0.000000000000000000e+00 0.000000000000000000e+00
-4.759912003331351893e-01 -2.929233569378310587e-01 -5.856725939038156525e+00 5.631928626869311394e+00 -1.414590126147357463e+00 -1.281864399575753932e+00 -3.620592630471174411e-01 4.363634363500892843e-01 -1.731495897095144842e+00 4.660952862586984935e+00 9.329347562005052552e+00 -2.648573752053780428e+00 -6.740016940558776204e-01 -3.013182849574187472e+00 5.250328657052545367e-01 5.044382034208818588e-01 -4.993483182847828217e-01 2.168738756658734890e-01 -8.116181385576952678e+00 -6.841042231615893643e-01 3.959504740572103110e+00 6.315268279861567802e-01 -6.387724616965740898e-01 6.691380136699674352e+00 -9.794175676327268043e-01 -1.427801903758520785e+00 3.581532100458831858e-01 -1.460442639362282025e+00 1.078657916607002720e+00 2.652537825098842394e-01 3.019381675100198503e+00 2.435978030159795082e+00 -4.297034549215304366e+00 -8.122032021848707428e-01 7.752033947643069967e-01 -5.609455651795836051e-01 -7.084134782839913713e-01 -1.223650614177252072e+00 -4.055633254462311932e-01 2.479780640754049859e-01 7.489298164079136733e-01 1.681092669311046520e-02 -1.616704061064941911e-01 3.213496925152574402e-02 -9.162361406979099288e-01 1.409833233629615545e+00 3.231376037620643071e+00 -2.235428266395527164e+00 1.309036576330062873e+00 3.337141285085609144e-01 8.300886771793665631e+00 -1.141659754415736305e+00 1.996933494541686116e+00 -2.532148461802190553e+00 8.149543169022300804e-01 -1.130552583918330356e+00 5.879722517059490228e-01 -1.415931345427734023e+00 -4.281753014538887681e-01 2.734508488745926513e+01 2.877820639592585383e+00 2.047126757259583041e+00 3.497954502468927918e-01 -4.526925637499714106e-01 2.425024152640170572e-01 2.420884787414173331e-02 -3.817311500368807953e-01 6.823381951953043645e-01 2.220158328676433701e-01 3.182258618914648451e+00 5.944267600709760568e-01 -9.747315280753067412e+00 5.062571777719031552e-01 -2.774501000136032403e+00 -5.693058859799131621e-01 -6.191750312922071620e-02 -2.864305536696923227e+00 1.000000000000000000e+00 0.000000000000000000e+00 0.000000000000000000e+00 0.000000000000000000e+00 0.000000000000000000e+00 0.000000000000000000e+00 0.000000000000000000e+00 0.000000000000000000e+00 0.000000000000000000e+00 0.000000000000000000e+00 0.000000000000000000e+00 0.000000000000000000e+00 0.000000000000000000e+00 0.000000000000000000e+00 0.000000000000000000e+00 0.000000000000000000e+00 0.000000000000000000e+00 0.000000000000000000e+00 0.000000000000000000e+00 0.000000000000000000e+00 0.000000000000000000e+00 0.000000000000000000e+00 0.000000000000000000e+00
-6.564400006243175101e-01 -8.523039161258003649e-01 -3.095436255012238291e+00 2.672303489304709956e+00 -5.907169467491203418e-01 -5.539711200811754666e-02 -3.796775687757835693e-01 -4.608803160101603291e-01 -1.866538383786769284e+00 5.310415696262709595e+00 1.073662689656976355e+01 -3.221721203436807013e+00 -7.111510183201370516e-01 -7.074116383725000290e+00 2.256760981906114072e+00 3.758443894358658444e+00 -2.717608748935226082e+00 -3.851302112226696051e-01 -1.064428823368650301e+00 1.355113637891509071e-01 -1.664805501781385089e-01 2.144292724544339723e+00 -9.402723506501190487e-01 -4.454625027699578688e+00 2.092926537566667022e+00 3.113693804874565263e+00 -3.885960188998501819e-01 -9.507836013800974317e-01 3.501732245921886033e+00 9.883561815099959347e-01 1.468663999270663378e+00 1.591519536180493744e-01 1.034257914680807300e+00 9.805357792839772269e-02 -1.381343129693624716e+00 -6.022819824401183519e-02 -8.924461171549783467e-01 -1.228792808754965771e+00 -9.272446671757984815e-02 -1.651245184741460259e-01 1.209208650443398259e-01 1.755609258194211764e-01 1.306392281848821169e+00 -4.487388009019613877e-01 -5.781897313563313240e-02 2.077665439674866388e+00 2.492224740387166015e+00 -1.336577299758186621e+00 1.082406511804764104e+00 -7.058887750414910567e-02 5.930909992193439173e+00 1.009726045858554855e+00 9.378057369629241302e-01 -1.477769233479328426e+00 1.906913969305233658e-01 -1.103342175908151201e+00 1.072212013948471654e+00 9.888067630364641980e-01 3.206546886829207965e-01 -8.560870815857450467e+00 -8.224569876574737703e-01 -3.872719509419615957e-01 6.305581937223870836e-01 -1.101056311120674966e-02 -6.013844709573503700e+00 -5.704594228104737930e-01 1.356730172005989443e+00 -3.232643880628874644e+00 -6.223332824756485637e-01 -1.524082891239665782e+00 -7.442130877469412820e-01 -1.030206937476435547e+00 3.069988627304813186e-02 -2.849126367163908213e+00 -9.089702444997596054e-01 -6.859310520461175953e-01 -1.247173384242910910e+00 1.446991745734528545e-01 1.000000000000000000e+00 0.000000000000000000e+00 0.000000000000000000e+00 0.000000000000000000e+00 0.000000000000000000e+00 0.000000000000000000e+00 0.000000000000000000e+00 0.000000000000000000e+00 0.000000000000000000e+00 0.000000000000000000e+00 0.000000000000000000e+00 0.000000000000000000e+00 0.000000000000000000e+00 0.000000000000000000e+00 0.000000000000000000e+00 0.000000000000000000e+00 0.000000000000000000e+00 0.000000000000000000e+00 0.000000000000000000e+00 0.000000000000000000e+00 0.000000000000000000e+00 0.000000000000000000e+00
1.598150009322460541e+00 1.660874635525415366e+00 5.145643732117298974e+00 -5.490582754339792260e+00 1.591784237577787531e+00 4.407280328252776158e-01 3.848648501042621350e-01 -1.482992844794671916e-01 8.322666036962645952e-01 -1.113340724694599881e+00 -3.061852328619842911e+00 8.575276306558646811e-01 2.923370550867183670e-01 5.587258052870362590e+00 5.197218935852714328e-01 -8.258153662544850393e-01 1.093408388141360321e+00 -2.449100355861926204e-01 2.348829408970016797e+00 7.378646953570030531e-01 -5.698246354408875725e-01 -2.716177665641261285e+00 1.235693763176941573e+00 3.351861037417120492e+00 -1.132148510392503749e+00 -1.356289707257517740e+00 1.145975152039531014e-01 3.337097297093673531e-01 1.362294465031363144e-01 -1.631953660098432388e-02 -7.650133811167967313e-01 -7.741889043005050208e-01 2.102247418159033820e+00 1.800789005873579540e-01 6.370578055174042076e-01 3.174068603144891004e-02 -1.702931718160380914e-01 -7.498017682572831744e-01 -5.624576228655153720e-01 8.580562264283297935e-01 -9.962742345538303512e-01 -1.907808850231819398e-01 -4.062120791826433042e+00 8.840577765900464735e-01 1.023579949174267201e+00 -3.040919466017740103e+00 -2.808269096321436731e+00 3.160442528702804399e+00 4.718626519031445254e-01 -1.847762692625616987e+00 -1.195731224575613183e+01 2.223800030837830843e-01 -2.732445747608324371e+00 2.564906485879246301e+00 -8.886974495663632068e-01 3.530615960785725704e-01 -2.099994069973940281e-01 -1.427600446408450630e+00 -9.778350793957910625e-01 3.302976596188721459e+01 3.461525764239605785e+00 1.941574021304852682e+00 -1.526741746190466875e+00 -2.120701067026894981e-01 1.062739974506432716e+01 1.375330005218401430e+00 -1.489957717896298828e+00 3.738549600978039678e+00 8.005688974700631011e-01 2.232646326804016645e+00 1.021134870096033209e+00 3.466574517494183993e+00 -1.979575944841219792e-01 3.721043076448494968e+00 1.464536032432188994e+00 9.410359411474190916e-02 1.427924632012890438e+00 2.360428415676469327e-01 -5.883363342236219706e-01 1.000000000000000000e+00 0.000000000000000000e+00 0.000000000000000000e+00 0.000000000000000000e+00 0.000000000000000000e+00 0.000000000000000000e+00 0.000000000000000000e+00 0.000000000000000000e+00 0.000000000000000000e+00 0.000000000000000000e+00 0.000000000000000000e+00 0.000000000000000000e+00 0.000000000000000000e+00 0.000000000000000000e+00 0.000000000000000000e+00 0.000000000000000000e+00 0.000000000000000000e+00 0.000000000000000000e+00 0.000000000000000000e+00 0.000000000000000000e+00 0.000000000000000000e+00
8.301385845775499650e-01 1.120430143354088637e+00 1.654900189946346911e+00 -1.654019213084942930e+00 2.049471555396948641e-01 -6.103853344749941012e-01 4.381068126694513953e-01 3.380526640551617668e-01 3.929604587879675370e-01 1.988140839404437310e+00 3.363314054832352351e+00 -7.057273539452753042e-01 -2.796065683274643887e-01 8.221150142635949565e-02 1.076356583909997777e+00 4.171811775259309241e-01 -1.090974933208627012e-01 -5.715905039350144962e-02 -1.572770254574015425e+00 1.215091139667556774e+00 9.749761606559657068e-01 -2.357436317678647697e+00 9.539208180923798297e-01 1.247157644781773822e+00 -1.237663408078904098e-01 1.030211637850505735e+00 -1.667004531535597189e-01 -4.225317589359773307e-01 1.638501590398310004e+00 2.821873912906091575e-01 2.370080896931163750e+00 1.991499457185911037e+00 -5.410577586178464848e+00 -9.261463372499662006e-01 4.691263095547693607e-01 -2.051879603671746821e-01 -4.571906523101409991e-01 -9.509230826068638676e-01 -5.972605475574433997e-01 4.425606475263154649e-01 -5.328576829488770317e-01 -2.625362750336678874e-01 4.373362906683681550e-01 -1.033039596636432661e-01 2.360756151653182477e-01 2.127137655522910453e+00 2.018458936418773497e+00 -1.174710610321094029e+00 -1.264287505967094938e-01 5.556908910186082462e-01 1.707177849474248443e+00 6.094751893963145095e-01 3.241942174106909880e-01 -4.352060131526040432e-01 -3.834569683510411497e-01 -4.472667167322795234e-01 -5.613100390535583628e-01 -1.389077362188586351e+00 -1.555506198423779463e+00 1.588890192083539965e+01 2.053067795905491266e+00 1.057574999961947704e+00 2.015093507296607245e-01 -1.442528908516967079e-01 -3.562540328722911820e+00 -3.775269308473481744e-01 3.092027255512597161e-01 -8.893966835153757078e-01 -4.554099532641476822e-01 1.975321208124373396e+00 2.932220485382373010e-01 -2.111328640704472903e+00 1.059006874580464136e-01 5.793320928848813445e+00 8.897390676420245947e-01 -5.090193496925162625e-02 -1.051032054530957049e+00 1.387598330193813567e-01 -5.156586969386879327e-01 -1.252890107741467141e+00 1.000000000000000000e+00 0.000000000000000000e+00 0.000000000000000000e+00 0.000000000000000000e+00 0.000000000000000000e+00 0.000000000000000000e+00 0.000000000000000000e+00 0.000000000000000000e+00 0.000000000000000000e+00 0.000000000000000000e+00 0.000000000000000000e+00 0.000000000000000000e+00 0.000000000000000000e+00 0.000000000000000000e+00 0.000000000000000000e+00 0.000000000000000000e+00 0.000000000000000000e+00 0.000000000000000000e+00 0.000000000000000000e+00 0.000000000000000000e+00
-4.144050312988651341e-01 -7.744715882808145269e-01 -5.188607876937560981e+00 4.262392402070004138e+00 -1.435417024679435383e-01 5.825932814518358649e-01 -1.131643581563962719e+00 -1.201154741351990740e+00 -1.916096268108350875e+00 3.784076584924401576e+00 1.031060900235278055e+01 -3.119206971129286909e+00 -8.893995440942114028e-01 1.774106075218970568e+00 1.053084810569087315e+00 1.606799380929971433e+00 -5.580905502745036051e-01 -1.346572239191042297e-01 3.095403734747717461e+00 2.013303862299272495e+00 -1.034059827717782598e+00 -3.695636542702664507e+00 1.721566112385112035e+00 -1.566031265456594879e+00 3.644441586214324791e-01 2.652719817060266827e+00 -4.941200335857298120e-01 -2.671177977876877940e-01 1.143009655768879806e+00 2.490559930055171456e-01 -2.169060710774763437e-02 -6.888875636329876151e-02 -8.525049568726962290e-01 -1.319063636328728639e-01 7.960076230731127911e-01 -6.377494287989694810e-02 -1.294106744531644572e-02 -4.179281539175682125e-01 -1.990213971432920614e-01 -1.380532245841880612e-01 -1.344297696149640675e+00 -4.248376370546587677e-01 -2.817784671030787447e+00 2.728309316126175665e-01 1.564689859757826929e+00 -2.770155001874785583e+00 -2.035171465333402097e+00 3.045376665244994285e+00 1.376295158425254517e+00 -2.335394333417739610e+00 -1.216169985065108428e+01 7.837689254088152646e-01 -3.224096099613860567e+00 1.881566427561612409e+00 -4.404178856087890281e-01 5.262769178994831654e-01 7.005976380964840100e-01 2.872049451579635093e+00 1.362606138686206947e+00 -1.485626997164355423e+01 -1.211637261706513646e+00 -1.435556205026825793e+00 -1.082570722499879734e+00 -7.270290739341035702e-02 1.274731931182160771e+01 1.643175796602575511e+00 -1.012475383464275014e+00 2.579374731991102010e+00 7.443496755738915338e-01 -2.247009105893148284e+00 -1.794166583216270372e-01 1.700078438289622085e+01 -8.589465718470217226e-01 -1.477770975935750242e+00 -3.733377667241209730e-02 2.760800026753667535e-01 2.836292303464902353e-01 5.849895693478196490e-02 1.587118488201106903e-01 6.269815267033765904e-01 -7.487697789841351037e-01 1.000000000000000000e+00 0.000000000000000000e+00 0.000000000000000000e+00 0.000000000000000000e+00 0.000000000000000000e+00 0.000000000000000000e+00 0.000000000000000000e+00 0.000000000000000000e+00 0.000000000000000000e+00 0.000000000000000000e+00 0.000000000000000000e+00 0.000000000000000000e+00 0.000000000000000000e+00 0.000000000000000000e+00 0.000000000000000000e+00 0.000000000000000000e+00 0.000000000000000000e+00 0.000000000000000000e+00 0.000000000000000000e+00
-7.579540299063264319e-01 -8.457593155260720308e-02 -1.696677190572542404e+00 1.842165614354920544e+00 -1.811161161211202464e-01 1.754190955313768230e+00 -3.158601221426981520e-01 -1.122441474978843612e+00 -2.704365584022874192e-01 2.379261500105762650e+00 6.640484108861535617e+00 -1.747371862023785249e+00 -5.604199382755693515e-01 -2.646670431988547900e+00 1.279833452368717428e-01 4.498371442452017144e-01 -4.867328752640728284e-01 -1.275304619954892860e-01 -1.711390756231182975e+00 -2.480568233049993132e-01 9.886329652448443417e-01 5.584444061142698201e-01 -2.655602469751909278e-01 5.737977533918676709e-01 -5.253809565636308188e-01 -1.374658258467845347e-02 -1.025732985722147689e-01 -2.357421818604763242e-01 -1.506647501398927780e+00 -3.711737059237584790e-01 -3.164295457756071128e-01 -3.984530897451377673e-01 1.934507060376813747e+00 2.518130520851117327e-01 -8.873455000174096385e-01 4.482660406916495477e-01 3.870183641682932718e-01 -5.447335134013232549e-01 -1.792366039942593636e-01 3.333080464750994287e-01 1.348129097518071084e+00 -9.063744140584473197e-02 -2.235520654947146912e+00 9.515797415530490300e-01 -1.968034998410136960e-01 -3.249848260205539408e+00 -2.704435410212494340e+00 5.356507544730608750e-01 -8.514233658964888152e-01 4.528695882273676143e-01 4.882493795232904610e+00 -5.130185283655966932e-01 1.428331034685945466e+00 -6.993502201741066404e-01 3.613014369675734971e-01 1.759383576669349414e-01 -9.726294998591714647e-01 -1.671340696181852437e+00 -1.168025579439272016e-01 2.198591428832768102e+01 2.687262437036909812e+00 1.423422088222161763e+00 -6.627422962833032227e-02 1.552286228415908353e-01 -2.268942480980407961e+00 -9.074108246375785225e-02 6.629260987149164785e-01 -3.154273978988008320e+00 -8.306559952283181225e-01 -1.282932018129319340e+00 -6.269094545380927697e-01 -2.067701716826933733e+01 9.209812874854986786e-01 1.780880482388054853e+00 2.908433336216102380e-02 -4.699434238599921043e-01 3.117226675323323537e-01 -9.091100363456566802e-02 2.941906151236366451e-01 9.950810545065523760e-01 -1.315335282509927817e+00 1.713133192332449317e+00 1.000000000000000000e+00 0.000000000000000000e+00 0.000000000000000000e+00 0.000000000000000000e+00 0.000000000000000000e+00 0.000000000000000000e+00 0.000000000000000000e+00 0.000000000000000000e+00 0.000000000000000000e+00 0.000000000000000000e+00 0.000000000000000000e+00 0.000000000000000000e+00 0.000000000000000000e+00 0.000000000000000000e+00 0.000000000000000000e+00 0.000000000000000000e+00 0.000000000000000000e+00 0.000000000000000000e+00
-1.155643817461191825e+00 -1.441474346937396955e+00 -6.712014645538537216e+00 6.306245773947664723e+00 -1.147892653707582422e+00 -1.445935243078088739e+00 -9.142045792438033835e-01 2.469029004694044682e-01 -9.570413377978493896e-01 2.496292938900847247e+00 5.923472889952297926e+00 -1.578598906354142128e+00 -5.368293531273593544e-01 1.941280292083279457e+00 9.306566891148733145e-01 1.503393650603422893e+00 -5.400303656716897160e-01 5.359130431461793798e-01 -3.801143348879683970e+00 2.835545459994111284e-02 2.204367701382268230e+00 -7.468952514381527186e-01 1.228209834243866039e-01 2.837108690078261830e+00 -4.265354809803703073e-01 3.228165535935814123e-01 -8.206670292507980621e-03 -6.365846854823377088e-01 4.634572044501012456e-01 1.094085990499619188e-01 1.299609079116239352e+00 9.889003133242816324e-01 -1.987053691388483090e+00 -4.192093551225823389e-01 -4.435526086019829783e-01 -5.799810315378813863e-01 -9.622972240684384282e-01 -2.484122606041553993e+00 -1.777752316529098486e+00 1.536117728428702867e+00 2.188302101152400092e-01 -1.070006381195712092e-01 1.692398368555110499e+00 -4.351119206707056153e-02 -1.017148395244457770e+00 5.215931412494397179e+00 3.522794816867341083e+00 -2.307988545159512572e+00 -1.671050733736225480e+00 1.743769457696743519e+00 2.409761578289101092e+00 -1.682313825636315263e+00 1.493408627203927530e+00 1.510043423106760263e-01 3.885208738308747467e-01 1.750482091637109994e+00 -2.822427689955698149e+00 -3.792462290492952803e-01 8.583483226567006907e-01 -1.679051876859807280e+01 -1.322668486579814617e+00 -1.262158539809594693e+00 3.214689995620712004e-01 1.120034755384400893e-01 -4.619314711776001836e+00 -6.541577038858927828e-01 7.096948303954628834e-01 -2.672013398866864176e+00 -1.382908328357699945e+00 -1.659870559983379401e+00 -5.184665318885046670e-01 -1.980738848559903076e+01 9.996842240240344513e-01 -6.000143927571541802e+00 -2.135616127381184448e+00 7.287727049709095128e-01 8.188106982967128245e-01 -1.090161273357420857e+00 -5.896119830478687707e-01 -2.596859092224402144e+00 1.395892269565921051e+00 -1.832958039074186418e+00 1.578331048433934680e-01 1.000000000000000000e+00 0.000000000000000000e+00 0.000000000000000000e+00 0.000000000000000000e+00 0.000000000000000000e+00 0.000000000000000000e+00 0.000000000000000000e+00 0.000000000000000000e+00 0.000000000000000000e+00 0.000000000000000000e+00 0.000000000000000000e+00 0.000000000000000000e+00 0.000000000000000000e+00 0.000000000000000000e+00 0.000000000000000000e+00 0.000000000000000000e+00 0.000000000000000000e+00
-1.475372245666394244e+00 -1.297283067549072522e+00 -1.741684773112917695e+00 2.655676968540122473e+00 1.739359132497161550e-02 1.940055520881559081e+00 -7.878566611559815192e-01 -6.421333045686765661e-01 -7.245774806961858827e-01 -2.822452368771277698e+00 3.206305916022476055e-01 -1.413259178925081738e-01 -2.616945991197619503e-01 3.480617214835497908e+00 -2.203876160790105843e+00 -1.422059928470748025e+00 9.989854575983916352e-01 5.606207960325063078e-02 -1.094691053265641756e-01 -1.359941727463773509e+00 9.917782317069726017e-02 1.416403225621030604e+00 -6.400840368840194916e-01 2.648764235050916405e+00 -8.487129854640963478e-01 -2.196508751596312869e+00 3.478991308458561638e-01 -1.206907375540601339e-02 -1.448343543699146529e+00 -7.194711990855256686e-03 9.669869456065210978e-01 1.072496900673949316e+00 -6.601241533967597830e-01 -1.180474339877086304e-01 6.336204401482530280e-01 -6.888367163046962283e-01 -2.120704508733534666e-01 2.697248484684952041e-01 1.185829640068663399e-01 4.003762963132518893e-01 1.646519764294187782e+00 -1.149462140315953562e-01 1.766533684268527304e+00 2.556306898469547575e-02 -1.250757794676874646e+00 1.622824396360176280e+00 2.113216739159129443e+00 -2.949827911234374600e+00 -5.456839336413079611e-01 1.904492940384141519e+00 1.224023970700656605e+01 -9.122612261158586922e-01 3.193700622705323067e+00 -1.835768238682731424e+00 2.793076779207840366e-01 -1.752175809323767153e+00 8.566224357207194440e-02 -5.952113359901097134e+00 -2.528683915055425668e+00 7.073430031262671491e+01 7.078970702751138155e+00 5.318053814891218423e+00 1.760676323622898110e-01 -1.579531693716275997e+00 -6.284073127014548454e+00 -7.338586594815542652e-01 2.286569044262456440e-01 -1.180381962016684882e+00 -6.029915171873370117e-01 5.549794100217935622e+00 1.278731749872635381e+00 -1.303422298390305656e+01 6.407972952249904042e-01 9.837246788557857391e-01 8.324248888430334503e-01 -1.780638771085804317e-01 4.995809481152236886e-01 5.275449509139851223e-01 -4.550425068024308572e-01 3.614675029739005119e-01 4.874012864325122929e-01 -6.127361144156553419e-01 -6.790638493245458873e-01 -8.191323939139963928e-01 1.000000000000000000e+00 0.000000000000000000e+00 0.000000000000000000e+00 0.000000000000000000e+00 0.000000000000000000e+00 0.000000000000000000e+00 0.000000000000000000e+00 0.000000000000000000e+00 0.000000000000000000e+00 0.000000000000000000e+00 0.000000000000000000e+00 0.000000000000000000e+00 0.000000000000000000e+00 0.000000000000000000e+00 0.000000000000000000e+00 0.000000000000000000e+00
-1.493602147613375175e+00 -1.870594202634093373e+00 1.878891105592108257e+00 -8.070980215431966531e-01 -4.134560365948420912e-01 -3.708646467872961594e+00 3.446980326991702093e-01 1.736163233137284934e+00 9.935777415393204359e-01 -1.104080985094661349e+00 -4.755427543241123267e+00 1.545303599005979134e+00 3.823996252215117186e-01 1.880192113124139891e-02 5.273262101246576350e-01 -6.461729603321498816e-01 4.367644759156098511e-01 -2.401143483024801573e-01 1.341459239939606807e+00 1.267160480386738119e-01 -4.729448543177803277e-01 -7.985398642833152483e-01 2.804779775569009592e-01 1.688584647472627820e+00 -1.163351415559878560e-01 -9.728718244124445746e-01 1.553276641405694491e-01 8.753637996542507071e-01 1.384377275420971332e+00 2.174817616281589649e-01 2.845378431436889510e+00 2.545668256571963273e+00 -8.088472262453286987e+00 -1.252999196620395939e+00 1.016890133701056353e-01 -4.430665926787622499e-01 -7.831862291632150086e-01 -1.614349250993227569e+00 -1.165929091433909104e+00 1.984002254654382291e-01 -2.636585867980200781e+00 2.787756006675042308e-01 5.704449817304195758e-01 -5.204310614634808374e-01 2.361917597222507048e+00 1.627514389710028153e+00 -1.307335407628096746e+00 2.253611385584906923e+00 9.337114079629878216e-02 -1.475885034247106153e+00 -1.252138213055546068e+01 3.430336407651433661e-01 -2.783505402167621323e+00 2.842262780973787706e+00 -1.005949643703769159e+00 1.322400676166878286e+00 1.275751426603317085e-01 2.996951893107656417e+00 1.127418622036470586e+00 -2.908947311479042241e+01 -2.918377691190787271e+00 -2.332192866604103187e+00 -4.873147934899947353e-01 3.922054011777965643e-01 1.152165030663218026e+01 1.050536748839128398e+00 -2.359539889583741168e+00 5.643300963551732607e+00 1.288634571885843627e+00 2.458989090674430500e+00 1.438973905760855487e+00 -1.200864418585496907e+01 5.619367047244324676e-01 -1.772781452310173478e+00 -3.589779225282491160e-02 1.531930746445248737e+00 -1.254920728704566724e+00 5.847603948709715338e-01 -7.490105048163419044e-01 -3.914392270367454962e-01 5.038272182797436383e-01 8.732066589937260981e-02 8.586814566768796730e-01 1.691071096199328494e+00 1.529410494548513633e+00 1.000000000000000000e+00 0.000000000000000000e+00 0.000000000000000000e+00 0.000000000000000000e+00 0.000000000000000000e+00 0.000000000000000000e+00 0.000000000000000000e+00 0.000000000000000000e+00 0.000000000000000000e+00 0.000000000000000000e+00 0.000000000000000000e+00 0.000000000000000000e+00 0.000000000000000000e+00 0.000000000000000000e+00 0.000000000000000000e+00
-1.640499239622527083e+00 -1.791891056766548251e+00 -4.292231251562768968e+00 4.699645410157339498e+00 -1.223905950169103640e+00 -1.543726846250361939e+00 -3.871243627178206359e-01 1.152617870642273390e+00 5.452265261752746728e-01 -2.901431336139573602e+00 -7.986684644515113618e+00 2.247660407367327196e+00 4.916885122471019720e-01 -1.779473286366650031e+00 -1.451194939496222025e+00 -1.614785922788522177e+00 6.254764385466029530e-01 -1.832776288384352636e-01 2.823509031662108981e+00 8.774697434634951554e-01 -1.132432391583336750e+00 -1.886617571980360175e+00 1.032263029385577902e+00 6.428496302301501819e-01 -1.191201681823644165e+00 -1.163256827843514030e+00 8.097013410131286004e-02 1.158050062626849064e+00 -3.361844299411874459e+00 -6.516611377752460355e-01 -8.204332797477819073e-01 5.567063373390640502e-01 -2.146074268088137948e+00 -2.356882959700123403e-01 1.994280061015453187e+00 -1.054686530743768946e+00 3.187996881072808208e-01 1.407101154138640675e+00 8.847720620227915722e-01 -1.253239780005577453e+00 -6.383416217844577467e-01 -5.252501894628133772e-02 -1.944499061281556029e+00 5.474946221688008485e-01 1.961636463839687483e+00 -3.708425693044611116e+00 -3.113236584301941168e+00 2.035445657561965049e+00 7.508443965097224559e-01 -1.241248646928609922e+00 -6.230094929771179402e-01 2.265047923345618663e+00 -9.638687871410025476e-01 -3.955585982673564538e-01 -2.995206125287290799e-01 -1.256411452683553198e-01 -3.359602956368506338e-02 2.238097388288640577e+00 9.326215863303934928e-01 -1.581951112020553118e+01 -1.183036455662124897e+00 -1.309629807850871241e+00 -6.532600781471969986e-01 -5.806593528455991082e-01 6.045529307847428591e+00 6.892743996764739700e-01 -3.578500136023290978e-01 7.246384062788777669e-01 -1.627596996709968491e-01 -2.287537216052818234e+00 2.079192619671076797e-02 -2.115960664837150951e+00 9.191172864865614078e-02 1.754684566245197974e+00 4.197571526148470844e-01 1.245264872895430530e+00 2.617975406330371069e+00 -8.113057090484879774e-01 -9.068405280252687106e-01 -1.488051599472635100e+00 1.733819379913908554e+00 -1.625739994213392547e+00 -5.747270295849168376e-01 6.028117442999492148e-01 5.895833803904012571e-01 5.686019955944798809e-01 1.000000000000000000e+00 0.000000000000000000e+00 0.000000000000000000e+00 0.000000000000000000e+00 0.000000000000000000e+00 0.000000000000000000e+00 0.000000000000000000e+00 0.000000000000000000e+00 0.000000000000000000e+00 0.000000000000000000e+00 0.000000000000000000e+00 0.000000000000000000e+00 0.000000000000000000e+00 0.000000000000000000e+00
7.852501437542133145e-01 -1.362202063297605348e-01 4.947459495795336615e+00 -4.367945344040397693e+00 4.162761869055753294e-01 -1.716060395927803128e+00 7.319359491621302283e-01 1.511205963792882523e+00 6.801045627110289260e-01 -1.700531576130041467e+00 -6.262293268777083810e+00 1.667231174718146303e+00 3.709306476708387756e-01 -4.531733081802129526e+00 1.121802814681315263e+00 3.770158568230990714e-01 -7.475436031674340676e-01 -1.236810605424085940e+00 4.671195933353421204e+00 1.100484063683456970e+00 -2.443880547441902085e+00 -5.773870670859349019e-01 6.621536109252613711e-01 -4.522188548056477742e-01 2.364017887943630492e-01 2.196954747640526284e-01 -1.903019010396498137e-02 -6.807117295564461823e-02 1.229616350909036759e+00 -1.618793768247282078e-02 -1.613291001607162656e+00 -1.495612345362228313e+00 1.679787695665743152e+00 2.993149037387696221e-01 2.035039950735697545e+00 -9.836242579619605131e-01 -4.819197301443428061e-01 9.658465425424657136e-01 5.365637478106559666e-01 9.322082889975529252e-01 3.386350178774396591e-01 -2.233627796917294350e-01 1.959080348202982602e+00 -9.181578341688618750e-01 -8.068841646409447010e-01 1.826273811422192361e+00 2.236148325069177822e+00 -1.083528698458322559e+00 1.276395661803933157e+00 -2.249994184908675199e-01 -2.298616436337034941e+00 -7.007819510446759992e-01 -7.450479023665621536e-01 2.185643579835707673e-01 4.833503195507828365e-01 9.792332738524743563e-02 -2.032633575460407460e-01 -8.941149228885788558e-01 1.572254579195850877e-01 1.335459153054208059e+01 1.229340813136416077e+00 9.257601250849154528e-01 -2.182273568392719687e-01 -2.705833660906578064e-01 3.112250502077762881e+00 -1.848048021619856651e-01 -1.844703100623084957e+00 4.340679577786587195e+00 1.205504412234805978e+00 4.766236033754331025e+00 1.515798603981331150e+00 1.865094515353223770e+01 -8.552501072389283587e-01 -2.061749437547991004e+00 3.049900006086099791e-01 -3.954240042928820059e-02 -4.417122590997221154e-01 5.258254027269939623e-01 3.942762544088034837e-01 2.038502977956605733e+00 -1.638918094416704996e+00 1.518919940955590464e+00 4.326613958945925154e-01 -1.031422694285278441e+00 -1.158343895715507088e+01 -3.156701840960911998e+00 1.324651057139401233e+00 1.000000000000000000e+00 0.000000000000000000e+00 0.000000000000000000e+00 0.000000000000000000e+00 0.000000000000000000e+00 0.000000000000000000e+00 0.000000000000000000e+00 0.000000000000000000e+00 0.000000000000000000e+00 0.000000000000000000e+00 0.000000000000000000e+00 0.000000000000000000e+00 0.000000000000000000e+00
8.349695998079706971e-01 1.015370223673174088e+00 3.694640976276396316e+00 -3.950457376379232777e+00 1.208331928808578759e+00 1.676340279228265340e+00 5.083721898159305336e-02 -1.373160489290726094e+00 -1.116689669351046632e+00 2.867160691972377773e+00 8.910948669306817393e+00 -2.533295629791542769e+00 -5.282559886620208367e-01 2.373110001067124220e+00 1.367019648853102121e+00 1.633078395700059415e+00 -6.257009659909041899e-01 1.745697842002812139e-01 -1.644148008096540492e+00 -1.119312828981458230e+00 3.992625790043880518e-01 2.886885264646817273e+00 -1.435339736702994973e+00 -2.955317097171415774e+00 1.373856490296031074e+00 7.902515807017707061e-01 -6.325085170658932554e-02 -5.765348564979234647e-01 1.968772567422115927e+00 3.522114262983013222e-01 -6.400267057643188595e-01 -1.693831056087959031e+00 5.035025253091740538e+00 7.144011373509950857e-01 -5.089806025538069489e-01 -2.756827176420773573e-01 -6.053624853788611704e-01 1.991230788364565796e-01 9.735552083518869138e-01 -2.913732301100501743e-01 1.575727318251008757e+00 9.861540046361544354e-02 -3.222664564574055479e+00 6.751101735464343223e-01 -7.294944935085945215e-01 -5.410977764759322461e+00 -2.920971060304000666e+00 1.654682706286976668e+00 1.525670819568605285e+00 -1.344625680802101320e+00 6.927505577915064050e-01 6.129898190520245427e-01 -4.906785913493378892e-01 -1.164350323124586639e+00 8.700002697283305553e-01 2.246280543968067964e-02 -1.119365304677506778e-01 1.691369897023741409e+00 5.227600322614006645e-01 -2.709549480877788596e+01 -3.098914824249637601e+00 -1.695615334692998966e+00 7.941520575185671005e-01 7.757065195819581316e-01 -1.290329245505215550e+00 2.412028405957633015e-01 1.037717277045159481e+00 -6.549559731368630455e-01 5.154101075354760031e-01 -4.586385245121895160e+00 -1.926407827634011971e+00 2.024907551713411991e+01 -1.002294360316055233e+00 1.389227222013258878e+00 -3.391010872688681177e-01 -1.282695855096245952e+00 -9.502059760488379414e-01 -1.217359844844417283e-01 9.631902302812923589e-01 1.467918478514127489e-01 -8.145994783700191144e-01 1.059730935229605375e+00 -6.348920495413665765e-01 -6.842344081892551833e-01 8.437591466454310574e-01 2.112214683211209310e-01 9.345941725908877284e-01 -2.744915163352794063e-01 1.000000000000000000e+00 0.000000000000000000e+00 0.000000000000000000e+00 0.000000000000000000e+00 0.000000000000000000e+00 0.000000000000000000e+00 0.000000000000000000e+00 0.000000000000000000e+00 0.000000000000000000e+00 0.000000000000000000e+00 0.000000000000000000e+00 0.000000000000000000e+00
4.453319199385148419e-01 -4.365935544263487289e-01 2.380960879980929423e+00 -2.475382880808563169e+00 6.137905685095442765e-01 1.723378997724478001e+00 2.250628653326383968e-02 -7.933959459523142188e-01 1.960197659187863373e-01 -1.435360683797114678e+00 3.660555095803448844e-01 -1.306176430371889796e-01 -5.366141603478954275e-02 2.716443486487755354e+00 -1.864096267755564806e+00 -1.689727026346983019e+00 1.278878888076709686e+00 6.768272072755837643e-01 -8.763558450963510049e-01 -5.676697500850210742e-01 8.205949243753472011e-01 -5.121826565631835138e-01 -5.978829022175557312e-02 1.028175502472274294e+00 -6.734594740323381901e-01 -1.504368526815213603e+00 1.904903969003533815e-01 6.782946756368308794e-01 -2.437816370540498934e+00 -5.375328478906648000e-01 -1.582678795321996512e+00 -1.312129221134237911e+00 4.544066418827312326e+00 6.704918388121418049e-01 2.530114534597264209e-01 1.648661502402725409e-01 7.381815333375059407e-02 5.909747131690530342e-01 5.494620197383697641e-02 3.735441458092076950e-01 -6.657770444941804033e-01 4.253278399064726600e-01 1.415918856556501737e+00 -5.713752327056778046e-01 5.457095294207263692e-01 8.179724020828957887e-01 -5.075888416639836587e-01 1.170484557735757963e-01 -5.480604353876573631e-01 3.644080982855905648e-01 -1.967335566394881496e+00 2.772412546015626811e-01 -2.129224352479351656e-01 1.386543140059212975e+00 -1.073518406148069149e+00 9.932571445706006585e-02 5.580996751872677741e-01 -5.798722355395588002e-01 -4.698425023796466982e-01 1.277700685198034236e+01 1.308447396962684417e+00 8.127565263104634674e-01 -2.478715128405752643e-01 2.881940628533886106e-01 -1.467488422723586039e+00 -6.142464836381367199e-01 -1.003072199880877591e+00 1.268691280427146406e+00 4.226039827352473521e-01 3.890291482988143201e+00 1.194700052351300501e+00 -6.140157901074076996e+00 2.762815852754847978e-01 1.205137266581607358e+00 6.656455364163962329e-01 -1.930134055688697836e-01 -1.468082720830325094e+00 8.405592083615520682e-01 1.985501549268991195e-01 1.437984020086516379e+00 -1.817135707073598005e-01 1.785209691194977466e-01 9.437596474955832759e-01 6.638205490175564938e-01 -2.887963289119095833e+00 -8.811813834249206945e-01 -1.325444757479618207e+00 4.468422008748308416e-01 -2.337906183290713980e+00 1.000000000000000000e+00 0.000000000000000000e+00 0.000000000000000000e+00 0.000000000000000000e+00 0.000000000000000000e+00 0.000000000000000000e+00 0.000000000000000000e+00 0.000000000000000000e+00 0.000000000000000000e+00 0.000000000000000000e+00 0.000000000000000000e+00
1.126867309954662666e+00 1.539834287031905058e+00 2.992266342314024996e+00 -3.341384608777656862e+00 3.336680696423375281e-01 9.811618540422388790e-01 8.490653239545344899e-01 2.798115863133647796e-01 7.450875728687075261e-01 -1.354563910029306983e+00 -5.016095229536953859e+00 1.302869136004763506e+00 3.969031420810983923e-01 -6.244274980671606023e+00 1.003692654166493670e+00 1.527604657407449995e+00 -1.554180027961715727e+00 -8.226938712917722940e-01 4.893193189600931525e+00 2.267421675295707928e+00 -3.276012364812193045e+00 -8.769265763930106372e-01 8.473104742808045264e-01 -9.481231792808191727e+00 2.453674892122375439e+00 5.997442450838976313e+00 -9.326206861232200218e-01 -7.260312887927724557e-01 1.231186522801483774e+00 -3.849636965247882903e-01 -1.892897328579908445e+00 -2.840096767721191462e+00 6.978868378204939660e+00 1.203584209765119706e+00 -1.365918260429464848e+00 9.708286468973289507e-01 1.150716083093371811e+00 1.238911542376746944e+00 3.835818502588069223e-01 1.702689100442384307e+00 2.317630315905872429e+00 -5.436009012104253690e-01 -3.612909376645637716e-01 9.400122230458594907e-02 -2.524893736634866492e+00 -2.369953961705210777e+00 -1.283068666727462004e+00 1.049446646902989222e-01 -3.024813865189615036e-01 2.902856819998845816e-01 -2.067732568183819897e-01 -2.293704653584753839e+00 6.179585069787206786e-01 5.007878809331101078e-01 1.199947770551293313e+00 1.358653006779723116e+00 -3.252109673046632121e+00 -3.618763560821609993e+00 -9.230653401978905492e-01 2.090378509913942295e+01 2.380208609667939346e+00 1.527986336099767417e+00 9.325229925513721652e-01 6.483548749962260160e-01 -7.563008386671394412e+00 -5.270880528246310037e-01 1.528728056201453578e+00 -3.186781046060655598e+00 -5.212006620033279303e-01 -8.336077587190061644e-01 -9.213883338794889299e-01 4.188255994832149831e+00 -1.946384737435371548e-01 -1.463595892723073666e+00 -6.745003677868571801e-01 -9.499106073582107568e-01 -1.835317286638898038e+00 3.639250292754860339e-01 3.364985263956666306e-01 1.595674233913544626e-01 7.315089460509365329e-03 -5.701772287236691605e-01 2.694136926169565099e-02 -5.095141620554748396e-01 -3.400985131507876957e+00 -1.218172068737388036e+00 5.043196104132775526e-01 1.839182779481878804e-01 -2.038898429992928474e+00 2.523311354274742957e+00 1.000000000000000000e+00 0.000000000000000000e+00 0.000000000000000000e+00 0.000000000000000000e+00 0.000000000000000000e+00 0.000000000000000000e+00 0.000000000000000000e+00 0.000000000000000000e+00 0.000000000000000000e+00 0.000000000000000000e+00
-1.096570258655097829e+00 -1.242600948227573054e+00 -5.110787416658712168e+00 5.523351594868996628e+00 -1.928424314636479009e+00 -2.625177762495609635e+00 2.224562641941884092e-02 1.320336005891547648e+00 -1.209741681783278011e+00 4.679891924798830871e+00 6.782548604261956271e+00 -1.830517065623057826e+00 -5.922888054312075434e-01 -1.096298195944163112e+01 3.988344661753517872e+00 3.876365615839625800e+00 -3.291230422615855300e+00 -1.872104721503678570e+00 -1.681611162654836011e+00 9.259085470393444428e-01 4.738747874322640947e-03 1.491749384928959365e+00 -4.182705774148259836e-01 2.974837971980818715e-02 -1.525751762786668742e-01 1.046283229083056154e+00 -1.685219069641120115e-01 -1.020987357924588057e+00 -1.567781098314308674e-01 2.510185481098811677e-02 5.030503501190833227e+00 5.001509779688996460e+00 -1.225228731917901825e+01 -2.005784833082332685e+00 4.099422420472790485e+00 -2.257582871539105529e+00 -1.559521783058524180e+00 -1.046109940003386446e-01 8.510150385593150402e-01 -1.674519917752044229e+00 -7.979000917420361327e-01 -2.642916156206749911e-01 -2.303006760864103164e+00 -1.380927483411836798e-02 1.394633111100027412e+00 -3.223991781556895031e+00 -1.516406694715294545e+00 1.736414068929323706e+00 2.165291755771226345e+00 -1.950457372419115654e+00 -4.568680594764350289e+00 3.118639381394133769e-01 -1.469966143823512983e+00 8.809120834713205506e-01 -6.358070266855726516e-01 -1.917730712712125696e+00 3.205211368271389638e+00 -5.594045114528620743e-01 -1.224949683120411414e+00 2.988455500749281768e+01 2.728013502672784973e+00 2.126593837825286215e+00 -7.628323703448968152e-01 -6.615423927524293202e-01 3.385945298464022368e+00 2.581413637067358491e-01 -1.134312322534156925e+00 2.523983708756857069e+00 6.463099353182302220e-01 3.880113149089866820e+00 8.596792654811947765e-01 -6.870182185380471651e+00 3.594839789369079219e-01 -1.499321488916725897e+00 -2.170564947768740816e-01 -6.025537992838136958e-01 5.420028193978514430e-01 -5.647168442545000971e-02 1.582892528449872938e-01 -4.169139277547693756e-01 3.814642907203317224e-01 -6.117081993316825228e-01 -6.862184859925322122e-01 -7.362864180024599747e-01 -2.568320804189243023e-01 -2.960433240575875979e-01 2.319676129912527918e-01 -1.084300580847264162e-01 1.440601144842748871e-01 -1.445418693987597092e-01 3.486596432979824356e-02 1.000000000000000000e+00 0.000000000000000000e+00 0.000000000000000000e+00 0.000000000000000000e+00 0.000000000000000000e+00 0.000000000000000000e+00 0.000000000000000000e+00 0.000000000000000000e+00 0.000000000000000000e+00
1.198578765129270307e+00 5.045488743918833396e-01 7.750083521368915651e-01 -9.933403448566932026e-01 -7.627507462731031307e-01 -4.486530731061240118e-01 8.638764613785295809e-01 1.266603823195476819e+00 5.897991547409258128e-01 -7.719111389958053238e-01 -4.945888729654015492e+00 1.357682751751936312e+00 5.015592370104065001e-01 -1.199216427454887679e+01 1.225603158507103885e+00 3.800714439505817666e+00 -3.389531041081346618e+00 -8.921986448140589721e-01 4.711468937698306547e+00 1.285687561368534348e+00 -3.689590446607146745e+00 2.985577027403871320e+00 -7.555932150898047039e-01 -1.176470655552187417e+01 1.940800114046696168e+00 3.719597612315249435e+00 -5.507636941016339494e-01 5.305108865871529522e-01 -1.465784838227249809e+00 -4.693710045773898942e-01 6.466539334416673945e+00 6.958477197763783373e+00 -1.880401690851159913e+01 -2.918820701475784762e+00 6.787395486775244180e+00 -4.150714558632434326e+00 -2.158180792482064625e+00 2.456887936707917941e+00 2.127072900636571617e+00 -1.796996993558933164e+00 6.628770829884657323e-02 -6.765822249559939883e-02 2.424910841669940087e+00 -9.697620549521973610e-01 6.853533949441752426e-01 1.040141296226596346e+00 1.728628696942310139e+00 -2.166246688763334038e+00 1.602065487736526128e+00 3.408371967140341185e-01 9.529544743663501905e+00 1.832889068413146250e+00 1.293154450336595707e+00 -1.302468076815265885e+00 -6.873139918865726061e-01 -3.499416962952443644e+00 3.939751577411370942e+00 -2.239887318038353836e+00 -1.897438427594877686e+00 4.491637649967969281e+01 4.558069118556087318e+00 3.495479892566827562e+00 -6.378084992702284794e-02 -1.460610167744319066e+00 -8.310063860159583982e+00 -1.692318360542438782e+00 -7.184094260882771810e-01 -8.858182350102509206e-01 -4.730956740759976742e-01 6.074242050453315223e+00 1.494422036477700111e+00 -3.224907245766996766e+01 1.562668384805020683e+00 -5.127886451812378787e+00 -7.932314379819364047e-01 -5.666993533637889463e-02 -6.101680079937821244e-01 4.961322060702946235e-01 -1.394295488060714461e-01 -3.984475000287204804e-01 1.295071823633552333e+00 -1.437671025756650289e+00 -2.240376312186400931e-01 -3.721584415604315965e-01 -2.439127288312295860e+00 -1.124538127632167317e+00 -6.339842750079058842e-01 2.042904587219731005e-01 -3.449423474074720719e+00 2.467874568160876247e+00 1.010023935056567845e+00 2.936259626198714390e+00 1.000000000000000000e+00 0.000000000000000000e+00 0.000000000000000000e+00 0.000000000000000000e+00 0.000000000000000000e+00 0.000000000000000000e+00 0.000000000000000000e+00 0.000000000000000000e+00
-1.841607707066559574e-01 -5.242244439528956912e-01 -1.447284080706769727e+00 1.261114709423256874e+00 2.062877506060187272e-01 1.603026404838013397e+00 -5.430713942496364632e-01 -7.903370782512524340e-01 -1.437526017319191718e+00 1.785537063180882456e+00 4.968777649927114126e+00 -1.581692852432915908e+00 -2.792076852687048194e-01 7.728094791180160905e-02 6.222378564507495824e-01 2.193759469401404427e+00 -1.191452310291287287e+00 3.845493240370987942e-01 -3.288242592467212955e+00 -9.495054868018667493e-01 1.436056709386107633e+00 2.237158051423461025e+00 -1.012991711173863107e+00 3.079415789164650974e+00 -9.715599794926064181e-01 -1.942696816412951444e+00 3.471622862558408906e-01 -4.910447710405087540e-01 -1.447342140997533555e+00 3.345047508548618653e-01 2.300477784354113542e+00 2.810043445560070907e+00 -3.768631010067800435e+00 -7.855580177954012422e-01 3.965194513928670617e+00 -2.959045103115901298e+00 -1.974996725233441053e+00 1.590734784948950375e+00 1.745955384661332710e+00 -3.304250574118958728e+00 -1.079671912554119428e+00 6.722101371524629165e-01 -2.826881049159900794e+00 5.984592177191035978e-01 8.353546782590957065e-01 -2.434520874792087675e+00 -2.438024719957061048e+00 2.126752941829006094e+00 -3.378880966138979591e-01 -8.523909704689479616e-01 -2.374724394538631600e+00 1.090918666771857559e+00 -4.120336841175403775e-01 -8.760565705480996002e-01 -4.999188009561996160e-01 2.946216586471450127e-01 3.236701322578255380e-01 3.072544102215585937e+00 9.432202939000244868e-01 -2.305610392429808542e+01 -2.527562014319709949e+00 -1.752647139738865212e+00 -1.804131792411515500e-01 2.734871259383366351e-02 1.245710123002313452e+01 1.197388094756857368e+00 -2.567004089174907300e+00 7.874263099288466350e+00 2.327193625778153141e+00 3.442495892401002955e+00 1.568006268114242596e+00 2.519702727180427360e+01 -1.151875911440608746e+00 4.842053644824625636e+00 1.714997997894538440e+00 3.631531544659196697e-01 1.518810004526987445e+00 -1.656825076976086719e-01 -2.394819095522934815e-01 5.820712160894710996e-01 -1.328619328273621392e-01 -2.431222186143694175e-01 -5.307154248912239192e-01 -1.074131986780938464e+00 -9.998500592457920888e+00 -2.876282253045268522e+00 4.830293423247627449e-01 8.968274222074091862e-01 -1.393423080493151112e+00 3.809655721588788846e-01 -2.187617610025125725e-01 -2.877343925451950835e+00 -1.088243164722386025e+00 1.000000000000000000e+00 0.000000000000000000e+00 0.000000000000000000e+00 0.000000000000000000e+00 0.000000000000000000e+00 0.000000000000000000e+00 0.000000000000000000e+00
1.397210545137312465e+00 1.549697683379519519e+00 7.693711731977169954e+00 -7.663174759054997232e+00 2.033842790580802529e+00 7.265693212055808203e-01 5.643653716473896464e-01 -6.318403971688851817e-01 1.196930919093875056e+00 1.295074455155979243e-01 -8.317278515538436556e-01 3.274752856059414130e-01 2.443659090676120194e-01 6.768693846149162141e+00 4.005706238062043956e-01 -5.998417150023130917e-01 1.081100404650030100e+00 3.705172156502585246e-01 2.207670528853611369e+00 -1.172295705859844606e-01 -6.287196796927919662e-01 -6.776555595937746590e-01 4.038273331749926420e-01 9.870904946086491716e-01 -2.137702716567755068e-01 -6.745665211764634295e-01 3.785366175826669621e-02 2.099395728743357337e-01 7.765836609195301277e-01 2.382610223686506060e-02 -8.698390642147911800e-01 -1.151922448521646158e+00 2.385224865663485350e+00 2.984977676700086846e-01 7.575057007090792160e-02 1.405360818545308699e-01 3.489384478666027883e-02 -4.551324806205369611e-01 -3.916293624084307146e-01 1.166200233589341106e+00 -2.562155367605465361e-01 -1.653047868626429107e-01 -2.051165416780123193e-02 6.045426566223233850e-02 4.853039114343399851e-01 -2.020042658648799061e-02 -8.302337143089323357e-01 1.867311789590451326e-02 -4.234138801908704508e-01 2.967454171936186880e-01 -4.780016981898004280e-01 -7.584058233392138026e-01 1.556993124438864340e-01 2.578293124643847856e-01 -3.428687747848080392e-02 3.313726431781467419e-01 -3.090732094614039305e-01 -7.705989844093207308e-01 -7.581404201359526196e-01 -3.271429451119627352e+00 -8.621478694856052893e-01 -1.002437249771545580e-01 2.071121443443690591e-01 6.089007597540218031e-01 -7.644201612745304963e+00 -1.226005800656378542e+00 9.624470208958724876e-03 -1.589328170668123652e-01 -1.077387633762596914e-01 2.454842905618698445e+00 7.111617137339981687e-02 -3.602980559627224633e+00 1.950942397062784273e-01 1.127619581124351678e+00 6.426813768598191312e-02 -7.534230264995632753e-01 -1.497000299428438708e-01 -6.812603993706374539e-02 7.454847245565188185e-01 1.469783016016355859e+00 -2.648877806701005255e+00 3.515002176495773512e+00 5.806467372400673232e-01 -9.108537651480117514e-01 -4.708630442490621126e-01 -3.196041899020194421e-01 3.471209855214937301e-01 -3.290247483489613239e-02 -1.135389656642837169e-01 6.505386476873261659e-01 6.535147161843123387e-01 5.414912509818199382e+00 2.323733627717353478e+00 -1.003693451134462178e+00 1.000000000000000000e+00 0.000000000000000000e+00 0.000000000000000000e+00 0.000000000000000000e+00 0.000000000000000000e+00 0.000000000000000000e+00
2.947094091335595856e-01 -1.678969408292229626e-01 -2.166051696763886536e+00 2.183046461567899943e+00 -3.205674442548070990e-01 -2.741745016108625976e-01 -4.032856367685903054e-01 -1.302081073834865203e-02 -1.799159340116091466e+00 3.128228521202010448e+00 6.970522420159404930e+00 -2.051672190576439014e+00 -6.216718928974213076e-01 -3.074624645950882140e+00 2.324815843274465443e+00 3.237107046631102492e+00 -2.072612814624330113e+00 -4.027682794236193686e-01 -1.045642651956971481e+00 5.864346854576000245e-01 2.435284038849785671e-01 2.193391335660977576e-02 5.679094297548432924e-03 -7.195610933245295548e-01 3.310886897702232101e-01 7.779063580764200569e-01 -1.208527544629195705e-01 -3.769825096954345645e-01 -2.568827415382638479e-01 5.364213652750203509e-02 3.327806713072706479e+00 2.738856503427725908e+00 -5.445019201348223703e+00 -9.980856986338466630e-01 8.298710112886326096e-01 -1.367002892860975427e+00 -1.378353330800847765e+00 -2.164110720898241080e+00 -3.954415415107088161e-01 1.589627168918682498e-01 9.282548712816486303e-01 -4.194622888163325285e-03 -1.316427291519616460e+00 3.504251730330110726e-01 8.471123976032987057e-01 -1.276519292419383111e+00 -4.406708186955901052e-01 1.324177205788875655e-01 7.254584337535178173e-01 -3.449240065784949794e-01 1.076526424274627969e+00 1.196954639589770331e+00 -4.156823891456855602e-01 -1.249885496593518441e+00 4.777472631404047210e-01 5.055833794267277498e-02 4.862221011250886793e-01 3.306992757942813554e+00 1.679254823895357962e+00 -3.922418099907905997e+01 -3.869408717409740905e+00 -2.735025676910735282e+00 3.918155419637034953e-01 9.110430174565062322e-02 3.301496056192636086e+00 5.890025977595033657e-01 5.238120981074342319e-01 -5.567108802099893783e-01 -6.773713310069290339e-02 -4.545088634339795597e+00 -9.239750905961469085e-01 2.576783199324546025e+00 -1.246110696131030454e-01 7.530478432940694578e-02 -1.014354539960807267e-01 1.006159160920698126e+00 4.440486009275395052e-01 -2.593843330454658203e-01 -1.209257162819091347e+00 -1.420112579710459677e+00 1.792928772499873480e+00 -2.327499204875262073e+00 -7.017902602384133992e-01 5.593690217498266115e-01 -3.455961111417001907e-01 6.342910365530127215e-02 8.829550063028897278e-02 2.495033618169058970e-02 1.253873381264823283e+00 -1.124248697894939086e+00 -8.974479187450385975e-01 -4.641315332630538748e+00 -1.816482829817261946e+00 1.160977569614282556e+00 -7.560814649151947897e-01 1.000000000000000000e+00 0.000000000000000000e+00 0.000000000000000000e+00 0.000000000000000000e+00 0.000000000000000000e+00
-8.741416686701830585e-01 9.220661688053816141e-02 -2.864199771210569345e+00 2.022144011017158682e+00 6.896472466653631450e-01 3.183514054844174268e+00 -9.189514166277049645e-01 -2.081415031185424258e+00 8.177924603938601100e-01 -4.172778887172554185e+00 -4.557906279537067284e+00 1.225687308705465828e+00 2.069372960201394385e-01 1.207792305125971843e+01 -2.576244605686979661e+00 -3.951985284672810295e+00 3.337228840224606419e+00 4.588628776814905330e-01 3.498917556838866183e+00 -1.977663866128298031e-01 -7.838413867842618510e-01 -2.810661003625755772e+00 1.309759829488310823e+00 6.556092341187695460e+00 -1.340436490829686633e+00 -2.463922565265658005e+00 3.402247266336638765e-01 4.399002867809354012e-01 -6.864321966272753268e-03 -3.015223897582547385e-01 -5.356346756912855334e+00 -5.217946594299864849e+00 1.180477712218926989e+01 1.928373145522654264e+00 -2.065313720020798716e+00 1.245141673941018823e+00 9.089596180729044850e-01 1.136086455147065299e+00 2.687964386481342949e-01 1.521689330843833399e-01 1.118333108539462550e+00 2.239154160121494264e-01 -1.241584675312751074e+00 5.904872158915990266e-01 -1.930854159785639679e+00 -7.469748173295549520e-01 -6.526749971002790973e-01 5.364073677186256273e-01 -1.645550971716561950e+00 6.471417217487221984e-01 -3.145700377012471183e+00 -7.020454651641035992e-01 -2.378489654583826607e-01 4.660898889741112439e-01 3.036650656773142720e-01 1.680081068690259194e+00 -1.658359881257111867e+00 1.498818558313647964e+00 1.812402097620725794e+00 -1.993572253020273877e+01 -2.011971275487492772e+00 -1.554937398109461633e+00 -1.356055412610446820e-01 1.666752502470264241e-01 8.150374565088416290e+00 8.658054086822898343e-01 -1.158550846704883286e+00 3.141492732241125019e+00 1.120316660060427960e+00 -1.774690143869547487e+00 1.265397061850241089e-01 1.486907318354566421e+01 -7.153515435601663919e-01 -1.608799211132555529e-01 4.790223816912679844e-01 5.896132608185181700e-01 8.441021235721397620e-01 3.992637583155570977e-03 -4.475376715468734612e-01 3.829507874680633250e-01 2.579555140829885018e-01 -1.431204742017650577e+00 -2.431109980535071588e-02 5.727929923246037891e-01 -6.100354576324136247e+00 -1.098039346106899572e+00 1.920640175629219293e+00 4.569909392749345600e-01 -5.790372970840088757e-02 9.374035347853041378e-01 2.705259968451758645e-01 -6.710405402331593550e+00 -2.516542180443804178e+00 1.350691069158935553e+00 -9.026944959591466366e-01 1.878140023757357280e-01 1.000000000000000000e+00 0.000000000000000000e+00 0.000000000000000000e+00 0.000000000000000000e+00
-1.941922541307514294e+00 -1.031315419110540477e+00 -7.991149414033134057e+00 7.754545846728502667e+00 -1.028612680377592792e+00 1.956825636360854270e+00 -1.276704626476539151e+00 -1.191008265238183705e+00 -1.636375661013808491e+00 -1.054262601955338885e-01 3.394424369737697678e+00 -1.206646295042086203e+00 -4.628718765689433523e-01 -2.945124542870294349e+00 -1.344700596298940010e+00 5.384680118644418201e-01 -7.114052267140221764e-01 -1.161143288464153156e-02 -1.300000954991911595e+00 -8.575582909746610749e-01 5.199688441018025520e-01 1.935944294321394921e+00 -7.480703805249818705e-01 6.715068436940546670e-01 -7.678891398155567316e-01 -6.451600322616961591e-01 6.302444366913657892e-02 -4.111619868298072578e-01 -2.146637224793174425e+00 -3.698025080324917613e-01 2.747360407824573358e-01 9.691383527748881344e-01 -2.401510362095847562e+00 -3.730366995615691517e-01 3.105608329617022711e+00 -1.984109951779930547e+00 -7.538510918701919472e-01 4.791464233073113865e-01 5.061980153885815570e-01 -4.595598105360716723e-02 1.060123807749411506e+00 -4.090815501674399668e-01 6.047801080607104751e-01 1.821956257292966230e-01 -4.099392801230157812e-01 5.863734993989262456e-01 1.632571079673767356e+00 -2.046546382821991195e+00 2.359861345734977356e-02 1.185201059529492618e+00 7.854519797809031090e+00 -1.859477288134474826e-01 1.789671117402970246e+00 -1.305574515622681009e+00 1.789879599723172010e-01 -1.793676631659987031e+00 9.559119334343875174e-01 -4.175045688491236362e+00 -1.756185901206474220e+00 5.320252940313083911e+01 5.339465481474041653e+00 3.985767188503990699e+00 -1.747565081271292564e-01 -1.173891210821167874e+00 -8.015571341075611755e+00 -1.403389709945750852e+00 -4.145915154546798154e-01 -1.598899747588040876e+00 -7.372341304880368762e-01 3.903990538134482158e+00 6.186930479683501183e-01 -2.565960948357151494e+01 1.218199882559751757e+00 -1.599287393633926690e+00 -3.420805420312605372e-01 -6.684007434034396899e-01 1.301051877088510000e+00 -2.172939291585235799e-01 2.870132726144131730e-01 6.765236054328707116e-01 -1.014508140853721097e+00 1.293098761961464227e+00 4.638735754831320446e-02 -1.221780871547477831e+00 3.420082005006472858e+00 4.048264121966460571e-01 -5.632243270335522967e-01 -3.130647501177865055e-01 4.617049420304494833e-01 -7.600150984481162109e-01 1.638771470475189687e-02 5.305157759286886154e+00 2.153887323292725142e+00 -1.865578647995274897e-01 1.135460696406173087e+00 -1.415232633365226755e+00 -2.609157028118155086e+00 1.000000000000000000e+00 0.000000000000000000e+00 0.000000000000000000e+00
7.612732695414733408e-01 1.605998235216617775e+00 2.547696807111128336e+00 -3.271244247874044664e+00 4.089133422076174917e-01 -6.169360646133238424e-01 6.534640229764689945e-01 1.222607668119048557e-01 9.663241043352300830e-01 5.180424769783646965e-01 -1.977287907241723319e+00 5.379253711436353669e-01 3.111915506645514529e-01 1.042704140771107291e+00 -1.687059752725010853e-01 -2.093476647067292085e+00 1.266909320788111026e+00 1.311356234543440968e-01 9.976937667303411583e-01 8.897198927991654960e-02 -6.978455225703891207e-01 -6.026036219251771353e-01 1.692541889082044282e-01 -5.694977711230000850e+00 2.200640170207720736e+00 3.234070951138513283e+00 -4.876348639635370019e-01 -2.277856529929407070e-01 3.113527203152282041e+00 5.415548099862227405e-01 7.146213389512294789e-01 -1.192172386486685776e+00 4.635079973744185899e+00 6.101292908584458052e-01 -3.897631519474586970e+00 1.307505779499707366e+00 -2.810163496331732902e-01 -3.181294980645296810e+00 -2.180721271794745064e+00 2.550937531657407664e+00 -1.994172171546938765e-01 -3.521653063827618335e-01 1.232015343420404863e+00 4.269230089536375089e-02 -7.481750308633315916e-01 4.216509286881320762e+00 2.877080982002282905e+00 -1.535126227780918784e+00 -9.362822411902993469e-01 9.652416580266617308e-01 4.589396074963867922e-01 -1.882593643698857289e+00 7.654454627409587042e-01 2.204522088486144948e-01 6.306489653874772783e-01 1.102781559674767653e+00 -1.259675732817174154e+00 1.166688023477127634e-01 4.146527117348434710e-01 -2.258108843320995618e+01 -2.385530960697376468e+00 -1.432759687468990739e+00 1.017921768580640540e+00 8.397866130880760061e-01 -6.465700730467696111e+00 -5.991784149775185586e-01 1.242218199848233340e+00 -3.514393440454796291e+00 -6.629079607115460071e-01 -3.233566033902791848e+00 -1.608573175293759316e+00 -1.998257825835386825e+01 9.244987162014985937e-01 -2.501359594855917745e+00 -1.484802171298352791e+00 -8.337244861091426262e-01 -1.638759358370121655e+00 -9.092317662340086704e-02 5.933856758748126126e-01 -7.509612058682705316e-01 -4.700787819209626406e-01 5.814739563882704854e-01 6.279094446475393942e-01 -3.219867441449124068e-01 -1.627610130689032042e+00 -5.496074985619735509e-01 7.259286990451099264e-01 3.767990580428261932e-02 7.592733609366054681e-01 -2.026124927568919987e-01 2.163132166514485921e-01 3.471927352721817961e+00 9.677266731529674537e-01 1.592410974817192182e-01 2.881961102099838357e+00 -1.137190133268666026e+00 -3.840426693953873372e+00 -2.664811886264354825e+02 1.000000000000000000e+00 0.000000000000000000e+00
1.603289816418537628e+00 1.300951851159139139e+00 -3.200130031275869036e-01 -1.324043032579941548e-01 -1.411383972883784588e-01 1.195809668131430969e+00 2.017061414341251024e-01 -6.635109675269578178e-01 -1.878763862796357376e-01 4.293760060746832252e+00 1.027565675545003110e+01 -2.610764741921140164e+00 -7.835774305082158220e-01 -3.097220315903815191e+00 1.974553419565153733e+00 3.270537188689794483e+00 -1.974549055830260524e+00 -2.123443300815390511e-01 1.709853605616123637e-02 7.345216132359465577e-01 -3.775038047555746012e-01 8.710341027208808873e-01 -2.684572198263822651e-01 -5.176612720553701585e+00 1.538108020381564023e+00 4.417152768936019491e+00 -6.832466091627859006e-01 -1.118585411032415378e+00 3.399892308853589729e+00 7.681473077678142580e-01 4.350082672355660485e+00 3.707520084585100406e+00 -1.089812849194734135e+01 -1.664404437461551423e+00 -3.664825986411181930e-02 6.999201868396374981e-02 2.253698106788763061e-02 -8.659858614946538413e-01 -2.112784470594775976e-01 4.424720515873021287e-01 1.312574628814717093e+00 -2.652903014494631950e-01 -1.290119564463029500e-01 2.474436212181742312e-01 -9.064026592246967606e-01 -4.947231298898566165e-01 3.241040073743164940e-01 -1.124897399446209256e+00 -2.630917005824212063e-01 8.230041991652146116e-01 7.213812511665558702e+00 2.903129832970024471e-01 1.653243837256688220e+00 -9.037303543633145031e-01 6.606500024833174278e-02 -7.590803444178206849e-01 4.130921615512692102e-01 -1.863684465515587751e+00 -4.036158606084432887e-01 3.030884753201878468e+01 3.095421032828276964e+00 2.273439230957606139e+00 1.853244298832468218e-01 -5.422996250357287051e-01 3.984283955882912398e+00 9.662031709401097679e-01 2.761372647147177783e-01 2.502783904037439444e-01 1.053411232828765920e-01 -1.576855142976218149e-01 -1.172006543788914751e-01 -6.213713774303525339e-01 3.216294796567897851e-02 9.982160486778968167e-02 7.788327824551079248e-02 1.892342323942430571e-01 3.352635134959867647e-01 3.995768509571258342e-02 -6.555924743757339801e-01 -7.813306736535837738e-01 1.235395086213840976e+00 -1.599402611077850311e+00 -1.212770582956615106e+00 -5.763296426935482497e-01 4.523291146033371568e+00 4.405425485912585204e-01 -2.229984635263944526e+00 -4.152245238413402872e-01 1.616982521694821373e-01 -8.422301971561795275e-01 -7.805244149158159228e-01 -2.041197061627444270e-02 2.007473735110236121e-02 3.610056875150936123e-02 -1.087704626753953630e+00 -9.699074102358583305e-02 -9.649464553540915146e-01 2.835115013841116820e+02 -1.057486548440583762e+00 1.000000000000000000e+00
