4.977872338778877292e+01 9.926460564086832505e+01 -5.549440535129701857e+01 2.074172909701175627e+01 6.229839087891494387e+01 2.253210486422243264e+01 -9.429603674844835837e+01 -5.296664144810074504e+01 2.112791177629786432e+01 -1.686774040543986075e+01 3.885178270288389513e+01 -5.069987872917450034e+01 -5.275078911604571630e+01 5.945926668248091573e+00 2.142103419707464695e+01 9.284804096269630236e+01 -6.322021083174889355e+01 8.208438472941730879e+01 2.703973290287540010e+01 -1.954908465243320848e+01 9.797783802353805527e+01 -3.978059910058016158e+01 -5.178580748031178871e+01 2.142588695434611168e+01 6.125794832088249109e+01 -5.756419549299065608e+01 -3.754311001316155227e+01 4.625971917393266608e+01 2.317122334731473643e+01 -8.810572789600634280e+01 -3.615798636084583961e+01 -3.736291632301345089e+01 7.077325323080674480e+01 8.552674382053837121e+01 7.088181050719086329e+01 -4.523483231402352089e+01 -4.384135646882722881e+01 -3.751863737528269382e+01 9.304243485531790725e+01 -2.919755525065792767e+01 1.255301805831594208e+01 -4.601934842929367164e+01 5.257873024580163701e+01 4.790875435661828874e+01 1.285152455631795476e+01 5.194082192607416459e+01 -5.484137241058575540e+01 -7.309052594884228427e+01 5.105393161197187624e+01 1.444855842271323354e+00 -4.647744083174343643e+01 1.566072507798455149e+01 7.089584602852815465e+01 -7.450295456416893103e+01 1.321789108250182210e+01 -7.674144616494410798e+01 3.573469984725653603e+01 -6.986208115169149835e+01 3.186840252869802725e+01 -7.890533103845200458e+01 -4.955694342734446423e+00 4.879924953200170989e+01 -4.847003305230089154e+00 -7.622148196484339167e+01 -1.434404267110733144e+01 9.582267139405740863e+01 -5.636140695232339226e+01 -3.268351541237788638e+01 4.521438079510974717e+01 -8.162487937245458625e+00 7.935140985611079145e+01 5.714473749280071502e+01 -6.735143511968647090e+01 6.157879608830677398e+01 -7.071335485712926072e+01 6.046178085801102497e+01 8.337626942293962884e+01 3.104875447919201292e+01 9.761254248175757198e+01 6.287809589610029093e+01 4.680337383662350703e+01 1.734738096224486981e+01 5.382410023020810286e+01 -4.235350762819969361e+01 -6.296585148064619375e+01 5.912060413925249236e+01 -5.786357944909185846e+01 4.141222518158258481e-01 -6.931686176051260873e+01 3.956055396510288347e+01 6.176143757056672712e+01 9.575922144547044468e+01 1.470619119939323127e+01 5.127549146289572946e+01 -7.617345238234057092e+01 -6.702727786390244091e+01 3.952463474091999274e+01 -3.119905753703524454e+01 -9.928308034747601596e+00 -6.243766171480459093e+00
0.000000000000000000e+00 -9.702469200446594755e+01 1.242344213512045314e+01 6.532841189876982924e+01 -1.310187595988305986e+01 1.260602272872827712e+01 1.636133946730517437e+02 3.518253945320219600e+01 5.133643846866959848e+01 7.850165462781095016e+01 2.605576679671413132e+01 4.142729273335748985e+01 8.151806986303583358e+00 -3.287065327934882930e+01 -1.205438318766149166e+02 -1.768219435080033577e+02 1.652044287006958143e+02 -2.102395214453257211e+01 -7.615113812866719911e+01 3.104452386660702246e+01 -1.734863850304917605e+02 1.355403901966202795e+02 6.435885895835099291e+01 -1.167627966656945375e+02 -7.561549462613838557e+01 -2.496561062567849376e+00 -2.475208810938918447e+01 -5.139287610353724745e+01 5.066189297737982145e+01 1.329086509866197616e+02 1.248408181145940716e+02 1.218018259478235734e+02 -2.837820002458339275e+01 -1.956500441727251882e+02 -1.840305740856856573e+02 -1.572829591747911593e+01 4.053350349558375854e+01 1.274644402603620392e+02 -1.737853701490433309e+02 5.886545758464790623e+01 2.427138252541154628e+01 5.419344854634501729e+01 -1.456926506261784766e+02 1.209379834908978069e+01 -8.065221987768512690e+01 -6.802505445383947347e+01 2.485548385822573891e+01 6.113430829799146693e+01 -7.505253852585288143e+01 -1.241001391009135268e+01 6.071293678027781482e+01 2.052864401680909268e+01 -1.422345978047007122e+02 1.903390664910774603e+02 -7.199607820035760142e+01 9.314808977398172374e+01 -1.248125383710744103e+02 -5.488450006902709788e+00 -4.378830342665649766e+01 8.594051895192681911e+01 5.689004811272195639e+01 1.902119889059872548e+01 1.671656271745129629e+01 1.525320721693296377e+02 5.755670504240271157e+01 -1.355940584285177692e+02 1.692641742001162584e+02 1.175802641726836839e+02 -4.308637004909765977e+01 5.444295670454442160e+01 -1.139342627110912076e+01 -7.411197104891375886e+01 8.137490793147186707e+01 -6.873780152771303165e+01 1.574433924949603067e+02 -3.778362892985300903e+01 -7.547701829039907295e+01 2.968271303080864243e+01 -1.668585274597910200e+02 -6.586651523828645338e+01 -9.743278739085873497e+01 -1.016424183687483094e+02 -1.651221510839714313e+01 2.008198306769962471e+00 1.116329344360675861e+02 -1.533075118510760717e+02 -2.141677923219945967e+01 2.731674713205491933e-01 1.136707603610452395e+02 2.514929764154305758e+01 -3.267826333065551125e+01 -6.675829945989428893e+01 -5.377128531702595637e+01 -7.171007365553899149e+01 1.659007119477485901e+02 6.528001532641194160e+01 -7.830583633738626759e+01 1.309761503943486503e+02 1.456497238571532016e+01 8.092131232461269974e+01
0.000000000000000000e+00 0.000000000000000000e+00 1.976109387486172864e+01 1.505084668873200542e+02 5.889047614041274414e+01 1.021816171481205515e+00 7.530564643230462707e+00 -7.406031139404421992e+01 2.188663561715313932e+01 4.244395305742150981e+01 1.407131458721956960e+02 -6.485618277818187494e+01 -8.628604146592635971e+01 -8.691453127941549894e+01 -1.758513586708044159e+02 -1.798393175228563337e+02 2.242639949524432268e+02 4.214434784925961708e+01 -1.469975328981566349e+02 3.361019814902313385e+00 -6.932669280796238809e+01 1.048467891905041114e+02 -4.021112040173946411e+01 -6.772484323611945456e+01 -8.949588748583914821e+01 -1.200334892499361672e+02 -1.391600466519783197e+02 8.296913164453366107e+01 4.039781752334035758e+01 3.087546982486156821e+01 1.521854493700994624e+02 1.743891839731412006e+02 1.429686023853278130e+02 -2.124065323798682243e+02 -2.253288315875638546e+02 -1.241518516048964784e+02 -7.170868106669396980e+01 1.268573879823362631e+02 -1.382881901506167708e+02 1.470433958806525254e+01 -1.285372964602757406e+01 4.360768768387730177e+01 -1.021419134662269812e+02 9.135909177923491598e+01 -4.833471724268595437e+01 6.102725068972081601e+01 -1.242583383584776584e+02 3.679777813998015290e-01 -7.647336932760563855e+01 -4.959860192759597552e+00 1.071874017673241042e+02 1.092254984336787373e+02 -1.606036116577279813e+02 1.239254408799544365e+02 -1.026569438237556540e+02 1.157606533398029569e+01 -2.042764466191568431e+02 -2.213704268868648626e+02 -2.866921194514652882e+01 -4.786370835982665994e+00 1.975896459548521733e+01 1.540013891559248407e+02 2.067262769274770307e+01 1.687906531537870478e+02 -1.193464932273994350e+01 -5.474191524754229476e+01 9.421405860043179814e+01 9.866543276628786430e+01 -3.728256988021965412e+01 5.739170595771439309e+01 1.594327679524233474e+02 -1.040453140632095597e+00 1.464162026770937075e+01 -8.604791850005217668e+01 1.801241203174989494e+02 1.319521625373557754e+02 1.000119489064389455e+02 9.744463048914468573e+01 -7.566953182729633909e+00 9.484304784052056903e+00 -5.451146272743369536e+01 -1.184116486395906236e+02 1.248684397182114907e+02 -8.023068688465579612e+01 1.381001514904727969e+02 -6.445382249259799323e+01 -1.483781926243758846e+02 -6.278515255956833840e+01 2.053637110816771383e+01 1.175028364612304586e+02 -1.727282662823762394e+01 -1.265129365319921817e+00 -1.526480239024419916e+02 -8.944334766029598427e+01 9.219139484088870518e+01 -1.041206069393312816e+01 -1.020380877055755775e+02 3.995918976167433811e+01 1.544067949500522730e+01 7.513513148341095871e+01
0.000000000000000000e+00 0.000000000000000000e+00 0.000000000000000000e+00 1.758665195866985300e+02 9.897544867395744461e+01 3.426644829527457148e+01 -2.005610080621374891e+02 -1.519768453413523730e+02 -1.286072565954433742e+02 1.135152483107536625e+01 4.436312014321740094e+01 -1.896190811282006052e+02 -1.333270913591624947e+02 -5.924380081286841460e+00 -1.400845446315839240e+02 -1.430373313019659349e+02 1.148421325266117776e+02 4.186893353450159339e+00 -2.055187399812218985e+02 2.816451543455603712e+01 1.246674375434404567e+02 -1.144730528731550123e+02 -1.342131894385746591e+02 1.624183418707495434e+02 -1.468540823797084727e+02 -1.511780267970859484e+02 -1.429407754195274265e+02 1.414221228516701672e+02 -1.420512160332013991e+02 -1.665625047626893434e+02 -1.714850575284245338e+01 1.587857498723613503e+02 1.089567301733634253e+02 -5.334928652581612596e+01 -1.273190987610708476e+02 -1.898537062687217372e+02 -5.483282413292457136e+01 1.023799795156781016e+02 -5.424182367273786554e+01 -6.237606461933479096e+01 -8.125724865169922850e+01 6.381995083056288820e+01 1.045039667733223610e+02 1.022348985382170525e+02 7.383534140934914092e+01 2.304742771113300535e+02 -2.015541537566535624e+02 6.498803769815744147e+01 -1.454834186823638049e+02 -5.336333765445402832e+01 1.297077595736528792e+02 1.500867348096357432e+02 -1.127003887656542247e+00 -6.668582454560169026e+01 -4.855279175975715589e+01 -8.494609291216097091e+00 -1.093623850634691905e+02 -2.836571467228870915e+02 5.167883227479395458e+01 -6.522691506839781539e+01 -1.054687256916425895e+02 2.530334026065594060e+02 3.921892662534365570e+01 5.469889526866217011e+01 -9.424259380773457906e+01 1.348799362128465305e+02 -7.322171841075402199e+00 -6.414213811677072385e+01 -8.708380086233469797e+01 1.060613460713894085e+02 2.815200801891836591e+02 1.614582253532806817e+02 -1.071630213082767398e+02 -1.212189270662907745e+02 1.403597402626184589e+02 1.663095081986853074e+02 1.305519237571852500e+02 1.728982598320783381e+01 1.296050836746658774e+02 -9.985080740355911644e+00 3.132798252799474881e+01 -5.037433054471875948e+01 1.653141064656136621e+02 -1.298990852615243057e+02 3.473720123684094574e+01 7.697812477294598921e+01 -2.154995163130375317e+02 -1.461918152895689218e+02 -4.371634701450617655e+01 7.457774267347537034e+01 2.185798023965747916e+01 -2.784043056127971383e+01 -1.201278380506204542e+02 -1.500984079117361887e+02 -1.476212337099829597e+02 -2.871161442657566454e+00 -1.757216003187178899e+01 -1.917639526859794614e+02 -3.574722727269715961e+00 -8.953919250522373829e+01
0.000000000000000000e+00 0.000000000000000000e+00 0.000000000000000000e+00 -5.684341886080801487e-14 1.390143957997168513e+02 1.463703800766957102e+02 -6.357397115649463331e+02 -2.049144465307862788e+02 -5.235443644099018456e+02 -1.824021445505532597e+02 -3.023210786292561352e+02 -2.875910953961900418e+02 -9.738695248550857286e+01 3.860188085122858865e+02 3.168303098769966937e+02 3.153068739107914666e+02 -5.056368342891309453e+02 -1.606739106713112335e+02 -4.397980353985883539e+01 2.201784830556483996e+01 8.240848508511735417e+02 -8.011223164700279540e+02 -3.596879619015481921e+02 7.398968632073672325e+02 -2.006979178501819661e+01 -1.085388490600963110e+02 1.668648416498484721e+02 1.984646699694504264e+02 -6.610588854060208632e+02 -7.462771059343939442e+02 -7.145420510949005575e+02 -2.206111571154585249e+02 -1.766458651437881144e+02 7.882645507850065769e+02 5.988003184735467812e+02 -2.968726309169471733e+01 -2.422060743446226638e+01 -1.484928708738279397e+02 4.646309775681093015e+02 -1.876948639407667656e+02 -1.063618550966818930e+02 -1.642519823894548381e+01 8.129853094572108603e+02 3.922135565759958808e+00 3.506163394348326392e+02 5.220600388573468535e+02 -2.294449535436357905e+02 2.115357503767946241e+02 -1.206489862867074407e+02 -3.238639836275910966e+01 -4.879346205117656154e+00 5.831183953659518693e+01 5.793046190754428153e+02 -6.687927087668720105e+02 3.005779992224058788e+02 -1.468211077334986783e+02 4.614599360266428221e+02 -6.312267991414330481e+01 3.078733162697786838e+02 -1.893592541212292701e+02 -4.021260824166743078e+02 1.699475587286434575e+02 9.068011320463796210e+01 -5.614501567959052863e+02 -2.948959773255541563e+02 7.298892908911125232e+02 -4.571075990865300014e+02 -6.135868494438709604e+02 -1.320060676070919499e+02 1.451928442532759505e+02 1.848912015697679863e+02 5.447818734100867459e+02 -5.080045370949656558e+02 1.317668468621479860e+01 -2.973639438261981809e+02 -9.734208224765609430e+00 1.778997389297255154e+02 -2.782969179418159342e+02 5.584739881846388698e+02 -7.563606141964443452e+01 3.085584755111254935e+02 3.042281414609831245e+02 1.818621214480725712e+01 -6.599210509876252218e+01 -4.728938492181979996e+02 4.616294585524209424e+02 -1.917543103377716989e+02 -1.173858686520835590e+02 -3.695003023004037459e+02 -3.092145304955136567e+02 1.572728247075596641e+02 2.078217597561167906e+01 2.719338317508351679e+02 -1.629927871294133865e+02 -7.760090960984721278e+02 -6.564376377745116997e+01 4.390659098528517461e+02 -7.726131888343484206e+02 -3.904139007428018004e+00 -4.996528535057009321e+02
0.000000000000000000e+00 0.000000000000000000e+00 0.000000000000000000e+00 0.000000000000000000e+00 0.000000000000000000e+00 -5.500507397537555221e+01 -5.068454900439860467e-01 9.102266016923965708e+01 -9.641015623685348146e+00 -1.101195651024038966e+02 5.048276571977912397e+01 7.121255797548874966e+01 -1.453484218324773281e+01 -1.665383621310224953e+02 -5.468053996229321001e+01 1.036267343215661754e+02 1.300129576433650413e+02 2.674401248980309376e+01 -4.467780997242800822e+01 3.575337113782806853e+01 1.262310076261422864e+01 9.393297497296330789e+01 -6.051295916781215567e+01 -1.069067094984575874e+02 -1.260438777683920719e+01 8.581484483583263057e+01 -1.085307496871371669e+01 -4.100209809824965390e+01 9.421267340765251674e+01 1.041245448152119195e+02 5.076582474440021997e+01 7.123296661254909168e+01 1.241084891448111449e+02 -3.758778774874672024e+01 -2.564759776966238292e+01 4.832531861322424760e+01 -7.401906890363783020e+01 -1.636737230574858302e+02 3.402381090567496358e+01 -2.315748840018562760e+01 1.526761409175315620e+01 5.969227104739350409e+01 -1.409163070063531791e+02 -7.773200508372296724e+01 -3.023596326588759098e+00 -1.282127240510218940e+02 7.788926084242714865e+01 -4.186775627375482856e+01 3.596291298339579612e+00 3.441786334450607399e+01 -5.877061930928335443e+01 6.797477584331917910e+01 -1.919103464814332938e+01 -7.263609612434746055e+01 -3.401372060955605292e+01 3.929836842700268562e+00 -6.757794501820575306e+01 1.039832202505193948e+01 4.188177592247519954e+00 4.067152652003188251e+01 4.084798358268785279e+01 2.683319274111088504e+01 -5.345637437896171207e+01 6.775020493249530773e+01 6.370643244371017744e+01 -6.269381982703686162e+01 -5.265132710181497089e+01 -3.850632197349840169e+01 1.212016384722918900e+02 -1.416962378986152942e+02 -5.549555928982670139e+01 -4.039433793029984798e+01 9.071514896343158796e+01 6.147661432874665621e+01 -3.989356485866907320e+01 7.783441231106294822e+01 5.443247607981035685e+00 1.349730198993272978e+01 -1.010042699315131642e+01 1.184209873712085965e+02 6.442557494956781738e+01 2.901171472082624803e+01 -1.574523261849814482e+01 9.839309656608374155e+01 8.754680127916009269e+01 -1.067654376307469022e+01 1.636114267878169812e+02 -4.424292090072237471e+01 4.978438073001071018e+01 1.442691058164504909e+02 -2.188619645159639049e+01 5.460927388535987603e+01 -1.539992672756343381e+02 1.142922469087904886e+02 3.845201510921221200e+01 2.647697236672432552e+01 6.669851198031452100e+00 6.451746619815627071e+01 -2.042563750656906763e+01 1.299751232812182877e+02
0.000000000000000000e+00 0.000000000000000000e+00 0.000000000000000000e+00 0.000000000000000000e+00 -2.842170943040400743e-14 0.000000000000000000e+00 -7.967089581140731980e+02 -3.330933996805751462e+02 -6.508860644511604505e+02 3.325805968873012830e+01 -5.588270992709487928e+02 -4.918801560885905815e+02 6.175879683318193258e+00 3.204556797035565978e+02 1.992230706393444279e+02 4.718403165085457829e+01 -4.379235355837720363e+02 -2.212385411361441641e+02 -1.542643357392167616e+02 1.271820741342715735e+02 4.199090212636062347e+02 -9.211644987364314829e+02 -1.225593563417332064e+02 1.021649344000483552e+03 -2.915256857047270955e+02 9.257674521111175636e+01 -3.721118515084427258e+00 6.556439719214786521e+01 -7.588762706688352182e+02 -7.483841471033015296e+02 -7.274563681807675266e+02 -6.205126017039773956e+01 -4.019942172695369891e+02 3.769630986704951852e+02 2.976296310123229318e+02 -2.819753079175154085e+02 4.109836893918118221e+02 1.798695789699320358e+01 1.940222427236037674e+02 -3.663319657238299101e+02 -4.046035678255912558e+02 1.360597078172851866e+02 8.257235206929377682e+02 -3.049725547141883908e+01 7.002474365736948130e+02 6.237892932323909463e+02 -2.012088721354303971e+02 2.445038240971742312e+02 -2.845752589220633695e+02 -2.952588563365346772e+02 1.826200519719141084e+02 5.614935932853987310e+01 6.648134660407887395e+02 -6.664874399236945237e+02 2.719039702345621095e+02 2.352297504929905969e+01 4.253362317419367855e+02 -2.089426407281117406e+02 1.833601421930229662e+02 -2.873148542884575818e+02 -4.874855933973100264e+02 2.357338260339747080e+02 2.156840235236860082e+01 -4.539302662177818206e+02 -3.000078811686577751e+02 5.322956539949898342e+02 -4.096378110118367886e+02 -5.701687263136125239e+02 -3.587307488829968065e+02 2.722596726430419380e+02 5.719555419022819933e+02 6.581214683655076669e+02 -2.892575489505579753e+02 -2.302124480214058906e+02 -8.405125937180949336e+01 1.404176699766352385e+02 -5.579330600489820569e+01 -3.913366448115488652e+02 3.276236876186723066e+02 -1.380956514313982666e+02 3.120457988061431251e+02 2.222910458981520492e+02 1.302427563407458422e+02 -2.868039199817998792e+02 -2.868123163705785714e+02 6.827797467516897996e+02 -1.067820690691662548e+02 -3.888601744895712500e+02 -1.130894677152081300e+02 -1.902708464643155253e+02 1.079947962310298237e+01 -3.002097827999088508e+02 6.671661519535498996e+01 -3.749653512055669466e+02 -1.130800537376599095e+03 1.124310796774525301e+02 1.352269718921665174e+02 -1.016115768025958232e+03 -2.035735235846532589e+02 -8.144119052638811809e+02
0.000000000000000000e+00 1.421085471520200372e-14 0.000000000000000000e+00 0.000000000000000000e+00 -2.842170943040400743e-14 0.000000000000000000e+00 0.000000000000000000e+00 1.708443621769838501e+02 -5.430988939617833466e+01 -2.394250005925925393e+02 -6.826573269595388638e+01 -7.948797970286392456e+00 -1.362377899255235718e+02 -2.516037979112856249e+02 -1.339120331505145032e+02 -1.620621765477748255e+01 6.451631934289500236e+01 -1.710723149401856347e+01 -1.537874807579653407e+02 5.795059036001980957e+01 -5.787791745973390789e+01 1.419472928796154179e+02 -2.674077467312148570e+01 -6.930304477881861658e+01 -1.227518222597774695e+02 6.189029674305680828e+01 -1.073750958850042139e+02 -1.063157727277077527e+02 8.620844905748543852e+01 1.832739297013239934e+02 1.063024864449575375e+02 1.943999610333411852e+02 1.990558008913132539e+02 -1.880767897482965623e+01 -1.694915444651092571e+02 9.886915615581960992e+01 -8.771809662165598809e+01 -2.588432047214653267e+02 -3.491803041766415561e+01 -2.842439322268691626e+01 -9.900205049462783791e+00 1.855005209243149977e+02 -2.670293007989813532e+02 -1.796652532370978292e+02 -5.107217110453143505e+01 -4.970378780061457746e+01 1.166447481402359472e+02 8.826043749721300458e+01 -3.314763152792909295e+01 -4.706168761349448459e+01 -1.197032181024478632e+02 2.076162850946587071e+02 2.542877302760058456e+01 -1.509537828713713452e+02 -1.390564709723482224e+02 5.677234760845414741e+01 -1.401863362468770333e+02 1.411224412919252416e+02 1.689516328628796771e+01 2.084514880499048672e+02 -8.341795708096137218e+01 2.184866728510031919e+01 -1.401459971133025988e+02 1.681956791445639681e+02 1.384260906752529934e+02 -8.145138237505727830e+01 -9.565809553992846759e+01 1.550608693585786568e-01 1.974996576611968919e+02 -1.685691914750891840e+02 -1.318920283993503233e+02 -1.645256073576638869e+02 2.655487467313713523e+02 -1.155528801689526972e+02 -1.113408611938351100e+01 6.850977781949234213e+01 -6.321731198670104135e+01 -1.262478018054206359e+02 -3.461898856591162144e+01 6.524964617306082459e+01 1.640652880915968126e+02 1.306027614713135563e+02 -6.371171440963426846e+01 1.429159765326066918e+02 9.753388072855652524e+01 -7.282587547357121593e+01 2.200020715968987872e+02 -1.008269789935155529e+02 6.633432230813562569e+01 1.667497234951429448e+02 -1.473791417733542346e+02 2.826179302236701574e+01 -2.006958834012315833e+02 1.372815723142280433e+02 1.318330126340297284e+02 1.179141943234885730e+02 -1.144238975148682584e+02 9.310158941003214750e+01 -7.298442693499514178e+01 1.075706225504654867e+01
0.000000000000000000e+00 2.842170943040400743e-14 0.000000000000000000e+00 0.000000000000000000e+00 0.000000000000000000e+00 0.000000000000000000e+00 0.000000000000000000e+00 0.000000000000000000e+00 9.460272084446413032e+01 -9.255127511638676197e+01 3.382930751378090406e+00 -2.630131079035845119e+02 -7.608638786150299893e+01 -1.705796651139807238e+02 -2.054037451682758331e+02 -4.099365217034972488e+02 -4.839440658030891740e+01 -1.004160690821622097e+02 -8.874124646513460846e+01 -2.450652551634640020e+01 -3.339212978846760507e+02 2.050614592656432933e+02 -9.194197044028406651e+00 -9.566216324407406546e+01 -2.439048149760279216e+02 -1.634401273709014504e+02 -2.359972443312277619e+02 1.260422644366981331e+02 7.427874490016678521e+01 1.773503503287571164e+02 3.766195169709485526e+02 2.207802305212808278e+02 2.573804234230698285e+02 -1.827291378416948646e+02 -4.776766074509794180e+02 -1.358616996834287534e+02 -1.391325263884942558e+02 -1.347439669742423121e+02 -2.741732909783509058e+02 -8.074783107410443961e+01 -2.007550047591508644e+02 1.629333050975956212e+02 -2.982424385834519853e+02 -5.563022283834735049e+01 -1.923921598132307622e+02 4.372981531767025132e+01 5.445189041113738426e+01 1.470738829117813395e+01 -1.055105194610056714e+02 -9.805204308035870042e+01 1.089667281402729913e+02 1.520791848124843284e+02 -5.510204155973236340e+01 -3.092226579407405040e+01 -2.662926595488051476e+02 1.405241990094924063e+02 -2.045087164697973776e+02 -4.949805145108636850e+01 -1.284166041209983860e+02 1.949022505230646516e+02 -1.832450065612511025e+02 1.408451215068600391e+02 -1.942113504837269318e+02 2.639992560403221091e+02 1.353959789039734289e+02 -7.063029992203664165e+01 3.430467919433320390e+01 2.789023050668345718e+02 1.496062367080758975e+02 -1.247983029239596817e+02 -2.776680439873511830e+01 -3.586983174001557018e+02 1.930949011627638185e+02 -3.620373647567308240e+02 2.451066105264337125e+02 1.626506908373169153e+02 -1.893206015944633975e+02 -1.201079561974562182e+01 -4.731487172665488572e+00 -1.129627102600455544e+02 -1.127613011811462229e+01 8.417197956456952568e+01 1.070636429790104955e+02 5.987386220036430018e+01 1.462361025030413657e+02 -1.312858759443669499e+02 -1.141354012110599285e+02 -7.393787749989250813e+01 1.278381031730612847e+02 6.738482081406333180e+01 -1.911518361184311061e+02 -8.350776109989853069e+01 -1.374930347902468668e+02 1.364831930455446241e+02 2.952941404299334067e+02 1.236769171382669867e+02 -2.931317243081054471e+02 1.636319051458527838e+02 -8.205362548196653449e+01 -1.450283732122342144e+02
0.000000000000000000e+00 0.000000000000000000e+00 0.000000000000000000e+00 5.684341886080801487e-14 0.000000000000000000e+00 0.000000000000000000e+00 0.000000000000000000e+00 0.000000000000000000e+00 0.000000000000000000e+00 -5.252456946050645570e+01 1.449393910264263639e+02 1.189836401986063095e+02 8.703295601838107132e+01 -9.585307257832133132e+01 9.607563789620073180e+01 1.129895281621124354e+02 -1.893194211365160484e+01 7.258286651312687354e+01 9.200226011326532216e+01 3.990346858383162498e+01 1.519862471900843843e+02 2.867124517210829282e+01 -1.683028790608879888e+02 -1.071324653856617601e+02 6.049612174647769791e+00 -8.377578280728528171e-01 -3.079462457221367799e+00 2.087301644027047587e+02 -1.325739376732310006e+02 -2.922751054611475041e+01 -9.311663466058932670e+01 -9.542196642178217303e+01 1.637598551114100474e+02 1.442509577811570693e+02 1.195886399433245657e+02 5.046682663304873273e+01 -1.760889248012438486e+02 -6.089308965450823052e+01 2.511206545320919759e+02 -2.059972604497138704e+01 4.530757461742309999e+01 -2.084712530777187567e+01 6.306141640216179667e+01 7.180328071943011992e+01 4.703217691361525965e+01 -3.550711026642775892e+01 -1.018291219700417400e+02 -8.718924954332828747e+01 -4.577663757857607152e+01 1.427135844998585981e+02 2.526570882248997663e+01 7.323768455222379714e+01 -4.699047884061670288e+01 -8.443321402559294597e+01 -3.241272290454828919e+01 -6.157577320761212292e+01 -7.890297997310349842e+01 -9.239678349448134043e+01 -2.631807733723231379e+01 1.199597994002245116e+01 -3.048056472980035636e+01 1.594519381591944551e+01 5.565597921530603998e+01 -1.538162595745890826e+02 -1.102978532239625480e+02 7.691174374448090134e+01 -1.699335674238779177e+02 -1.271278279817356349e+02 1.360283157067064508e+02 -1.868593088496960490e+02 -1.574630591592760709e+02 1.337940665174405410e+02 -7.418871044649537794e+01 1.777794683270238920e+02 -1.276837617922070933e+02 -1.401301567849950658e+01 1.005173422444686651e+02 2.260910371277054409e+01 2.668737516030039387e+02 1.783863252068219936e+02 1.450856726575802895e+02 8.429257885444175713e+01 -1.910147861696396632e+01 2.096176191328227674e+02 -3.868574994700893654e+01 -6.624589928932928728e+01 7.198629422245436160e+01 -1.965951507470180104e+01 -2.237255789974868492e+01 5.673002478769468837e+01 -4.773251614323051939e+01 1.647405142814290002e+02 1.063093581215927941e+01 1.218828049507074240e+00 1.520580244489711674e+01 1.297015262772285027e+01 7.316644978467832061e+01 -5.851489627506071400e+01 1.156740902127081370e+02 1.378865619622741292e+02
0.000000000000000000e+00 0.000000000000000000e+00 0.000000000000000000e+00 0.000000000000000000e+00 0.000000000000000000e+00 7.105427357601001859e-15 0.000000000000000000e+00 0.000000000000000000e+00 0.000000000000000000e+00 0.000000000000000000e+00 -7.423045202070647974e+01 2.849266902671416801e+02 -5.278933403969534055e+01 1.875729968511279822e+02 2.457725168703060490e+02 4.367918104594650686e+02 -1.533728028630587232e+02 9.792774320825853351e+01 1.216314180322336824e+01 -4.969471495124968641e+01 2.913269392244239384e+02 2.231065857134666075e+01 1.120227160180451165e+02 8.496505143835604201e+01 3.487324972830779757e+02 6.491830930795566701e+01 2.861500809928645026e+02 -1.006150158031221906e+02 7.770482998799340635e+01 -1.023034317069534040e+02 -1.513551290154407241e+02 -2.752250996284047915e+02 -9.612764445166803284e+01 1.876886620854147338e+02 4.420548807397349265e+02 2.267148533967518631e+02 -3.111652941637679248e+01 -2.402465544857032143e+01 1.573456708541968112e+02 9.665566955375223301e+01 3.073049599193490167e+02 -1.875071180211120350e+02 1.184714805624981580e+02 4.618845460946268133e+00 -1.019674029818794168e+02 -1.172905757574815766e+02 1.123039793026252084e+02 4.334471896645805344e+01 2.933789313453066825e+02 9.625539154280727416e+01 -1.902585408259749329e+02 -1.921725687954358648e+02 -2.279859629239361851e+01 1.322999064280317043e+02 1.988961863193020463e+02 -1.283872198450926021e+02 1.968908068120322241e+02 2.106902068130082739e+02 1.433132531337017781e+02 -1.663757121346188512e+02 2.452995974539686870e+02 -1.725075869596326186e+02 1.968850809115631932e+02 -1.092725299514163737e+02 -1.341826479440415483e+02 -3.492580037144106342e+01 7.360598655036139348e+01 -1.733490808503188134e+02 -9.139305085921608907e+01 -1.537397317733565671e+01 -1.816100469119713807e+02 3.439911459462688015e+01 -2.116756525931311899e+02 3.341569684043116695e+02 -2.486872628835442356e+02 -2.942024105716633926e+02 1.380433988781223320e+02 9.931893116582314462e+01 -4.500503418824681034e+01 7.194826116630348167e+01 -1.420101988396385764e+02 -1.323908353562445939e+02 -5.152164236340749426e+01 -1.301144109251864336e+02 -2.255001608318054878e+02 1.232787250615919987e+02 1.047027855254244599e+02 2.901974148226738635e+02 -2.527269588682219421e+02 -1.081664346603687079e+02 1.803382497019054540e+02 1.261501133031767097e+02 2.832043741467139739e+02 3.921673967377631698e+01 9.646610152777964231e+01 -1.873287425813212508e+02 3.090385330043238810e+02 8.650356943604927551e+01 2.054060773358931442e+02 1.898929450998980997e+02
0.000000000000000000e+00 3.552713678800500929e-15 0.000000000000000000e+00 0.000000000000000000e+00 0.000000000000000000e+00 0.000000000000000000e+00 0.000000000000000000e+00 0.000000000000000000e+00 0.000000000000000000e+00 0.000000000000000000e+00 2.842170943040400743e-14 1.332030106553759197e+03 2.120392013107395428e+02 6.701652277166706426e+02 1.222698839530135047e+03 1.849555591477732833e+03 -3.984488251817855371e+02 4.024433694648215578e+02 3.371221157510748867e+02 -8.164113729324415658e+01 1.638076418858933721e+03 -1.980788379602815326e+02 -9.955932274546057670e-01 1.439048343080810923e+02 1.282391361761504868e+03 4.296010699385791440e+02 1.112911377148004249e+03 1.070946947619922014e+02 -2.258943743512888034e+02 -5.747194204969957809e+02 -1.043342536658783956e+03 -1.345166491351960303e+03 -4.606897750441322046e+02 1.048819088942607777e+03 2.197910307484823534e+03 9.668202038725211196e+02 -2.860790998551390771e+02 3.090507659709435018e+01 1.264955177549887367e+03 2.872142562585669907e+02 1.249368016082766189e+03 -7.562609124212409597e+02 9.430001965249018667e+02 2.750131119604964169e+02 1.134280540590498276e+02 -5.283624570367037450e+02 -9.498400914838276776e+01 2.312300953323499186e+01 7.993997802238479835e+02 6.296947108104188828e+02 -5.493214655672014715e+02 -5.837149912002892052e+02 -2.617882409605881122e+01 2.867335859670054106e+02 8.617762762457371082e+02 -5.585746225648766767e+02 6.723205865253448792e+02 5.872093996931100719e+02 5.547221288428546586e+02 -5.965541785731264781e+02 7.634437590695659992e+02 -6.469287283692627852e+02 1.050486823268375701e+03 -9.425702610077387362e+02 -8.373646067230329209e+02 1.297635173324900961e+02 -1.411022454969373996e+02 -1.087446586307275538e+03 -2.600293949950658430e+02 -1.937231479233156506e+02 -8.828293215559651799e+02 9.355515776515665038e+02 -9.896197594869601062e+02 1.709638735496294885e+03 -1.327627035545615399e+03 -1.239374653815211559e+03 8.219051132421118382e+02 2.570218662612141998e+02 4.454808529638447681e+02 6.096520007596301411e+02 -1.222471944660915426e+02 -3.703786228552892794e+02 -2.979025782243303979e+02 5.629015510319806026e+01 -8.899664195248941496e+02 2.213983764803242309e+02 5.027274417579141073e+02 8.679138583195425554e+02 -8.638474241422673003e+02 -4.243053577716255518e+02 6.190579018872838333e+02 7.473910536189280265e+02 1.134802079727070122e+03 -6.933194231122305951e+01 -1.331632962293841445e+02 -5.488302390298990758e+02 1.518515778279189135e+03 -1.198598963790739163e+02 9.525120077253860700e+02 1.046380280936781219e+03
0.000000000000000000e+00 2.842170943040400743e-14 0.000000000000000000e+00 0.000000000000000000e+00 0.000000000000000000e+00 0.000000000000000000e+00 0.000000000000000000e+00 0.000000000000000000e+00 0.000000000000000000e+00 0.000000000000000000e+00 0.000000000000000000e+00 0.000000000000000000e+00 -8.477363326266556669e+02 -8.951867824262126305e+01 -5.065801899390226026e+02 2.203957832276373665e+02 -2.360809516364308820e+02 3.712004858015650370e+02 -2.702302699176357237e+02 -1.633791661753733706e+02 -7.877572283649160454e+02 8.492961871390176611e+02 5.587765133251281213e+02 1.367822390602445353e+02 4.747724863486118920e+02 -4.326629771324674039e+02 -9.919882040785068966e+00 -8.649129480360263642e+02 1.113655015654282579e+03 2.145758074507928086e+02 7.762812846331057699e+02 4.207522111744619906e+02 7.391387351555740679e+02 -3.968240651231562879e+02 -7.002889998548871517e+02 -1.704919009719019414e+02 3.829774068294568679e+01 -3.169113684046010917e+02 -7.150733464349359565e+02 4.135604466991584331e+02 1.630951636238678475e+02 -1.445537146819897316e+02 -9.157916762825875594e+02 -2.560116470117525296e+02 -1.175386859399349987e+03 8.493788983224953881e+01 8.796359878467844737e+02 -1.594274002841922879e+02 8.153405527599379639e+02 -6.865206926083692451e+01 -4.210730374838931311e+02 -3.592597154101040360e+02 -4.817918746008079438e+02 5.355767119045749496e+02 -2.188203422017118100e+02 -2.556029146448215670e+02 1.012929112181582241e+02 -1.454277080022075097e+01 -1.450689382583500446e+02 -3.314757832554314518e+02 7.051953514812530557e+02 -9.474931305530844838e+00 -4.991776300244887352e+02 7.610467596312423666e+02 4.232695216896836428e+02 -3.455983138957186611e+02 6.397806438732354763e+02 5.996151319700561544e+02 6.460524890381645946e+01 -1.060853593597581721e+02 3.415202742816854879e+02 -1.425385325724247195e+03 6.120565883986364497e+01 -2.794966353989584604e+02 4.431774177246306863e+02 4.077929224356844315e+02 -6.064061034278893203e+00 6.520526668676307054e+02 -7.527575870181348137e+02 -2.249092754521557254e+02 -8.462581758969984094e+02 -1.696079642460972536e+02 1.438083074737611469e+02 -1.035619357856671058e+03 -6.760276365736308435e+01 5.977486139315165019e+02 -2.114054906940646106e+01 7.268875334129133989e+02 -5.239230305749010768e+02 3.337174614779657986e+02 2.017587321150272146e+02 -1.602655284408210719e+02 -1.661294343839581416e+02 3.846342074864789424e+02 1.159735659070141537e+03 -7.998077153511701454e+02 -5.053549662392824757e+02 1.030207862811309951e+03 1.358629819370344194e+01 -2.666897981192464613e+02
0.000000000000000000e+00 0.000000000000000000e+00 0.000000000000000000e+00 0.000000000000000000e+00 0.000000000000000000e+00 0.000000000000000000e+00 0.000000000000000000e+00 0.000000000000000000e+00 0.000000000000000000e+00 0.000000000000000000e+00 0.000000000000000000e+00 0.000000000000000000e+00 0.000000000000000000e+00 -3.307101393739958439e+01 -2.706774121230087360e+01 -3.759832528018839071e+01 -2.218555385123944745e+02 -5.298805485871650234e+01 -4.171073594389271477e+01 -7.490481717128797357e+01 -1.721703853406596636e+02 2.127463409174308708e+02 2.749124758308641248e+01 -6.968693765216924874e+01 -2.273356070198715884e+00 -1.968100702083897886e+02 -1.390119397404919539e+02 1.201440674086975804e+02 2.869109459412667889e+02 1.629870982775623531e+02 3.556699763507305079e+02 5.701335886022396693e+01 4.209609320097770251e+02 -1.119965285649595330e+02 -3.726471942685452063e+02 -3.495727809601544323e+01 -2.555660177407004880e+02 -3.263412319616514878e+02 -1.187691578822021512e+02 4.560722302406574613e+01 -7.109476732982719227e+01 -1.723726916413991717e+01 -2.073393427702152110e+02 -1.840133353416006230e+02 -2.651053009831606460e+02 -8.977492254400040395e+01 3.374551773837673068e+02 -9.619168360794168393e+01 9.285018854021048185e+01 -2.729350697452301233e+01 -8.280166390003702759e+01 5.234100413940844021e+00 -5.346080969912057412e+01 -5.754075998107597911e+01 -1.322640797272767088e+02 5.392605028054826022e+01 1.041592622807966606e+00 -3.294590276913132243e+01 -2.093479599760846099e+01 -4.028938892465711774e+01 9.693127602065851534e+01 7.679995341707483192e+01 -2.174478232412059242e+02 1.025451776952652239e+02 2.156454658633928148e+02 -1.287602675688708871e+02 1.330749038916894733e+01 2.544370748947144989e+02 1.330286098487395066e+02 -3.395215489281457621e+02 -1.427023208614495786e+02 -3.922549271609526613e+02 -4.963816200930330780e+01 -6.739564572426205302e+01 2.167059602783140519e+02 6.588820849261011858e+01 -1.101015229383374674e+02 1.631338467708905569e+02 3.620831845850332797e+00 3.069648294422002266e+00 -1.825325980742854313e+02 -2.276753097221370936e+01 5.657275877866717195e+01 -7.882247181204165543e+01 1.224448150329313307e+02 3.012217855458904125e+01 -9.717286256064375038e+01 5.620135950980875350e+01 5.826819514750553708e+00 1.741455028416516768e+02 -8.003446372738309833e+01 -2.447836199270094326e+01 -5.557222700914562097e+01 2.304677888498526386e+02 4.439184832798944171e+02 -5.980039213343701476e+00 -2.149066139355685436e+02 2.794911786139388141e+02 -5.903961906922248914e+01 -1.057253944163360728e+02
0.000000000000000000e+00 0.000000000000000000e+00 0.000000000000000000e+00 -7.105427357601001859e-15 0.000000000000000000e+00 0.000000000000000000e+00 0.000000000000000000e+00 0.000000000000000000e+00 0.000000000000000000e+00 0.000000000000000000e+00 2.842170943040400743e-14 1.136868377216160297e-13 0.000000000000000000e+00 0.000000000000000000e+00 -1.024475749850090267e+02 6.968848269802835205e+01 1.088037443521510710e+02 -1.124223325461057783e+02 -1.562180013442676909e+02 -3.452211806013340833e+01 6.123272041298520207e+01 -4.952822544892227796e+01 4.199142741990596051e+01 -4.955521857745008418e+01 -7.077101103016676120e+01 -1.065465920868935683e+02 1.230139656069676306e+02 -3.404276954687581735e+01 1.262841219978624423e+02 1.142045124449243900e+02 1.538191467893742015e+02 9.371354742359082479e+01 -5.010131415320695680e+01 -1.412787871912503412e+01 -9.616874600135587059e+01 -8.772770323667712589e+00 -7.113256130027244239e+01 -9.155319196162541573e+01 -1.592631968466064620e+02 -1.080256491319605345e+02 -1.675492969341863159e+02 -4.416434317236985407e+01 -4.715839088342094954e+01 -2.169042379356685615e+02 -3.810507801747976231e+01 -5.443102707585642008e+01 7.461637666318658546e+01 5.869690583674505291e+01 -4.361916868786221357e+01 3.048946709647041686e+01 9.739764064118337217e+01 -7.879800786238895682e+01 1.092549878044202956e+02 -1.108474348928700266e+02 4.793839156368811416e+01 -4.686808803233552823e+01 2.642932636581767980e+01 8.821258068857522971e+01 1.161860537396387656e+02 4.495253844293089429e+01 -6.937377847334545322e+01 7.531916535512528377e+00 -1.530102451002957196e+02 1.501993220901631503e+02 1.592547145975656235e+02 6.609499990082082377e+01 3.891672707764764283e+01 -1.013689423968352443e+01 -7.273904315542232268e+01 -6.553220976490766247e+01 1.034784616429153488e+02 -2.745187242970087027e+02 -1.187436653415971364e+02 -9.655655955208929697e+01 1.450032748694839029e+02 1.517562660759441826e+02 -1.993532329436262884e+01 8.962788620227227909e+01 -2.519967828335708049e+01 -1.647424961757478172e+02 -3.509372735384565800e+01 -8.557510967649614031e+01 -3.172803117361663539e+01 -1.079646151450992875e+01 4.282630330814795627e+01 1.674614409805565742e+02 -6.726868133729854549e+01 -9.735226364964832513e+00 2.063814542368275085e+01 -1.029936440612465560e+02 9.333455385779970470e+01 -4.687346278202777228e+01 -1.897171074258877184e+02 1.510226921583756337e+02 -4.752679700931311402e+01 3.083937693806729996e+01 8.144655328834465990e+01 6.609572666630907634e+01 -1.041638670104983504e+02 3.194644471917229467e+01
0.000000000000000000e+00 0.000000000000000000e+00 0.000000000000000000e+00 0.000000000000000000e+00 0.000000000000000000e+00 0.000000000000000000e+00 0.000000000000000000e+00 0.000000000000000000e+00 0.000000000000000000e+00 0.000000000000000000e+00 0.000000000000000000e+00 0.000000000000000000e+00 0.000000000000000000e+00 0.000000000000000000e+00 0.000000000000000000e+00 -1.359376885208153851e+02 1.177854347787353845e+03 4.211200640687734449e+02 3.606700303426428036e+02 4.718826589748466063e+02 6.701429288503101134e+02 -8.734763016160158031e+02 -1.693638648858378133e+02 4.851866000223444644e+02 -1.191027518386105868e+02 1.237737180299921647e+03 4.229932971122824483e+02 -7.361267542242900390e+02 -1.771011122487484045e+03 -9.218687207739218366e+02 -2.125106140949128530e+03 -2.184609540710091551e+02 -2.233459307118187553e+03 5.173557310168854428e+02 2.042411247954511282e+03 1.347780789332327913e+02 1.586120838912759837e+03 1.982634366165056008e+03 8.090985326626220058e+02 -7.157804609370579385e+01 4.741411683818908500e+02 1.979889181801144389e+02 1.076830532121263559e+03 1.324023371096577193e+03 1.509052802206061187e+03 7.467619974141247212e+02 -2.095733008190858072e+03 4.381752495688907629e+02 -6.470247380898130132e+02 7.583668584117279465e+01 5.254495293439224497e+02 1.794231418687194264e+02 1.545079065841889019e+02 6.266638082019082958e+02 5.751995057663660873e+02 -2.829316627650927103e+02 -3.282920917261881186e+02 -6.943019719386873589e+01 -2.444305511960748163e+02 3.821081025089667946e+02 -6.061326861305529974e+02 -4.136376946474495639e+02 1.284980373554551988e+03 -5.814766398608227291e+02 -1.393081157557160623e+03 6.236154493756502006e+02 -3.939672774205087080e+01 -1.423341883440107495e+03 -6.801844943097198666e+02 1.978680345113955809e+03 9.034084485993845419e+02 2.428124227417829388e+03 5.013727044063963376e+02 2.419321459789592268e+02 -1.384181448183729344e+03 -3.696766988689077493e+02 8.160963455323028484e+02 -9.556947379418691071e+02 9.853475603499715874e+01 5.124773971367237380e+01 1.128973884522506978e+03 3.314929661421872993e+02 -3.451004138080459711e+02 3.718116229880725996e+02 -7.182114810096911697e+02 -4.199215500534111243e+02 6.361750757826774816e+02 -2.522140714403566619e+02 5.599711131534245823e+01 -7.196518641869297426e+02 1.549480596431240826e+02 9.920241124562642199e+01 3.962200125748345272e+02 -1.663456622303649056e+03 -2.413051145070154234e+03 -1.710223053672709170e+01 9.497657203867462385e+02 -1.625741536952721390e+03 6.173785115547805162e+02 3.578017530469663257e+02
0.000000000000000000e+00 0.000000000000000000e+00 0.000000000000000000e+00 0.000000000000000000e+00 0.000000000000000000e+00 0.000000000000000000e+00 0.000000000000000000e+00 4.440892098500626162e-16 -3.552713678800500929e-15 0.000000000000000000e+00 0.000000000000000000e+00 0.000000000000000000e+00 -5.551115123125782702e-17 0.000000000000000000e+00 0.000000000000000000e+00 0.000000000000000000e+00 2.224169869977880808e+03 7.117918534008305187e+02 5.165803763317660469e+02 8.292713040542801082e+02 1.486118369858233109e+03 -1.928001376420106226e+03 -4.015862929289086196e+02 7.912133421589542195e+02 -1.874465568124152810e+02 2.178729970338344174e+03 8.971361110140450137e+02 -1.256532394285665987e+03 -3.188363308018687803e+03 -1.735623665142717982e+03 -3.868801209031968938e+03 -3.439345122529906575e+02 -4.086174901579716789e+03 1.029936431471743845e+03 3.704826103251376480e+03 1.867777776492010844e+02 2.801618076409486093e+03 3.420320872448786758e+03 1.446164415720869556e+03 -2.949863991015006945e+02 7.204713237584597891e+02 3.967090536347710668e+02 1.973047837030398114e+03 2.326661041099432168e+03 2.799626708168863843e+03 1.392701049993171409e+03 -3.724768861515171011e+03 9.394164117179814184e+02 -1.285088335704450856e+03 2.274029425039719854e+02 9.334632553718795407e+02 3.331986470206905437e+02 4.389583464529694083e+02 8.275924893446504029e+02 1.134257541431861910e+03 -5.953817107545912677e+02 -5.218701461899602236e+02 2.856902110552402974e+01 -3.355897712490611298e+02 6.264296068156468209e+02 -1.101260464632018511e+03 -6.563121145587572300e+02 2.334582108518448877e+03 -1.110203818211021826e+03 -2.532884720387179186e+03 1.287379857478998929e+03 -2.408751073127399138e+02 -2.612802275825485594e+03 -1.272779804876828621e+03 3.562042433642222932e+03 1.651160842305065671e+03 4.399059293082736986e+03 8.557526952619771237e+02 5.053267779360591021e+02 -2.399171484355258144e+03 -6.571031483451563417e+02 1.383365134132104231e+03 -1.802164683014751517e+03 2.597269383229770483e+02 1.777403041322778563e+02 2.231632594568307468e+03 5.712927598331012859e+02 -6.335930473634159625e+02 8.147712216894560697e+02 -1.314259143976342330e+03 -6.381054544676715068e+02 1.081224827538590716e+03 -6.623445446116452331e+02 1.180025084979404255e+02 -1.365411687904797645e+03 4.408364079891124447e+02 1.034575895883599799e+02 6.827209058878028145e+02 -2.749232612948239876e+03 -4.456834044187441577e+03 5.503184541859630485e+01 1.929246866504380705e+03 -2.923280221530021663e+03 9.162531984013459123e+02 7.232595978524755083e+02
-7.105427357601001859e-15 0.000000000000000000e+00 0.000000000000000000e+00 0.000000000000000000e+00 0.000000000000000000e+00 0.000000000000000000e+00 0.000000000000000000e+00 0.000000000000000000e+00 0.000000000000000000e+00 0.000000000000000000e+00 0.000000000000000000e+00 0.000000000000000000e+00 0.000000000000000000e+00 0.000000000000000000e+00 0.000000000000000000e+00 0.000000000000000000e+00 0.000000000000000000e+00 -2.876937244035862022e+02 -3.489707254544656507e+02 -1.437379470693651626e+02 9.352879112455261179e+01 -2.476650843866949003e+01 1.373553621751545677e+02 -2.637176305966319205e+02 -1.739107826432835111e+02 -4.233706714524693098e+02 -1.351971244470544207e+02 5.476506026099824567e+02 4.635862039725983550e+02 5.079040322105490759e+02 8.564654674175001219e+02 1.280773162078299947e+02 5.418958249386005264e+02 -1.993656369634059615e+02 -7.568982612729317907e+02 2.152963582491004502e+01 -5.960149907120144235e+02 -5.468305477596684341e+02 -2.419229209131601976e+02 -2.789954470788102867e+02 -3.073012378318327933e+02 1.559661661962093717e+02 -2.737897096846593286e+02 -5.400268100247550365e+02 -8.070251680342283862e+01 -4.606593094268170603e+02 3.852220402633443541e+02 3.861541312796003922e+01 4.000746665275207192e+01 -1.071877647785790657e+02 -1.503671850465823923e+02 3.898117263845746550e+01 1.217798094386663621e+02 -5.392810287456309197e+02 -2.534358717062494577e+02 2.137748656874219364e+02 3.826391539824510346e+01 1.351060837033374469e+02 5.172609850123081969e+02 6.959363648664024993e+01 7.733199637145369820e+01 1.306384626653331793e+02 -3.661030667234692260e+02 2.429953679507651714e+02 4.856629879844351194e+02 -1.872914436159022671e+02 -2.383774035477865709e+02 3.677708335596996676e+02 5.185988479831584641e+01 -8.672484470049242873e+02 -4.185788447324035815e+02 -4.338798436334656117e+02 -2.536423117657696480e+01 -3.677590216437387483e+01 6.120573653248787878e+02 -7.732046654256332374e+01 -3.961837251276673442e+02 5.056088547448274539e+01 4.269929277053235239e+01 9.436019381347605872e+01 -1.735191673365320639e+02 -2.879464276337963611e+02 1.301474006363215494e+02 1.050789476724991687e+02 4.301864962930991396e+02 1.344403509412155984e+02 -2.091626541073863166e+02 -4.923810912256901133e+02 2.891703999709404229e+02 2.884775853294474928e+02 -1.609916255356839372e+02 1.326870664393441679e+01 -2.822791641583837077e+02 6.970951270251833876e+02 5.057510684836410064e+02 4.318293261973617518e+02 -3.264780825693439965e+02 3.074916811340494860e+02 -4.264336080391313999e+02 2.022383599748774543e+02
0.000000000000000000e+00 0.000000000000000000e+00 0.000000000000000000e+00 0.000000000000000000e+00 1.776356839400250465e-15 0.000000000000000000e+00 0.000000000000000000e+00 0.000000000000000000e+00 0.000000000000000000e+00 0.000000000000000000e+00 0.000000000000000000e+00 0.000000000000000000e+00 0.000000000000000000e+00 0.000000000000000000e+00 0.000000000000000000e+00 0.000000000000000000e+00 0.000000000000000000e+00 0.000000000000000000e+00 -4.246767172030750714e+01 1.949550515826516062e+01 -2.613445229169589652e+02 -1.160732648022950144e+02 -8.696935293346413687e+01 -2.835248824032545656e+01 6.134142475956826246e+01 8.934174646506619411e+00 -1.448549146777580177e+00 6.953966220848610646e+01 -1.065276215385272280e+02 -1.660594418717674330e+02 1.103080928062328780e+02 4.021157018436075958e+01 1.028787968420809307e+01 2.000359347613471073e+01 -2.134597706020329611e+02 -1.159111205864241612e+02 -1.804731218416355887e+01 -5.987264432653523727e+01 -9.584344716182791046e+01 -1.409269580245802445e+02 -1.578179972233075432e+02 5.721073984274742230e+01 -1.083344137039458701e+02 -5.742301470363884164e+00 -4.126429397984809100e+01 2.225877467364614404e+01 3.936144067291149895e+01 8.295398338836085372e+01 -1.835439429870374966e+02 1.604185578799028917e+02 1.797074505035748757e+02 7.897782847491987468e+01 -1.006003845041596776e+02 -1.268348184000711854e+01 -7.489082924455713908e+01 3.722262694458865440e+01 -1.156011851045511918e+02 -1.841455059369527092e+01 -2.226216850006945549e+02 -8.345104942846549534e+01 -1.225416884247583198e+02 -1.568213232576868421e+01 3.231524967971321871e+01 7.508550260599176340e+01 -6.320044747604015356e+01 2.128119062455813548e+01 -1.939284543650644821e+01 1.021292554127074652e+02 -8.585134945485609848e+00 3.705911969852303400e+01 -1.686280504232578892e+01 -2.239446321472981083e+02 1.070283142951357860e+02 -1.989578930641168597e+01 1.215778159314945697e+02 1.279595998147307654e+02 -2.924347791613614049e+02 -1.065770644232049023e+02 -6.327448501327581454e+01 -7.574397997615967881e+01 1.741418362188746016e+01 -4.140657791666323817e+01 1.003533787433836864e+02 1.405074689947205115e+02 -1.409521237957025619e+01 -5.530618343773583945e+01 -7.902341471128816863e+01 5.798084862344592239e+01 2.178550122137103529e+01 -1.078215545633386370e+02 2.908091762710196804e+01 -1.758498340613754465e+02 6.135681204131236655e+01 1.739479729623347737e+02 1.414853231423034003e+02 4.690354418641646816e+01 -7.612137533531385714e+01 1.591018252603354597e+02 -1.295236151311086701e+02 1.177476514650678041e+01
0.000000000000000000e+00 0.000000000000000000e+00 3.552713678800500929e-15 0.000000000000000000e+00 0.000000000000000000e+00 2.842170943040400743e-14 0.000000000000000000e+00 0.000000000000000000e+00 0.000000000000000000e+00 0.000000000000000000e+00 0.000000000000000000e+00 1.136868377216160297e-13 0.000000000000000000e+00 0.000000000000000000e+00 0.000000000000000000e+00 0.000000000000000000e+00 0.000000000000000000e+00 0.000000000000000000e+00 0.000000000000000000e+00 -1.273888102843216075e+02 -8.601128115587133038e+01 -3.941326436547217327e+02 -3.191938491160690319e+02 -3.874099015361980491e+02 6.720173442461447166e+01 -9.237533217990196022e+01 -6.824815117824002755e+02 7.464028059099250640e+02 2.754757076279703369e+02 -7.668928690911485546e+00 6.127137767789027976e+02 1.471578850871311204e+02 8.724133011004672653e+02 -2.142286968930840203e+02 -1.001770023115606477e+03 -4.254824457839473553e+02 -3.455383809520680529e+02 -7.723403373882362075e+02 1.800024804686931361e+02 -2.610144200569139343e+02 -2.721981296063793252e+02 4.965648672923840650e+02 -4.318793354859237184e+02 2.133082855743780328e+02 1.289723617838812970e+02 -4.768539750351773421e+01 3.152506390500838620e+02 -1.282617642147810102e+02 -2.428894861655854243e+02 -4.382404766154081699e+00 -4.260861193074889570e+02 4.944122338507635277e+02 -9.046103503192911433e+01 -6.136965909667823098e+02 -4.036803203278290084e+02 2.342233916870848134e+02 -2.507984049302420999e+02 -3.316540751942374641e+02 -1.976385020171869087e+02 -1.997212017597098850e+02 4.607396188211235426e+02 4.366159223308847004e+02 8.667355992265740383e+01 -2.221663939629233369e+02 5.734847529278950873e+01 -2.676952455100843622e+02 -6.425501059129322812e+02 6.412593972149544470e+02 2.300620656001391353e+02 -6.375001288344392378e+02 -4.671461332019964630e+02 3.589500088829944957e+02 4.288851746518757295e+02 2.615056370707517885e+02 5.716291690806386896e+02 -3.492271545792567622e+02 -7.200918351362531666e+02 -3.525479489907672814e+02 9.554660872926288562e+01 7.370231453970012581e+02 1.335978938119650365e+02 -9.570923345140562333e+01 4.657982735202892286e+02 2.117305762432167455e+02 4.585777901199548978e+02 -3.039319912595017854e+02 -3.536678321756646710e+02 -8.552809395032198836e+02 4.698924857704483316e+02 9.049404449342525822e+02 -3.630993034043531225e+02 -3.654255290815057151e+02 2.976737184974531942e+02 8.369393348418457208e+02 7.551162440546402195e+02 3.832668550554511739e+02 -5.890299877523544865e+02 4.496925400746566766e+02 -5.125930079471504541e+02 1.128718652986203210e+02
0.000000000000000000e+00 0.000000000000000000e+00 0.000000000000000000e+00 0.000000000000000000e+00 0.000000000000000000e+00 0.000000000000000000e+00 0.000000000000000000e+00 0.000000000000000000e+00 0.000000000000000000e+00 0.000000000000000000e+00 0.000000000000000000e+00 0.000000000000000000e+00 0.000000000000000000e+00 0.000000000000000000e+00 0.000000000000000000e+00 -5.684341886080801487e-14 0.000000000000000000e+00 0.000000000000000000e+00 0.000000000000000000e+00 0.000000000000000000e+00 -5.976615413225492830e+02 -2.638735818197363301e+02 -1.275753631182004142e+02 1.570713685531284796e+02 2.746228573173359564e+02 3.317275578142859445e+02 1.596407730156749949e+01 -4.415189477780536436e+02 -2.183769318367865822e+02 -4.995300844437044248e+02 -2.608739936855112092e+02 1.022294743844425540e+02 -4.349840007779732787e+02 1.351489305141813020e+02 1.989308485570008997e+02 -1.832258390328386213e+02 2.529585322559536849e+02 1.199040177062071848e+02 -9.495697050486752744e+01 -4.910068922500832400e+01 -1.735067091203882228e+02 -6.413389192926609894e+01 -1.856085969449587481e+02 1.757224756422140217e+02 -2.793196189744729736e+02 3.581225963738530709e+02 -6.353186879729236125e+01 3.521600784943932467e+02 -3.725992515940583871e+02 2.666899194909647690e+02 4.235055744336609678e+02 1.432018474750928476e+02 -1.791962222410855361e+02 4.132495078785543683e+02 1.398405676533658948e+01 -2.966564927047372180e+01 -1.905648126118579171e+02 1.166876409828724803e+02 -8.290717733269743803e+02 -1.919383995348242138e+02 -4.234782865146443100e+02 -1.334436280880475465e+02 2.870945212245484299e+02 5.916638168286576160e+01 -4.923341325033879343e+02 2.224732148453225022e+02 1.341419571596649689e+02 1.819226387388596322e+01 -4.754951983278553485e+01 6.094814680781159950e+02 1.721431382174469888e+02 -3.697159467130317125e+02 3.090202568736045237e+02 -1.471955072530773805e+02 -2.125099760114766525e+02 2.715237763482230093e+02 -1.598930423579093940e+02 -1.185886482135645110e+02 -1.483140191578752933e+02 -3.041138408047270332e+02 2.770504137392914572e+02 1.337156756179871593e+02 -6.938744316918018740e+01 1.289981561503743421e+02 -2.378318742592455806e+02 -2.903383524396742814e+02 5.584562720796432700e+01 6.032421420832228023e+02 -1.550264471046521919e+02 -5.353966686044118433e+02 2.313674263862785381e+02 -4.579761610235568128e+02 3.065397213837972004e+02 2.386506033756916167e+00 6.679356303752348367e+01 -1.403943892087160066e+02 2.277406616976172131e+02 2.040368515338303155e+02 -1.051010999102078927e+02 -3.122298993079264164e+02
0.000000000000000000e+00 0.000000000000000000e+00 0.000000000000000000e+00 0.000000000000000000e+00 0.000000000000000000e+00 0.000000000000000000e+00 1.421085471520200372e-14 0.000000000000000000e+00 0.000000000000000000e+00 8.881784197001252323e-16 0.000000000000000000e+00 0.000000000000000000e+00 0.000000000000000000e+00 0.000000000000000000e+00 0.000000000000000000e+00 0.000000000000000000e+00 0.000000000000000000e+00 0.000000000000000000e+00 0.000000000000000000e+00 0.000000000000000000e+00 0.000000000000000000e+00 -2.895289693404125728e+02 2.778057521663446323e+02 4.242658190161219522e+02 3.508853553735888227e+02 6.057463429949721103e+02 2.110358470625102711e+02 -1.176360627822848073e+03 -3.069726481419905895e+02 -3.744537526725331986e+02 -1.133959335873776581e+03 -1.269183497513810721e+01 -1.262027606766199369e+03 2.903479620413023667e+02 1.275465829032597412e+03 2.606615349288045422e+02 7.874607987977544781e+02 6.162534341320922522e+02 1.820159382039446143e+02 1.899565911596498324e+02 3.244608389961360331e+02 -2.026187751276779636e+02 1.874340000975712428e+01 3.647368299200974775e+02 -1.569165216729652457e+02 5.896103893674061283e+02 -3.535601278225769875e+02 6.228544833143835149e+02 2.298243452880228688e+01 7.142107279028664379e+00 1.680408694215606147e+02 3.077570620166679305e+01 1.405934745217111868e+02 7.691793667465011595e+02 4.484405327008191193e+02 -2.729447210188258168e+02 2.332014958357535761e+01 5.372354088199623448e+02 -6.237559287697904438e+02 -2.634380808282901398e+01 -4.102871632890855267e+02 -4.289079487636448675e+02 6.082433001042870728e+02 -1.304733116267267121e+02 -8.638260259758475286e+02 3.792511277552176239e+02 3.098279765281505433e+02 -3.644823197163701138e+02 -2.272988285604396026e+02 1.210200317355088146e+03 4.332641391750095750e+02 2.948880951081853254e+02 3.557697773951973659e+02 -1.859956074996228494e+02 -9.582970868540294305e+02 -5.056632209715610315e+01 5.090522860276762458e+02 -5.265796897879471317e+01 -9.917770056327270822e+01 -3.054097819496089983e+02 6.029994090170450818e+02 3.240046731766331050e+02 -6.370103160348663778e+02 -1.381609761387906019e+02 -5.610395086264604743e+02 -3.414930801167836307e+02 3.740983416255684801e+02 7.046864271349772935e+02 -3.356745694726270131e+02 -8.260318032203423400e+02 3.363354098444134479e+02 -2.051652770568775850e+02 4.490003711616633382e+02 -4.712963015575709278e+02 -5.614328063284200425e+02 -3.084566207377043270e+02 8.619562671180189000e+02 -2.300066666132526620e+02 1.083512788817249373e+02 -4.607777051552552052e+02
0.000000000000000000e+00 0.000000000000000000e+00 0.000000000000000000e+00 -5.684341886080801487e-14 2.842170943040400743e-14 -2.842170943040400743e-14 0.000000000000000000e+00 0.000000000000000000e+00 0.000000000000000000e+00 0.000000000000000000e+00 0.000000000000000000e+00 0.000000000000000000e+00 0.000000000000000000e+00 0.000000000000000000e+00 0.000000000000000000e+00 0.000000000000000000e+00 0.000000000000000000e+00 0.000000000000000000e+00 0.000000000000000000e+00 0.000000000000000000e+00 0.000000000000000000e+00 0.000000000000000000e+00 1.077787068626342261e+03 1.394311632891825184e+03 7.586832450225119828e+02 1.629845982384269973e+03 1.212348307501497402e+03 -3.433233565341372014e+03 -7.922993449458576833e+02 -6.839187609227681151e+02 -2.988849900281655209e+03 -1.495880578375364394e+02 -3.622471148256904598e+03 8.975303226134103625e+02 4.060814554242752365e+03 1.059101278858205660e+03 1.914131513898374124e+03 2.195926399225802470e+03 2.725576138103972426e+02 6.840196235314632531e+02 1.093015868164655103e+03 -1.109215169287821482e+03 1.729493059596970284e+02 6.064924268978181772e+02 -8.131895317058661021e+02 1.191542205476364188e+03 -1.087415365334069520e+03 1.377208085805466453e+03 4.422890918753889196e+02 -2.406188362459211305e+00 7.244677268686837124e+02 -5.570699942930850739e+02 4.417901866833386748e+02 2.695624162505304412e+03 1.212265985704787681e+03 -6.852346113709984365e+02 2.473282460777200811e+02 1.564630499610808783e+03 -1.299914811450741354e+03 1.736185967638431862e+02 -1.302845062454384561e+03 -1.351898079036441231e+03 1.251067970641656757e+03 4.642927370159029010e+01 -2.091611564496369283e+03 1.180062921518101120e+03 1.430228641248835856e+03 -1.680791160991876040e+03 -6.658496398694569507e+02 3.132407247977838324e+03 1.225319808690960144e+03 9.397532215802971223e+01 2.703599830103300974e+02 -5.772822485979230578e+02 -2.800442296316050488e+03 1.271461972719951490e+02 1.905951175689437605e+03 4.875132626356321452e+02 -3.980352148737227935e+02 -1.302500417403169649e+03 1.170688036476615480e+03 7.879315837829503835e+02 -1.961087690522658477e+03 -6.111555697666105971e+02 -1.679802906868956597e+03 -5.565448500863922163e+02 1.531649295390268435e+03 2.734136730936115782e+03 -1.134607892089330562e+03 -2.790947232468764014e+03 1.181888676154110271e+03 1.380398188368624233e+02 8.178451548497486101e+02 -1.798452308649794986e+03 -1.646937821829799759e+03 -1.017732112879366468e+03 2.644382192090601166e+03 -7.990046943202212333e+02 9.790186303791056162e+02 -1.055207413209916467e+03
0.000000000000000000e+00 0.000000000000000000e+00 0.000000000000000000e+00 0.000000000000000000e+00 0.000000000000000000e+00 0.000000000000000000e+00 0.000000000000000000e+00 0.000000000000000000e+00 0.000000000000000000e+00 0.000000000000000000e+00 0.000000000000000000e+00 0.000000000000000000e+00 2.842170943040400743e-14 0.000000000000000000e+00 0.000000000000000000e+00 0.000000000000000000e+00 9.094947017729282379e-13 0.000000000000000000e+00 0.000000000000000000e+00 0.000000000000000000e+00 0.000000000000000000e+00 0.000000000000000000e+00 0.000000000000000000e+00 -7.187669987773028879e+01 4.153909993920368038e+01 -7.751716328584399207e+01 -1.433268122061079453e+02 -9.075845361594474525e+00 -1.364454630083645270e+01 -5.625976825016726934e+01 6.591686509965597907e+01 1.883584542577982006e+02 -8.903949808462982674e+01 -1.428870215902156247e+02 -1.052300833553887287e+02 -6.299047296865182943e+00 1.470534841650446651e+02 -2.726639971366103055e+01 -8.034403928199068901e+01 1.987481095976365282e+02 7.911189109838437616e+01 2.095132347573309346e+02 2.004108598178198406e+02 1.406362476261869574e+02 1.848079738388778992e+02 -9.668414821397456649e+01 1.272630449945959299e+02 9.077535480890742292e+01 -6.329855934897496184e+01 -1.571381966846751084e+02 -7.912553925526299281e+01 4.793581251488245698e+01 9.681128591477855139e+01 -1.247030385578234473e+02 -5.479355931679788227e+01 1.078967753860044070e+02 1.729712467557862396e+02 7.125075274024192140e+01 2.868403109468857792e+02 -5.293780121094909674e+01 9.780207544285468657e+01 4.108554104759292613e+01 3.038439809040482942e-02 3.386118577259451001e+01 3.743064022064163510e+01 -3.180601084530997014e+01 -2.910342964433255020e+00 1.802013350236596239e+02 -1.101862420211601830e+02 1.672630235758390427e+01 -8.121913394743216941e+01 2.911842917368586541e+02 2.365088525279804799e+02 6.391233633395742686e+01 1.295576764730210471e+02 -2.226504558174456179e+02 8.623113880518951646e+01 -1.488037631658449413e+02 -7.634341896411845596e+01 1.834410156338342119e+02 -1.035454124552070994e+02 -6.138119455447241535e+01 -1.001557783409894000e+02 -9.887672205587307417e+00 7.529451461342785024e+01 3.408334526485249683e+01 -7.375964146530253629e+01 -3.264543675727279606e+02 2.495232072331411075e+02 2.350535823657700121e+02 -1.330150448724981516e+02 6.897191983429877382e+00 2.855832805303640498e+01 -4.830435374880221389e+01 -1.007311157704837683e+02 1.891301041050644187e+02 -3.301365254179972908e+01 -1.014758432175457870e+02 -5.803392568218265524e+01 -9.167472964953145720e+01
-1.776356839400250465e-15 0.000000000000000000e+00 0.000000000000000000e+00 0.000000000000000000e+00 0.000000000000000000e+00 0.000000000000000000e+00 0.000000000000000000e+00 0.000000000000000000e+00 0.000000000000000000e+00 0.000000000000000000e+00 0.000000000000000000e+00 0.000000000000000000e+00 0.000000000000000000e+00 0.000000000000000000e+00 0.000000000000000000e+00 0.000000000000000000e+00 0.000000000000000000e+00 0.000000000000000000e+00 0.000000000000000000e+00 0.000000000000000000e+00 0.000000000000000000e+00 0.000000000000000000e+00 0.000000000000000000e+00 5.684341886080801487e-14 2.423888538585997310e+02 3.471375288667451287e+02 -4.769431454632750729e+02 -1.937310081169918021e+02 -3.902890474389469659e+02 -3.139927567894835647e+02 5.080835745225954270e+01 8.371250048653591875e+02 -9.223618665974860278e+02 -3.026852993142863397e+02 4.063639465630212158e+02 -4.325518898416383706e+01 5.848418896981335138e+02 2.803014626866224717e+02 -7.211963941057223337e+01 6.162985710506749228e+02 3.036079283498374934e+02 5.617838655131852192e+02 7.171013119573069616e+02 9.644789543813789123e+02 6.070241275120779392e+02 -1.802785528333569118e+02 7.900716031207196011e+01 5.029332468394323428e+02 -4.820237280344193209e+02 -5.329075962368274304e+02 4.462208968037339218e+01 1.804767542557663376e+02 5.710581737111085658e+02 1.047731741575140632e+02 -4.843627191520438373e+02 7.394683889319962873e+02 5.258493685543567153e+02 3.792564374573711348e+02 6.658842815438251819e+02 -1.094225907432758049e+02 3.450423112746301513e+01 3.171812260260016387e+02 3.782475539972438128e+02 1.275753506323324729e+02 -5.714813723781875296e+02 2.371361347273455351e+02 1.256046327350985479e+02 9.963552266035458160e+01 -5.650762336411412434e+02 2.367104471999411999e+02 -5.380730453884420967e+02 1.207834877833882047e+03 9.631602193457447356e+02 2.824573057162628515e+02 9.363269104843550394e+01 -1.168267222426659828e+03 5.435780364282993560e+02 -5.519279499665830144e+02 -1.902464104769378537e+02 8.589245710398889742e+02 1.920292898826768919e+02 -1.724677771589212512e+02 -5.772937164415789084e+02 1.320077228057368472e+02 4.095985928476812887e+01 -2.984105711201926283e+02 3.427605251006852427e+02 -8.535766955127910478e+02 1.276042150509361818e+03 4.624498561202075280e+02 -3.499652051862610733e+02 2.147395225390885400e+02 5.150676551739303477e+02 -3.942320800615762550e+02 -4.285371897478364644e+02 1.056608106807211698e+03 4.727461746293539591e+02 -6.379996644262464542e+02 2.042750791613103161e+02 -3.817470112377156966e+02
0.000000000000000000e+00 0.000000000000000000e+00 0.000000000000000000e+00 0.000000000000000000e+00 0.000000000000000000e+00 0.000000000000000000e+00 5.684341886080801487e-14 0.000000000000000000e+00 2.842170943040400743e-14 0.000000000000000000e+00 0.000000000000000000e+00 0.000000000000000000e+00 0.000000000000000000e+00 0.000000000000000000e+00 0.000000000000000000e+00 0.000000000000000000e+00 0.000000000000000000e+00 0.000000000000000000e+00 0.000000000000000000e+00 0.000000000000000000e+00 0.000000000000000000e+00 0.000000000000000000e+00 0.000000000000000000e+00 0.000000000000000000e+00 0.000000000000000000e+00 -2.369855347910544765e+02 7.633085477234080827e+02 -3.214412610774006680e+02 -3.120214929912174284e+02 -3.630544144041477352e+02 -6.567939763183751438e+02 -4.037429778818692512e+02 -3.852462003743858077e+01 2.256252954660053547e+02 1.765107010269268812e+02 3.006219772906478056e+02 3.044081828578478053e+02 2.042849534301989820e+02 -1.824159461254424741e+02 -2.008020361166736620e+02 1.972013161861859203e+02 1.135511566301568109e+01 -9.162323727290413444e+01 -3.633108148405174234e+02 -1.576817446303314227e+02 -1.318413594898694328e+02 6.083196830706893365e+01 -1.975853979015080313e+02 4.004818084626807604e+02 4.654547929744036310e+02 1.652611238709290831e+01 -1.947659555638961422e+02 -1.136454155840654039e+02 1.308301420732910572e+02 5.801138012603997822e+02 -5.904862577158622798e+02 -7.179507021277981949e+01 8.068149819912252951e+01 -2.034831486059272265e+01 8.974195999950606506e+01 -1.389710149738759526e+01 -4.922894154652079237e+02 -4.963279292527295183e+01 8.434494828061664862e+01 2.064338492012334427e+02 1.322946199733160029e+02 1.186460903882714888e+02 -7.942282156255404857e+01 8.136688857527838081e+01 4.303081764836985599e+02 5.256315241575466644e+02 -2.589244109439343902e+02 -3.367611895109969282e+02 4.372204555422160865e+01 -3.687599527960528576e+02 6.013373372978317093e+02 -3.045827801412519307e+02 4.474655007073533852e+01 -2.626029688472311818e+01 -6.675407457912881455e+02 -3.886466661146674255e+02 1.995203730002469342e+02 -4.208525833319788489e+01 -8.403843515752157600e+01 -3.358852665025732449e+02 3.578981123522639791e+02 -2.367771280912902512e+02 5.001419641767279245e+02 -8.419899603688011211e+02 -5.060290790617776793e+02 2.580904129202490367e+02 1.150471567270767537e+01 -8.563886022211067939e+01 3.387711859941725834e+01 -1.898701211466393488e+02 -7.908299256836129416e+02 1.433253764059343212e+02 3.489205825636641976e+02 -5.294892274306636182e+01 4.003375106735893496e+02
0.000000000000000000e+00 0.000000000000000000e+00 3.552713678800500929e-15 0.000000000000000000e+00 0.000000000000000000e+00 0.000000000000000000e+00 0.000000000000000000e+00 0.000000000000000000e+00 0.000000000000000000e+00 0.000000000000000000e+00 0.000000000000000000e+00 0.000000000000000000e+00 0.000000000000000000e+00 5.684341886080801487e-14 0.000000000000000000e+00 0.000000000000000000e+00 0.000000000000000000e+00 0.000000000000000000e+00 0.000000000000000000e+00 0.000000000000000000e+00 0.000000000000000000e+00 0.000000000000000000e+00 0.000000000000000000e+00 0.000000000000000000e+00 0.000000000000000000e+00 0.000000000000000000e+00 4.513093392019705789e+03 -8.516565225309066136e+02 -2.082801694542290079e+03 -1.465503791246757828e+03 -2.950990252175148271e+03 -2.549656016432414162e+03 1.801888158977470766e+02 2.066784763593510434e+03 1.523741562533245769e+03 1.567452760215992157e+03 6.691796161209315414e+02 9.738645931304052965e+02 -1.033398386555181787e+02 -2.921072612109742295e+03 6.862054193424394271e+02 -3.123375078496732726e+02 -2.136164840708217525e+03 -1.859015292995632080e+03 -1.393187684770870646e+03 -1.179923451702226203e+03 -1.509175943157333109e+02 -1.789922617323231634e+03 2.374108860152602119e+03 3.229518581604342216e+03 1.957166605329618392e+02 -1.015836392717538047e+03 -4.571244474181994519e+02 1.411955221047834357e+03 2.156731052205984270e+03 -2.500698737750301916e+03 -1.488547834681354516e+03 7.009214021925214411e+01 -1.282644195426088345e+03 9.620227720315613169e+02 -1.370903438965694363e+02 -2.141098407447223963e+03 2.000623123733735724e+02 4.745456814782564265e+02 2.410321354194559262e+02 1.095877126459125293e+03 1.140074875967179651e+02 -1.529520644725669172e+03 8.712747394085040469e+02 1.062704476269690531e+03 1.788789330997480420e+03 -1.953903131634135434e+03 -2.112355523111516959e+03 7.431289009678209823e+02 -2.482597726605520620e+03 2.960637390406273425e+03 -3.195461109473838405e+03 4.950998576425154170e+02 2.014796001905405376e+02 -3.080280917699445581e+03 -9.091062538621831663e+02 1.098006403740916085e+03 2.829582680218604764e+02 2.119881733561572901e+02 -1.832454756076394915e+03 9.824964131659899067e+02 -9.509506249899231989e+00 3.206835809813306241e+03 -4.046650781169263155e+03 -3.132398275434856714e+03 1.495390732761843083e+03 5.962960412422746685e+02 3.793698078421899709e+02 1.724181539808133039e+03 3.002254558773020108e+02 -3.520716182497936188e+03 1.099679253524383057e+03 2.634259229622134626e+03 -5.845855355997923652e+01 3.519965315789018860e+03
0.000000000000000000e+00 0.000000000000000000e+00 1.421085471520200372e-14 0.000000000000000000e+00 0.000000000000000000e+00 0.000000000000000000e+00 -5.684341886080801487e-14 0.000000000000000000e+00 0.000000000000000000e+00 0.000000000000000000e+00 1.136868377216160297e-13 0.000000000000000000e+00 0.000000000000000000e+00 0.000000000000000000e+00 2.842170943040400743e-14 0.000000000000000000e+00 0.000000000000000000e+00 0.000000000000000000e+00 0.000000000000000000e+00 0.000000000000000000e+00 0.000000000000000000e+00 0.000000000000000000e+00 0.000000000000000000e+00 0.000000000000000000e+00 0.000000000000000000e+00 0.000000000000000000e+00 0.000000000000000000e+00 -7.067449324682256702e+02 1.780268879764877852e+02 -1.561443968465205785e+02 -5.113615079827814611e+02 3.043844579436020581e+01 -4.453890979485347543e+02 -1.531269758454982934e+02 3.378235646430237580e+02 1.044992138168615554e+02 5.381032300927217875e+02 4.006684532664404230e+01 -2.540102771673911377e+02 5.356611359224912121e+02 -4.018069198634226069e+00 -6.032109997831773285e+01 4.360560064105335982e+02 -6.735490975544121284e+01 2.092583404355083871e+02 1.608623595725351265e+02 3.085148359297857041e+02 2.192197792439333455e+02 1.581630226888551078e+02 -3.345789183395951909e+02 5.758399337742048374e+01 9.440020425456489761e+01 -3.073811616169053096e+01 3.718479454032586062e+01 4.459399745623167064e+02 -1.320723768940135585e+02 4.033174208397458074e+02 1.230261660498333356e+02 -4.677755320995678368e+00 -7.728270878419627365e+01 -3.714125572341503201e+00 -5.763820089014988213e+01 1.076156028545580341e+02 -5.220380982490532062e+01 1.722935303347098284e+02 -1.853895327681133551e+02 3.210849877395142471e+02 3.014718515994790664e+02 -6.529351466106811586e+01 7.157678599873000849e+02 4.070753027889434179e+02 1.877708114296865176e+02 2.132268766047436941e+02 -1.701774628676155601e+02 -3.934115666592255707e+02 1.823018473515303413e+02 3.873007867407478102e+02 1.210742050680395749e+02 -3.043688862239125115e+02 -3.856016480754875602e+02 -2.086641280460054304e+02 1.917936273464171109e+02 -1.792494601294439178e+02 -2.789977810627781878e+02 -1.152824720467402244e+02 9.624183739128187653e+01 -1.623240641865224632e+02 8.584594746738147819e+01 -2.468060607045115944e+02 -9.134782296689664349e+01 7.404949770649191976e+01 -1.748583136495411736e+02 -9.814195492629963269e+01 -4.933462424122387233e+02 -6.466278428952986133e+02 -2.443731595292800591e+02 2.940829244048117062e+02 -3.359946418332923486e+02 -1.425022858746438885e+02 -5.123162544886688465e+02
0.000000000000000000e+00 0.000000000000000000e+00 0.000000000000000000e+00 2.842170943040400743e-14 0.000000000000000000e+00 0.000000000000000000e+00 0.000000000000000000e+00 -5.684341886080801487e-14 0.000000000000000000e+00 0.000000000000000000e+00 0.000000000000000000e+00 0.000000000000000000e+00 0.000000000000000000e+00 0.000000000000000000e+00 0.000000000000000000e+00 0.000000000000000000e+00 0.000000000000000000e+00 0.000000000000000000e+00 -7.105427357601001859e-15 0.000000000000000000e+00 0.000000000000000000e+00 0.000000000000000000e+00 0.000000000000000000e+00 0.000000000000000000e+00 0.000000000000000000e+00 2.842170943040400743e-14 0.000000000000000000e+00 0.000000000000000000e+00 2.169004572725171442e+02 2.317470487627460045e+02 9.311971095401970899e+01 -3.097605506166658884e+01 -3.730780941069967298e+02 -1.996425904785863281e+02 7.203605104156171990e+01 -5.768741236298899366e+01 -4.493111454787496939e+01 4.698534182462265107e+01 -3.251358327714063989e+02 2.367161206805317875e+02 -2.534870189590774316e+02 -3.089487072766912661e+02 3.690999392867081497e+02 1.567433243829210454e-01 -1.759240251241217834e+01 4.183402440871343231e+01 2.684707872638448407e+02 1.417885721852971415e+02 -4.521833792865825075e+01 -1.547842394283453586e+02 1.262502531295592973e+02 -1.967218166736518583e+02 -1.774086674902118688e+01 -9.081788830631268183e+01 2.043261835912512083e+02 6.810703152327994303e+01 3.475559266438984878e+02 7.602623591837313199e+01 2.081972982589817605e+02 -1.021164967177923444e+02 -1.287760219609990031e+02 1.703819159473133880e+02 1.054690661594344476e+02 -1.169272306445468104e+02 1.190230721896627557e+02 -8.699715665041017587e+01 3.460442947143375818e+02 9.984581893389852780e+01 -1.514011888964742241e+02 2.464278845683147097e+02 -1.006718790425908310e+02 -1.349011182761897771e+02 -3.304300960173558792e+02 -4.461521787352376123e+01 6.845053268929014223e+01 -1.137906855727329827e+02 1.663317047575747551e+02 1.592573638443186042e+02 -2.857769439220414824e+02 -1.632328273291826974e+02 -1.186221245617869613e+02 -1.941767290958925685e+02 2.215328241991246330e+02 -1.354274566105616202e+02 -6.690670446357285073e+01 -3.653477474307832296e+01 -8.580585814458311233e+01 8.086898724913811520e+01 1.990021259439945993e+02 -2.074126523297506424e+02 4.035085476630675316e+02 7.567898338098655131e+01 -2.046729916681090629e+02 -2.819248430343695873e+02 -2.919002451268056575e+02 1.685384890467426544e+02 1.787134176156631611e+02 -3.499616047058085542e+02 1.452353315693018772e+02 -1.082828500727136287e+02
-7.105427357601001859e-15 0.000000000000000000e+00 3.552713678800500929e-15 0.000000000000000000e+00 0.000000000000000000e+00 0.000000000000000000e+00 1.421085471520200372e-14 0.000000000000000000e+00 0.000000000000000000e+00 0.000000000000000000e+00 0.000000000000000000e+00 -4.547473508864641190e-13 0.000000000000000000e+00 -2.842170943040400743e-14 0.000000000000000000e+00 0.000000000000000000e+00 0.000000000000000000e+00 0.000000000000000000e+00 0.000000000000000000e+00 0.000000000000000000e+00 0.000000000000000000e+00 0.000000000000000000e+00 0.000000000000000000e+00 0.000000000000000000e+00 0.000000000000000000e+00 0.000000000000000000e+00 0.000000000000000000e+00 0.000000000000000000e+00 0.000000000000000000e+00 -4.365909001791640662e+02 -2.292894821031557626e+02 -1.369332911813953046e+02 1.316795225577329347e+03 4.395497183549599072e+02 -1.828968883443032496e+02 1.508010078227759436e+02 -7.099013179000394302e+01 -3.539211598090986399e+02 8.340882896569946752e+02 -4.431673157769902218e+02 4.637641100122604030e+02 4.544273710332454357e+02 -1.143643289462383336e+03 -3.575337713608610670e+02 -3.096193565915698969e+02 3.668414489801476464e+01 -3.350687387851637595e+02 -5.249659346801591937e+02 4.864830783044162104e+02 2.059243593984733707e+02 -4.658267861476800817e+02 4.847876054500623582e+02 -3.202503176487375640e+02 3.745467989120304537e+02 -3.012400965280970695e+02 -2.180932204957904901e+02 -7.992455617536647878e+02 -5.233949463596602527e+02 -9.942884312430905993e+02 2.060759645929420572e+02 6.984473328044389291e+02 -1.041037920631612792e+02 -7.717483640042999582e+01 1.027899762629246538e+02 -9.276055639027032385e+01 -3.541109183437470165e+01 -8.128622485917026097e+02 -3.656572960751572055e+01 6.344723133929028336e+02 -4.196786896439502925e+02 3.720523879252705228e+02 1.619436627154800874e+02 5.598535657978801510e+02 5.595306297485512914e+01 -4.875745578628459498e+02 5.596832711037295667e+02 -4.920384410411554654e+02 1.419236650231251247e+02 5.093470684924976126e+02 2.179815903462354640e+02 -4.426191429260711629e+00 5.957293201056485259e+02 -1.392652193269983059e+02 -3.535082164520645165e+00 3.859498551583136532e+02 -5.312807185319078940e+01 3.764873160351768888e+01 3.195740684952781407e+01 -1.044602799567877810e+03 5.425690790202147582e+02 -7.164486592191879026e+02 -3.613935769443446588e+02 4.797886265761827076e+02 8.091671754585082681e+02 9.460301166614174235e+02 -7.985375015098791209e+02 -3.732685023010530472e+02 1.067274869991743799e+03 -4.538512201881080728e+02 1.674011439115681128e+02
0.000000000000000000e+00 0.000000000000000000e+00 0.000000000000000000e+00 0.000000000000000000e+00 0.000000000000000000e+00 0.000000000000000000e+00 0.000000000000000000e+00 0.000000000000000000e+00 0.000000000000000000e+00 0.000000000000000000e+00 0.000000000000000000e+00 0.000000000000000000e+00 0.000000000000000000e+00 0.000000000000000000e+00 0.000000000000000000e+00 0.000000000000000000e+00 0.000000000000000000e+00 0.000000000000000000e+00 0.000000000000000000e+00 0.000000000000000000e+00 0.000000000000000000e+00 0.000000000000000000e+00 0.000000000000000000e+00 0.000000000000000000e+00 0.000000000000000000e+00 -1.136868377216160297e-13 0.000000000000000000e+00 0.000000000000000000e+00 0.000000000000000000e+00 0.000000000000000000e+00 4.931448919419563026e+01 -3.431856032182705007e+02 9.383861994701338745e+02 5.015186876227420498e+02 -3.205122351471035813e+01 2.118632876379634524e+02 -2.965960551097684856e+02 -3.855527521777876814e+02 6.902128466805245353e+02 -7.972260739346394303e+02 4.858088348933272016e+00 -5.811208371130218353e+01 -9.915984784531249261e+02 -4.278728471563604216e+02 -1.684650513583490579e+02 1.813266941668728691e+02 -4.327703726475908184e+02 -3.148853881743586953e+02 4.284697938032807656e+02 3.196098471585764855e+02 -5.023298477948865326e+01 3.053699669462694146e+02 -4.287399742884275611e+02 1.667153144865117440e+02 -4.248551524483845299e+01 -3.838124626718627042e+02 -9.395059688149517569e+02 -3.340487280747242949e+02 -9.868977388379412332e+02 1.420135748627242549e+02 1.807496261994751308e+01 -2.118901282345510140e+02 8.413745520845617420e+01 8.427753569918368726e+01 -6.907542328810674803e+01 -1.706343237013272471e+02 -6.067093875440311876e+02 -9.112766440988075090e+00 5.144474005531069452e+02 -3.535661895912774071e+02 4.423172331996298681e+02 -4.899265587313230981e+02 1.290316976317459989e+02 -1.725237158471107648e+02 -5.745080495339474282e+02 8.465760334112142118e+02 -4.325289704480491650e+02 9.400513429914352059e+01 4.716133742757073151e+02 -2.334483535950315058e+02 3.361585601429046051e+02 3.780197180946803428e+02 2.084027689096830613e+02 6.086084472382498944e+01 1.505081167299841240e+02 -1.102870464131910353e+02 -6.240585222807516885e+01 3.180259910015143419e+02 -1.001509521158558073e+03 1.136281951120237466e+01 -4.117163466988030223e+02 -4.418694107885861513e+02 1.291912123583881566e+02 7.692495189387119581e+02 5.398996559471644332e+02 -6.745982202482412049e+02 -3.284193360209249590e+02 7.419780519896075930e+02 -4.546957566264231900e+02 2.213272576450588076e+02
0.000000000000000000e+00 0.000000000000000000e+00 0.000000000000000000e+00 2.842170943040400743e-14 0.000000000000000000e+00 1.421085471520200372e-14 5.684341886080801487e-14 0.000000000000000000e+00 0.000000000000000000e+00 0.000000000000000000e+00 -5.684341886080801487e-14 0.000000000000000000e+00 0.000000000000000000e+00 0.000000000000000000e+00 0.000000000000000000e+00 0.000000000000000000e+00 0.000000000000000000e+00 0.000000000000000000e+00 0.000000000000000000e+00 0.000000000000000000e+00 0.000000000000000000e+00 0.000000000000000000e+00 0.000000000000000000e+00 0.000000000000000000e+00 0.000000000000000000e+00 0.000000000000000000e+00 -5.684341886080801487e-14 0.000000000000000000e+00 0.000000000000000000e+00 0.000000000000000000e+00 0.000000000000000000e+00 3.861210416419400531e+02 -1.732751701435615360e+03 -5.570815662455484016e+02 3.349080726001821517e+02 -1.828969592382808287e+02 2.520219495063615511e+02 5.652651446745153407e+02 -1.031949737243320214e+03 1.321052114128779067e+03 -3.223271565136273580e+02 -3.459195788821425595e+02 1.569350022766237089e+03 6.823533890014944063e+02 1.641754395892701268e+01 7.980257509097884849e+01 7.019099746443498589e+02 8.411658994504392695e+02 -7.156785430149977856e+02 -6.310829878504782755e+02 3.303219823683907634e+02 -6.657888078726010690e+02 2.828219705013143539e+02 -1.541998683951282203e+02 1.687149637698837523e+02 5.152026683068031616e+02 1.386594660513112558e+03 5.873875782038828675e+02 1.145884041173386777e+03 -2.292009733752173020e+02 -3.508016866120841541e+02 5.302940898336513555e+02 3.160090537046978625e+02 -2.985115644972995597e+02 -3.861783111428215420e+01 2.812634250899078552e+02 8.537550686493681269e+02 9.795255230025219362e+01 -8.263021647268031984e+02 1.028331978300672517e+03 -5.261218227909423604e+02 6.062694372637106426e+02 -3.932970398365472988e+02 7.931769038921922288e+01 3.603860843079863798e+02 -1.034517494328093562e+03 9.583599422415080653e+02 1.883727500894185596e+02 -7.448661226723513664e+02 1.856026308092930321e+01 -5.251725882385089790e+02 -5.295870761019314159e+02 4.612695488165437041e+01 -1.369881235813808189e+02 -3.340272576271731850e+02 -7.396816008513908969e+00 -4.544403496846696555e+01 -1.942465519654374475e+02 1.220239824854696508e+03 -4.555813216363459333e+02 8.845477055206172281e+02 4.555807827655212350e+02 -2.742287434466830973e+02 -1.254350989337518513e+03 -1.090699360264667575e+03 9.947356657070383790e+02 7.259822473620822620e+02 -1.172355424567318778e+03 8.659348486386836612e+02 -5.791792006303455764e+02
0.000000000000000000e+00 0.000000000000000000e+00 0.000000000000000000e+00 0.000000000000000000e+00 0.000000000000000000e+00 0.000000000000000000e+00 0.000000000000000000e+00 0.000000000000000000e+00 0.000000000000000000e+00 0.000000000000000000e+00 0.000000000000000000e+00 0.000000000000000000e+00 0.000000000000000000e+00 0.000000000000000000e+00 0.000000000000000000e+00 0.000000000000000000e+00 0.000000000000000000e+00 0.000000000000000000e+00 0.000000000000000000e+00 0.000000000000000000e+00 0.000000000000000000e+00 0.000000000000000000e+00 0.000000000000000000e+00 0.000000000000000000e+00 0.000000000000000000e+00 0.000000000000000000e+00 0.000000000000000000e+00 0.000000000000000000e+00 0.000000000000000000e+00 0.000000000000000000e+00 0.000000000000000000e+00 0.000000000000000000e+00 -2.945777734953258005e+02 -3.406469454324645767e+02 -1.780979167576569182e+02 -1.991526795521157567e+01 4.150170224960619407e+02 2.261658040822871953e+02 -3.342983268197909865e+02 1.413998333550923689e+02 2.201511320512003067e+02 1.892630449083754911e+02 6.195890624505916549e+02 -3.021453109182965591e+01 5.889550723166347552e+02 -4.107295445269446645e+02 2.626622552742509242e+02 -5.189102769158932915e+01 -7.889042083525669113e+01 4.712220586272877654e+01 7.054890365558890153e+01 -4.379929417514244960e+01 3.090142527035964122e+02 -1.161180743315488684e+02 2.952674129815336528e+02 1.878081394906245691e+02 3.447988486911114023e+02 2.398663133395237992e+02 6.899316692151220423e+02 -1.907469041008454269e+02 4.957327629814972170e+01 -2.487755451786915728e+02 -1.490684871007780714e+02 2.116825435698099227e+02 3.480706276021616077e+02 -1.699312495951645019e+02 4.885116173304942322e+02 1.186210943039983476e+02 -2.522128283229628778e+02 3.990583149609688007e+01 -1.005295090679021541e+01 1.567707126348274755e+02 -4.418552784287999202e+01 6.946175296634208962e+01 3.502501670403680691e+02 -1.161865807040712752e+02 -1.782427426687274874e+01 -3.662627291351117833e+02 -3.729150011953377089e+02 -1.293760985569434219e+01 -3.230739278123141958e+02 -3.820190150422940860e+02 -2.316533469138932162e+02 -8.312796535238591389e+01 1.236311395210816784e+02 7.476366808050728707e+01 6.378100415069922491e+01 -3.889306455351284058e+02 4.518106972079807520e+02 -2.444939462025126886e+01 1.227625860745336013e+02 1.800184987302901618e+02 -2.810149206674449829e+02 -4.074034726443612726e+02 -4.435317586888783126e+02 3.073822540010947932e+02 4.496908425877711579e+01 -3.716468062509064794e+02 -2.415728975600906097e+02 1.372803481879259095e+02
0.000000000000000000e+00 0.000000000000000000e+00 0.000000000000000000e+00 0.000000000000000000e+00 0.000000000000000000e+00 0.000000000000000000e+00 -3.552713678800500929e-15 -2.842170943040400743e-14 0.000000000000000000e+00 0.000000000000000000e+00 0.000000000000000000e+00 0.000000000000000000e+00 0.000000000000000000e+00 0.000000000000000000e+00 0.000000000000000000e+00 0.000000000000000000e+00 0.000000000000000000e+00 0.000000000000000000e+00 0.000000000000000000e+00 0.000000000000000000e+00 0.000000000000000000e+00 0.000000000000000000e+00 0.000000000000000000e+00 0.000000000000000000e+00 0.000000000000000000e+00 0.000000000000000000e+00 0.000000000000000000e+00 0.000000000000000000e+00 0.000000000000000000e+00 0.000000000000000000e+00 0.000000000000000000e+00 0.000000000000000000e+00 0.000000000000000000e+00 1.999624601752705075e+03 1.985068817842773115e+03 2.341232844101994033e+02 -2.827686131705098887e+03 -1.109074453184719232e+03 1.338001608167188124e+03 3.081651322890817255e+02 -2.305457927253346497e+03 -2.314560225763405924e+03 -2.566511862250685681e+03 8.161027486046646118e+02 -4.201222552775317126e+03 3.367673022370606304e+03 -1.051704462923482424e+03 1.630883049083877950e+03 -6.577959483420136166e+01 -1.176234099772903846e+03 2.482424625441030912e+02 -6.567978015808785131e+02 -2.369863976954312875e+03 7.299719455405456756e+02 -1.324063313645784547e+03 -1.072777510219847045e+03 -1.152662393448751573e+03 -9.101050597760503251e+02 -4.131259574767933373e+03 1.067587009606500033e+03 -1.310071411306963000e+03 2.308535026669812396e+03 2.112085820680856159e+03 -1.995837974251955984e+03 -2.543727239884057326e+03 1.394891008636255719e+03 -2.562182300544502596e+03 -4.699204450426701669e+02 7.402859491614583476e+02 1.598585458205567193e+03 7.502416877699334918e+01 -5.928075541448902186e+02 -4.105107008435268767e+02 -6.386141510401307642e+02 -2.912819334562012045e+03 4.401950803909530805e+02 1.497909681215944147e+03 3.000613877613138811e+03 1.828419319111291543e+03 -5.239116273966762947e+02 1.595580866810113548e+03 2.154304758325729381e+03 2.392359124832998532e+03 2.241400679574433070e+02 -1.386987526459296987e+03 -7.315757290302553884e+02 -7.499966426448319226e+02 2.921176421382206627e+03 -2.551621474159408535e+03 -7.589485076045353935e+02 3.890778965482692229e+02 -1.199211875609164963e+03 1.393794755652619642e+03 1.396915841555883162e+03 1.317175081475268826e+03 -1.449404000286434439e+03 5.155487024133367413e+02 1.304346162456596403e+03 2.820832795339749737e+03 -1.687552031016300361e+03
0.000000000000000000e+00 1.421085471520200372e-14 7.105427357601001859e-15 0.000000000000000000e+00 0.000000000000000000e+00 3.552713678800500929e-15 0.000000000000000000e+00 0.000000000000000000e+00 0.000000000000000000e+00 0.000000000000000000e+00 0.000000000000000000e+00 0.000000000000000000e+00 0.000000000000000000e+00 0.000000000000000000e+00 0.000000000000000000e+00 0.000000000000000000e+00 0.000000000000000000e+00 0.000000000000000000e+00 0.000000000000000000e+00 0.000000000000000000e+00 0.000000000000000000e+00 0.000000000000000000e+00 0.000000000000000000e+00 0.000000000000000000e+00 0.000000000000000000e+00 0.000000000000000000e+00 -4.547473508864641190e-13 0.000000000000000000e+00 0.000000000000000000e+00 0.000000000000000000e+00 0.000000000000000000e+00 0.000000000000000000e+00 0.000000000000000000e+00 0.000000000000000000e+00 1.227058334731332252e+02 1.669380598389555530e+02 -1.544662094012678608e+02 -1.696486463053387297e+02 1.383950807748283296e+01 5.451181173408986069e+01 -2.036443600398858962e+02 -1.969200022946820354e+02 -2.764870720733733833e+01 1.054198584913324339e+02 -1.346439782399429532e+02 9.791227910087809505e+01 2.190707844009477867e+01 2.872209431928931735e+02 -3.664018969547626625e-01 -3.190561017538487931e+02 8.625617888799399680e+01 -1.192519418582280650e+02 -1.033217012574436922e+02 -1.613650219807498161e+02 -1.478237218800625214e+02 1.980364019441344681e+01 1.942186727361752219e+02 8.856996133000689042e+01 -4.669971880044204227e+01 7.769932836920554564e+01 -1.219877189220217133e+02 1.550960163987629130e+02 1.648142939584388387e+02 -1.075427402678890303e+02 7.044297370734557262e+01 -8.646495175089921759e+01 -2.081390875000420237e+02 1.161589574541694105e+02 -8.955908274970965977e+00 1.796178825250462978e+02 8.516384435802571318e+00 1.841014654179748504e+02 2.338219789713292016e+02 -2.020689758517687551e+01 -4.754121301878876693e+01 -5.786034981540456101e+01 2.653523529243027497e+02 -7.730098164958417328e+01 9.847334910449831114e+01 2.021886807922309117e+02 1.989229696244910883e+01 1.305304191938594158e+02 4.061352753449459669e+02 4.990003205689652077e+01 -7.145039256988184206e+00 -9.460714126952211700e+00 1.125208724019800002e+02 -6.908645976670504751e+01 -1.329228264835310256e+02 1.257534639681592807e+02 -1.222805465691980089e+02 -4.152647651201027656e+01 -5.311436367912278911e+01 8.389997838944509567e-01 -2.624366188820069965e+02 -8.614552503143977447e+01 -1.276415347928624442e+02 -1.587079817247217761e+02 3.288607034359515637e+02 -1.172338990112239117e+02
0.000000000000000000e+00 0.000000000000000000e+00 0.000000000000000000e+00 0.000000000000000000e+00 -2.842170943040400743e-14 0.000000000000000000e+00 5.684341886080801487e-14 0.000000000000000000e+00 0.000000000000000000e+00 0.000000000000000000e+00 0.000000000000000000e+00 0.000000000000000000e+00 0.000000000000000000e+00 0.000000000000000000e+00 0.000000000000000000e+00 0.000000000000000000e+00 0.000000000000000000e+00 0.000000000000000000e+00 0.000000000000000000e+00 0.000000000000000000e+00 0.000000000000000000e+00 0.000000000000000000e+00 0.000000000000000000e+00 0.000000000000000000e+00 0.000000000000000000e+00 1.421085471520200372e-14 0.000000000000000000e+00 0.000000000000000000e+00 0.000000000000000000e+00 0.000000000000000000e+00 1.421085471520200372e-14 0.000000000000000000e+00 0.000000000000000000e+00 0.000000000000000000e+00 0.000000000000000000e+00 2.249346806896579949e+02 -4.229364500207206561e+02 -4.529050681709219361e+01 3.868518511700479223e+00 2.786854905934666817e+02 -1.218885708401843999e+02 -1.481541398400912612e+02 -1.253666513075411757e+02 3.280697806636327982e+02 -6.685245435925952506e+02 1.231248901895016559e+02 -2.464574840018195090e+01 5.377313763724434921e+02 -3.497092549239401365e+02 -3.911324506920132080e+02 -2.175894538369330178e+02 -1.962327384904912719e+02 6.709783280310864484e+01 -3.787226045490569390e+02 -9.099592572385254243e+02 1.471314646996040665e+02 7.644744876611971449e+02 2.610915186484915580e+02 1.536608899057435167e+02 2.579354117929981953e+02 1.209569839407959080e+02 4.509450675818712853e+02 -1.274491816636574413e+02 -3.389433007255793200e+02 8.401104486392387116e+01 8.117451576996953122e+01 -4.936688206530634488e+02 -1.754855623682763053e+02 1.996031254103338597e+02 -2.015660148074374547e+01 -5.737993829971705964e+02 4.249026330051426612e+02 5.229286982877951004e+02 7.615683371989635475e+01 4.755611468076651818e+02 -6.952836984112743721e+02 4.942322974856643896e+02 1.188382945853993533e+01 3.409660572041495925e+02 8.581917234683579636e+02 1.402363159290855776e+02 3.628973615788266898e+02 1.763772197814168976e+02 2.380438787035646442e+02 7.137959028739579992e-01 -5.136532840486533757e+01 5.761805943523725091e+02 -1.636269305964126204e+02 5.747496722453956863e+01 1.793621126949456652e+02 -2.549613056150335524e+02 3.029874797915518911e+02 -1.863955448426962391e+01 -1.413603268521906386e+02 -2.412113846477996049e+01 -1.918174638360909512e+00 -3.795082253284073204e+01 -2.742030157557907728e+02 5.210646881539356627e+02 -3.907062497576085889e+02
0.000000000000000000e+00 0.000000000000000000e+00 0.000000000000000000e+00 0.000000000000000000e+00 0.000000000000000000e+00 0.000000000000000000e+00 0.000000000000000000e+00 0.000000000000000000e+00 0.000000000000000000e+00 0.000000000000000000e+00 0.000000000000000000e+00 0.000000000000000000e+00 0.000000000000000000e+00 0.000000000000000000e+00 0.000000000000000000e+00 0.000000000000000000e+00 0.000000000000000000e+00 0.000000000000000000e+00 0.000000000000000000e+00 0.000000000000000000e+00 0.000000000000000000e+00 0.000000000000000000e+00 0.000000000000000000e+00 0.000000000000000000e+00 0.000000000000000000e+00 0.000000000000000000e+00 -1.136868377216160297e-13 0.000000000000000000e+00 0.000000000000000000e+00 -1.421085471520200372e-14 0.000000000000000000e+00 0.000000000000000000e+00 0.000000000000000000e+00 0.000000000000000000e+00 0.000000000000000000e+00 0.000000000000000000e+00 5.241226149630216469e+02 -1.013281223767242381e+02 -1.086132994756746086e+02 -3.165297790716587087e+02 8.230118924809548275e+01 7.067415545410676714e+01 2.206695290867065467e+02 -3.636050659399996903e+02 9.875233791285318148e+02 -1.002927788661073976e+02 2.835325947181719926e+02 -3.076459441187823813e+02 3.373763867299517187e+02 4.854947133032061402e+02 5.040285889632406224e+02 4.557696821304015202e+02 -3.235664472700808574e+02 3.408910368192755982e+02 6.496855064713313368e+02 8.813337697214450372e+01 -7.834581735368685713e+02 -3.427539837476045363e+02 -3.765604205329483420e+02 -3.191781945648299370e+02 5.818814199044527413e+01 -3.537131357812053238e+02 2.071830544594095045e+02 4.487294081283129117e+02 1.320663728638655243e+02 -6.057626065318908104e+02 5.096644233027050177e+02 5.209748716829772093e+02 9.329733880556995018e+01 -3.964552885660395987e+00 3.667678426320594554e+02 -4.730906330152794794e+02 -2.760149531950194159e+02 -1.888126878056567080e+02 -7.525311995733218282e+02 7.138203461752550538e+02 -6.599146160051843708e+02 -7.859431496877820678e+01 -5.054669309668850019e+02 -8.599016060569142610e+02 5.847960183042215476e+01 -2.775803573967372131e+02 -7.635761566917986443e+01 1.098774638470214313e+02 1.905875598748332891e+02 -1.960832763674560510e+02 -5.249956418942388154e+02 -1.134904618787238064e+02 -4.743774904307240092e+01 -4.640594212707454744e+02 -3.342685490524445413e+00 -3.329355667197528987e+02 -7.341200805388190531e+00 1.928873827740186186e+02 -9.660244774237497722e+01 1.806850868760872970e+02 8.101201188399275566e+01 1.291465023422732656e+02 -1.058043773279631068e+03 2.537536443018976229e+02
0.000000000000000000e+00 0.000000000000000000e+00 0.000000000000000000e+00 0.000000000000000000e+00 0.000000000000000000e+00 0.000000000000000000e+00 0.000000000000000000e+00 3.552713678800500929e-15 0.000000000000000000e+00 0.000000000000000000e+00 0.000000000000000000e+00 0.000000000000000000e+00 0.000000000000000000e+00 0.000000000000000000e+00 0.000000000000000000e+00 0.000000000000000000e+00 0.000000000000000000e+00 0.000000000000000000e+00 0.000000000000000000e+00 0.000000000000000000e+00 1.421085471520200372e-14 0.000000000000000000e+00 0.000000000000000000e+00 0.000000000000000000e+00 0.000000000000000000e+00 0.000000000000000000e+00 0.000000000000000000e+00 0.000000000000000000e+00 0.000000000000000000e+00 0.000000000000000000e+00 -1.421085471520200372e-14 0.000000000000000000e+00 0.000000000000000000e+00 0.000000000000000000e+00 0.000000000000000000e+00 0.000000000000000000e+00 0.000000000000000000e+00 1.920425690098032874e+02 2.679626641726281946e+02 -7.309843291747517924e+01 -5.983424280738371692e+01 -1.513859420645300169e+01 -1.010422033754669116e+02 -5.068697488971876908e+01 -2.951253907432228516e+02 3.624870786803627993e+02 -1.931549474872780365e+02 -1.720803197541162604e+02 -6.026803120645291045e+01 2.634163070954004411e+02 7.337011029977162480e+01 -3.773054147370380917e+00 9.335410993634218357e+01 2.305562022271369642e+02 -1.096381942061539405e+01 -1.220848910611793769e+02 -8.265750471370338914e+00 -1.408974424924055313e+02 -4.145738641376074725e+02 1.887947888819655304e+02 -1.977529547777752725e+02 -7.868403340411455815e+01 -8.894249613381620634e+01 -6.262871353188877777e+01 -1.401236145300933060e+02 2.459282750744050645e+02 -1.750143479429661966e+02 -2.712385518032596678e+02 8.986871176293622909e+01 1.475883344014190754e+02 2.296967907969759892e+02 -1.557674333824315056e+02 -2.062287106785285857e+02 -2.417412243552051052e+02 -1.401999142546073358e+02 2.723086546252077937e+02 1.660679724210573909e+02 3.355228113456562937e+02 2.425597104517840990e+02 -2.597029703620750638e+02 1.069352110431208587e+02 1.303410863851548243e+02 -3.059621763998235338e+02 -2.400556864703225983e+02 5.464912636159942849e+01 1.747453442304551885e+01 1.498842924944007393e+02 4.372948909547944822e+02 -2.565740727878901453e+02 -2.900917463836987054e+02 -3.571137667206581057e+01 -6.788540670637559060e+01 -1.622779443886461763e+02 -6.474161733033869837e+01 -3.334691668688814303e+01 -1.739054521608783830e+02 1.954857499527897176e+02 1.796513006520024476e+02 -1.234270006029166211e+01 -2.603477680912055234e+02
0.000000000000000000e+00 0.000000000000000000e+00 0.000000000000000000e+00 0.000000000000000000e+00 0.000000000000000000e+00 0.000000000000000000e+00 0.000000000000000000e+00 0.000000000000000000e+00 0.000000000000000000e+00 0.000000000000000000e+00 0.000000000000000000e+00 0.000000000000000000e+00 0.000000000000000000e+00 0.000000000000000000e+00 0.000000000000000000e+00 0.000000000000000000e+00 0.000000000000000000e+00 2.842170943040400743e-14 -2.842170943040400743e-14 0.000000000000000000e+00 0.000000000000000000e+00 0.000000000000000000e+00 0.000000000000000000e+00 0.000000000000000000e+00 0.000000000000000000e+00 0.000000000000000000e+00 0.000000000000000000e+00 5.684341886080801487e-14 0.000000000000000000e+00 -2.842170943040400743e-14 0.000000000000000000e+00 0.000000000000000000e+00 0.000000000000000000e+00 0.000000000000000000e+00 0.000000000000000000e+00 0.000000000000000000e+00 0.000000000000000000e+00 0.000000000000000000e+00 -3.840904552622473602e+02 4.418052414618221633e+02 6.119510066027480661e+02 1.962965735194041201e+02 1.622115027890742169e+02 2.998014340672652907e+02 2.113076365079783727e+02 -3.983072535252100579e+02 3.849911470538618801e+02 4.883571028666348184e+02 -2.275115603574683973e+02 -3.834391138525876954e+02 -6.192183619303709747e+02 8.153615720447621129e+01 -2.390301616486521539e+02 -1.647211411588475016e+02 -7.788558966125319785e+02 4.036581427934108888e+02 1.727913337761669368e+02 2.768277274474858132e+02 6.460798280401447755e+02 -2.514722257548890525e+02 8.992802296024221960e+02 3.853431012505623698e+02 4.779967104516336462e+01 5.401971198802235108e+01 -2.189355979742035174e+01 -5.536884861691041806e+02 1.221213937184098199e+02 2.441159644995530016e+02 1.897578777171353579e+02 -1.986510748937791959e+02 -9.939171084007971331e+02 6.737705639924229217e+02 6.510388835973126334e+02 3.515428553618745582e+02 2.794779826461943912e+02 -9.465244022977042277e+02 -2.063475886249881910e+02 -2.201205465905421761e+02 -3.301100850062638870e+02 7.798195072561491088e+02 3.640117884922074154e+01 -8.628809701591214321e+01 6.881420697063390435e+01 5.707396384379544543e+02 1.432820384327135912e+02 -3.320413471923487236e+02 -9.147354873543997655e+01 -7.490355979174294134e+02 4.979548213916572195e+02 2.996802148144784042e+02 -6.511903308511622868e+01 3.555153109293236753e+02 5.279172126561469440e+02 -8.344815097090160805e+01 5.011211183068728019e+02 4.541291579782698591e+02 -2.344798540964488893e+02 -1.554749041551673940e+02 -2.024990481085514773e+02 1.296869594274936048e+02
0.000000000000000000e+00 0.000000000000000000e+00 0.000000000000000000e+00 0.000000000000000000e+00 0.000000000000000000e+00 0.000000000000000000e+00 0.000000000000000000e+00 0.000000000000000000e+00 0.000000000000000000e+00 0.000000000000000000e+00 0.000000000000000000e+00 0.000000000000000000e+00 0.000000000000000000e+00 0.000000000000000000e+00 0.000000000000000000e+00 0.000000000000000000e+00 0.000000000000000000e+00 0.000000000000000000e+00 0.000000000000000000e+00 0.000000000000000000e+00 0.000000000000000000e+00 0.000000000000000000e+00 0.000000000000000000e+00 0.000000000000000000e+00 0.000000000000000000e+00 0.000000000000000000e+00 0.000000000000000000e+00 0.000000000000000000e+00 0.000000000000000000e+00 0.000000000000000000e+00 0.000000000000000000e+00 0.000000000000000000e+00 0.000000000000000000e+00 0.000000000000000000e+00 0.000000000000000000e+00 0.000000000000000000e+00 0.000000000000000000e+00 2.842170943040400743e-14 0.000000000000000000e+00 2.598341764509437439e+02 3.120164355572514410e+02 1.924938480465755219e+01 -6.255498353838081016e+01 1.365493706797918207e+02 -1.890404756809724915e+02 -3.543734039925715251e+01 -2.086844170036545165e+01 6.440382742977413955e+01 9.592080451843909827e+01 -5.749107708578575284e+02 -5.628659081312166563e+02 -3.895308860932048560e+02 -4.756261886158483776e+00 -1.215766133743514104e+02 -7.487407233453416211e+01 -2.118282442897177020e+02 1.040290137577433711e+02 1.431887392920373827e+02 5.614361675076023630e+02 -4.703279225772212158e+01 1.545916904159689693e+02 -7.608594843545597541e+01 9.159742245678222616e+01 -8.675101318955817931e+01 1.398420501771362368e+01 1.389737550013248892e+02 -3.488210913084513436e+02 -1.930096101286332839e+02 -2.808301355798618602e+02 3.176440823753082441e+02 1.948144641104186121e+02 6.367981458602034763e+02 3.051799801203978291e+02 2.950420539376232227e+02 1.158914884082119272e+02 -2.225998291066370030e+02 2.886809294821944150e+02 -3.399466484136697773e+02 8.710887317065930802e+01 3.055011751411759064e+02 -1.943812246548768030e+02 5.820041520281719727e+00 3.953461313047941985e+02 -1.986269501516885612e+02 -8.975948858473044822e+01 1.412938850197613760e+02 2.836013397392549962e+01 -1.640320732336491005e+02 -1.842308861706408152e+01 7.213744181980239318e+02 -1.070314575924162170e+01 -5.327698911593245157e+00 1.304475802532467128e+02 -9.029819339960839386e+01 -5.084148487813843076e+01 -1.459269614460887965e+02 -6.021323734187998298e+02 1.920690606694510905e+02 7.632058290680815844e+02 2.098690680426423114e+02
0.000000000000000000e+00 0.000000000000000000e+00 0.000000000000000000e+00 0.000000000000000000e+00 0.000000000000000000e+00 0.000000000000000000e+00 0.000000000000000000e+00 -3.552713678800500929e-15 0.000000000000000000e+00 0.000000000000000000e+00 0.000000000000000000e+00 -4.547473508864641190e-13 0.000000000000000000e+00 2.842170943040400743e-14 0.000000000000000000e+00 0.000000000000000000e+00 0.000000000000000000e+00 0.000000000000000000e+00 0.000000000000000000e+00 0.000000000000000000e+00 0.000000000000000000e+00 0.000000000000000000e+00 0.000000000000000000e+00 0.000000000000000000e+00 0.000000000000000000e+00 0.000000000000000000e+00 -2.273736754432320595e-13 -7.105427357601001859e-15 0.000000000000000000e+00 -7.105427357601001859e-15 0.000000000000000000e+00 0.000000000000000000e+00 1.136868377216160297e-13 0.000000000000000000e+00 0.000000000000000000e+00 0.000000000000000000e+00 0.000000000000000000e+00 0.000000000000000000e+00 0.000000000000000000e+00 0.000000000000000000e+00 -2.246579999925065181e+02 -6.132085929225080889e+01 6.243229810636059796e+01 -1.410371569902347346e+02 -2.200969574502652222e+02 5.567537500162487731e+02 3.099189485255638488e+02 2.357407285254527949e+02 -2.987040188172799162e+02 4.532550834655203289e+02 4.334971835303402372e+02 4.524010847011685996e+02 -2.064002724437955862e+02 2.917109280549278765e+02 -6.981337427584941224e+01 2.199798079713327468e+02 -1.981889996577747581e+02 1.635103052688249647e+01 -1.076380052165752659e+03 1.653662977970660819e+01 -1.118453321206454234e+02 2.173858399399374264e+02 1.659906083088823152e+02 8.928513872691578968e+01 -3.828252302437676917e+02 -1.613158637675222735e+02 2.078679110404680728e+02 2.938705450621891941e+02 4.915856426587605483e+02 2.446531179428720293e+02 -2.568386297617274181e+02 -4.050667055848761038e+02 -3.342601678942318131e+02 -6.235949674399583955e+02 -5.738905795290041851e+02 3.812759711448596818e+02 -2.036253418665240247e+02 7.161459987160525316e+02 -3.018095678056965880e+00 -4.893426280187900943e+02 4.524422268639871163e+02 1.402490976025869145e+02 -4.130697972383268848e+02 5.619761313915182654e+01 1.236927537999506086e+02 -3.124169367683371661e+02 -1.176909410000674541e+02 4.914753729145278385e+02 -3.424905574483947248e+02 -9.646814878667000812e+02 1.270234389493668203e+01 -2.166477588254010129e+02 -7.651094220403811619e+01 1.495295533232680043e+02 1.198483916602618251e+02 4.515184916795425352e+01 5.298013289336239495e+02 1.333154926634994979e+02 -7.574453326818296546e+02 -6.656372302476585219e+02
0.000000000000000000e+00 -2.842170943040400743e-14 0.000000000000000000e+00 0.000000000000000000e+00 0.000000000000000000e+00 0.000000000000000000e+00 0.000000000000000000e+00 0.000000000000000000e+00 0.000000000000000000e+00 0.000000000000000000e+00 0.000000000000000000e+00 0.000000000000000000e+00 0.000000000000000000e+00 -5.684341886080801487e-14 0.000000000000000000e+00 0.000000000000000000e+00 0.000000000000000000e+00 5.684341886080801487e-14 0.000000000000000000e+00 0.000000000000000000e+00 -2.273736754432320595e-13 0.000000000000000000e+00 0.000000000000000000e+00 0.000000000000000000e+00 0.000000000000000000e+00 0.000000000000000000e+00 0.000000000000000000e+00 0.000000000000000000e+00 0.000000000000000000e+00 0.000000000000000000e+00 0.000000000000000000e+00 0.000000000000000000e+00 0.000000000000000000e+00 0.000000000000000000e+00 0.000000000000000000e+00 0.000000000000000000e+00 0.000000000000000000e+00 0.000000000000000000e+00 -2.842170943040400743e-14 0.000000000000000000e+00 0.000000000000000000e+00 -4.839193526060197996e+02 -2.525709947214797069e+02 1.395531095671507593e+01 -1.801465629932515071e+02 4.011179084041758074e+02 -4.260536881008821979e+02 9.540063418718244037e+00 2.273810240144541410e+02 -6.635585235622613709e+02 -3.667183868205736985e+02 -6.890684712257308320e+02 -8.257139376582091472e+01 -9.198167058302597354e+01 1.642668751871046595e+02 -5.724342531462747274e+02 -1.257720104393620346e+02 1.137444211052017806e+01 2.991925236568314403e+02 -1.313959578182903272e+02 -1.700169231038060786e+02 -3.451090055674036989e+02 3.418684786351965386e+02 2.744224368784998802e+01 8.562352352288124280e+01 1.933815562114827742e+02 -5.848234511721390163e+02 -2.830544275394555029e+02 -4.248529293588580344e+02 8.907141145727936191e+02 8.787610603321851386e+02 4.723575322302188511e+02 1.232342761982932302e+02 3.208900756990194623e+02 -2.317520980821289811e+01 3.000608189417858966e+02 4.072267230846437087e+02 -5.784929382162657703e+02 2.008197288250537724e+02 -1.064736507575619129e+01 -3.032961001395388507e+02 -5.089229002703682170e+01 9.357334641743336761e+02 -5.166831538613963630e+02 -2.374218277113822069e+02 4.141854530395730194e+02 -1.061447504532278998e+02 1.648046987359680884e+02 -3.283990157351909147e+02 7.406447901813774024e+02 9.834850264924432039e+00 -1.795296135128162973e+02 -5.330151325517837790e+01 -3.063604420877208412e+00 -2.739886760544279127e+02 -5.579380739084188008e+02 -1.027399243499037766e+03 3.993505184760452948e+02 1.246414220258388013e+03 4.143444441996479668e+02
-7.105427357601001859e-15 0.000000000000000000e+00 0.000000000000000000e+00 0.000000000000000000e+00 0.000000000000000000e+00 0.000000000000000000e+00 5.684341886080801487e-14 0.000000000000000000e+00 0.000000000000000000e+00 0.000000000000000000e+00 0.000000000000000000e+00 -2.273736754432320595e-13 0.000000000000000000e+00 0.000000000000000000e+00 0.000000000000000000e+00 0.000000000000000000e+00 0.000000000000000000e+00 0.000000000000000000e+00 0.000000000000000000e+00 0.000000000000000000e+00 0.000000000000000000e+00 0.000000000000000000e+00 0.000000000000000000e+00 0.000000000000000000e+00 0.000000000000000000e+00 0.000000000000000000e+00 0.000000000000000000e+00 0.000000000000000000e+00 0.000000000000000000e+00 2.842170943040400743e-14 0.000000000000000000e+00 0.000000000000000000e+00 0.000000000000000000e+00 0.000000000000000000e+00 0.000000000000000000e+00 0.000000000000000000e+00 0.000000000000000000e+00 2.842170943040400743e-14 0.000000000000000000e+00 0.000000000000000000e+00 0.000000000000000000e+00 0.000000000000000000e+00 7.905906431947846613e+01 1.748313745380710884e+02 3.815597983472588339e+01 -5.025126608321588151e+02 -2.305594531798549269e+02 3.122097398635851846e+02 -1.341866142446753258e+02 -6.107827516327351987e+02 -2.954044661488288739e+02 -5.052807462758215706e+02 6.573805793850588088e+02 -5.769574242803724928e+02 1.328711841379099781e+02 -2.173208020930303519e+00 6.923183431328693587e+02 6.062270610872280940e+02 8.756473408058235464e+02 -1.442170551954153837e+02 -6.773832979022191125e+01 -1.821747206256162599e+01 -1.716370671426756189e+01 7.001562857212492474e+01 1.388504069783695627e+02 4.507383976707569104e+02 1.583332213979240350e+02 -1.781576680022439234e+02 -5.019641423177689603e+02 1.301130133377162110e+02 5.016408952083600070e+01 5.311489184138757764e+02 2.168691948108169072e+02 3.083485993252215849e+02 1.015143473595161936e+03 -4.820333968549634847e+02 2.769323312249380820e+02 -6.308561173225012908e+02 1.643822819832806204e+02 7.673388765945577461e+02 -6.041375713308277682e+02 -3.427998018626854559e+02 8.628744206953297180e+01 -2.804029083335653354e+02 -1.203785425259122235e+02 4.173256764220352011e+02 6.356370055217853121e+01 -5.043598718531087570e+02 4.328969863278625212e+02 6.499860476559424569e+02 1.166277389090216019e+02 3.230291359176962942e+02 -1.507565466535201892e+02 1.460714613998970890e+02 -3.596561886845166782e+02 1.743885412242082111e+01 -1.211898146330850068e+02 -3.485442474243970992e+02 7.250544978711842532e+02 2.945453024185306390e+02
0.000000000000000000e+00 0.000000000000000000e+00 0.000000000000000000e+00 0.000000000000000000e+00 0.000000000000000000e+00 0.000000000000000000e+00 0.000000000000000000e+00 0.000000000000000000e+00 -2.842170943040400743e-14 0.000000000000000000e+00 0.000000000000000000e+00 0.000000000000000000e+00 0.000000000000000000e+00 0.000000000000000000e+00 0.000000000000000000e+00 0.000000000000000000e+00 0.000000000000000000e+00 0.000000000000000000e+00 0.000000000000000000e+00 0.000000000000000000e+00 -5.684341886080801487e-14 0.000000000000000000e+00 0.000000000000000000e+00 0.000000000000000000e+00 0.000000000000000000e+00 0.000000000000000000e+00 0.000000000000000000e+00 0.000000000000000000e+00 0.000000000000000000e+00 0.000000000000000000e+00 1.421085471520200372e-14 0.000000000000000000e+00 0.000000000000000000e+00 0.000000000000000000e+00 0.000000000000000000e+00 0.000000000000000000e+00 0.000000000000000000e+00 0.000000000000000000e+00 0.000000000000000000e+00 0.000000000000000000e+00 0.000000000000000000e+00 0.000000000000000000e+00 0.000000000000000000e+00 6.901368310669668062e+02 1.609480285477032879e+01 -6.190015549253398603e+02 -4.209595649788919900e+02 8.704660309123437401e+02 -7.721278480961399282e+02 -5.623357853442848864e+01 -9.198480743493252021e+01 -1.884865475504897177e+02 1.049298387101732260e+03 -7.390283970587749991e+02 -9.651092871526930139e+02 6.578692303728633988e+02 1.492229315678502644e+03 6.453127367894005602e+02 4.910454253575094299e+02 -3.822324314137449619e+01 4.648160236433077444e+02 5.497636137860504277e+02 -5.101208895919958763e+02 2.081942349964627965e+02 2.281587216700889371e+02 1.946223904093591273e+02 6.553180923488296230e+02 -3.100565797462447790e+02 -6.566579394061204766e+01 -4.171043856433338419e+02 -1.134882919867708779e+03 3.051361137158899055e+02 5.865493269461251202e+02 9.991702672293371279e+01 2.150965625441860084e+03 -1.481652260727562862e+03 1.609423596185189353e+01 -1.697400051969323158e+02 1.899928673524280498e+02 1.548134246467775483e+03 -6.405364135772226746e+02 -4.275960212602229831e+02 -8.480530920816265734e+02 4.283179387631282680e+02 1.089061117607012079e+02 3.157578385642553940e+02 3.104184484555389645e+02 -8.407572296051444027e+02 1.170291727962046707e+03 -9.490932494911589856e+01 -2.518542966673500700e+02 9.946178499293623645e+02 -9.873712553835997596e+01 3.579358915866904454e+02 7.251712997043387077e+01 5.853429232258295087e+02 7.901842995568147217e+02 -9.164262883803144177e+02 -4.932134540940364786e+01 -8.228439873880893174e+01
0.000000000000000000e+00 0.000000000000000000e+00 0.000000000000000000e+00 0.000000000000000000e+00 0.000000000000000000e+00 0.000000000000000000e+00 0.000000000000000000e+00 0.000000000000000000e+00 -2.220446049250313081e-16 0.000000000000000000e+00 2.842170943040400743e-14 0.000000000000000000e+00 0.000000000000000000e+00 0.000000000000000000e+00 0.000000000000000000e+00 0.000000000000000000e+00 0.000000000000000000e+00 0.000000000000000000e+00 0.000000000000000000e+00 0.000000000000000000e+00 0.000000000000000000e+00 0.000000000000000000e+00 0.000000000000000000e+00 0.000000000000000000e+00 0.000000000000000000e+00 0.000000000000000000e+00 -2.273736754432320595e-13 0.000000000000000000e+00 0.000000000000000000e+00 0.000000000000000000e+00 0.000000000000000000e+00 0.000000000000000000e+00 0.000000000000000000e+00 0.000000000000000000e+00 0.000000000000000000e+00 0.000000000000000000e+00 0.000000000000000000e+00 1.421085471520200372e-14 0.000000000000000000e+00 0.000000000000000000e+00 0.000000000000000000e+00 0.000000000000000000e+00 0.000000000000000000e+00 0.000000000000000000e+00 -2.882105198782014099e+02 3.739216053927369785e+02 1.603262645068434722e+02 9.678760948205679426e+01 2.877440723969372272e+01 -1.646507816528470585e+02 -3.616879445201878980e+02 -7.011603562162500225e+01 -3.194841690019351432e+01 2.895815496313705140e+01 -2.569726169854188811e+02 -1.042600252693967775e+02 1.537039383998144615e+02 1.054383982336375283e+02 -2.914046892776560753e+02 4.249244080321553696e+01 9.609617520138230873e+01 1.696479155788060496e+02 1.032909900415282323e+02 -3.820466766326477170e+01 -1.089062057460293147e+02 1.695654449361526162e+01 -3.222722935732700194e+02 -7.250370219995582488e+01 3.460434372385939810e+02 4.645975330183687788e+02 -2.429908450434039366e+02 1.271380646174626179e+02 -3.878398844097657161e+01 -8.782414369329686110e+01 -2.793793294254733155e+02 -3.681343079319836420e+01 3.102180939957107597e+01 2.941434052587105157e+02 1.035587463353439119e+02 -9.434682543822016498e+01 2.952211878030334447e+02 1.887037175239973976e+02 -2.990568568507793401e+01 -2.204838190567484730e+02 1.239865977569311184e+02 -9.496609900913200875e+01 -1.210565536804149929e+02 3.290343353996215114e+02 -4.283137356924520986e+02 -2.568934278977650933e+02 -2.402753924598529167e+01 7.285494664210975202e+01 2.053809633088307578e+02 1.532495182252230848e+02 1.512993621985831396e+02 -1.744222829733624280e+02 5.966283443123549546e+01 3.124352677113200230e+02 -1.536276475903282517e+02 -1.250132581726895040e+02
3.552713678800500929e-15 0.000000000000000000e+00 0.000000000000000000e+00 0.000000000000000000e+00 0.000000000000000000e+00 0.000000000000000000e+00 5.684341886080801487e-14 0.000000000000000000e+00 0.000000000000000000e+00 0.000000000000000000e+00 -5.684341886080801487e-14 0.000000000000000000e+00 0.000000000000000000e+00 0.000000000000000000e+00 0.000000000000000000e+00 0.000000000000000000e+00 0.000000000000000000e+00 -2.842170943040400743e-14 0.000000000000000000e+00 0.000000000000000000e+00 0.000000000000000000e+00 0.000000000000000000e+00 0.000000000000000000e+00 0.000000000000000000e+00 0.000000000000000000e+00 0.000000000000000000e+00 0.000000000000000000e+00 0.000000000000000000e+00 0.000000000000000000e+00 1.421085471520200372e-14 -7.105427357601001859e-15 0.000000000000000000e+00 0.000000000000000000e+00 0.000000000000000000e+00 0.000000000000000000e+00 0.000000000000000000e+00 0.000000000000000000e+00 0.000000000000000000e+00 0.000000000000000000e+00 0.000000000000000000e+00 0.000000000000000000e+00 0.000000000000000000e+00 0.000000000000000000e+00 0.000000000000000000e+00 0.000000000000000000e+00 3.213760152644093750e+02 3.377184850145474115e+02 6.952548554376411971e+01 -4.455581269176817045e+02 1.446438527222785524e+03 1.122121582657438921e+03 1.252630722471893250e+03 -8.052787228513532227e+02 8.370396158781288705e+02 -5.794923227232291083e+02 5.977705361632796439e+02 -8.546946492511757469e+02 -7.602403026122902929e+02 -1.421583838535970244e+03 3.159938959851965592e+02 2.723053765197895473e+02 2.576421614066607617e+02 -2.039980362337130089e+02 -8.398399007365102875e+01 -2.831400833954264726e+02 -8.333395604280394764e+02 6.641985474279160826e+02 3.344077278783314000e+02 8.545619297241362347e+02 -9.660001282193416046e+02 -8.072541640980846296e+02 -1.182293348860620426e+03 -1.959884804101279201e+02 -7.423546461989864156e+02 -7.443148965255130634e+02 6.637214767619684608e+01 -4.419085629534231998e+02 9.786770655863501815e+02 -3.595133708056694104e+02 -5.086175441260780303e+02 8.687126308088968472e+02 3.630882985293092133e+02 -7.553855848186281037e+02 1.093487271670196378e+03 2.415765792694005256e+02 -8.050502650059396501e+02 2.916092592123270606e+02 3.030235738513702586e+02 -5.922883522511938281e+00 -1.472808960956195051e+03 -3.117729567053414712e+02 -1.795170653182134970e+02 4.582628606094070278e+01 -4.884981933077798431e+02 6.476410603938999202e+02 4.504180994858382974e+02 1.026534589794228395e+03 -3.628838622675590386e+02 -1.568714988720494603e+03 -6.926100431895504244e+02
-4.440892098500626162e-16 0.000000000000000000e+00 0.000000000000000000e+00 0.000000000000000000e+00 0.000000000000000000e+00 0.000000000000000000e+00 0.000000000000000000e+00 0.000000000000000000e+00 0.000000000000000000e+00 0.000000000000000000e+00 0.000000000000000000e+00 0.000000000000000000e+00 0.000000000000000000e+00 0.000000000000000000e+00 0.000000000000000000e+00 0.000000000000000000e+00 0.000000000000000000e+00 0.000000000000000000e+00 0.000000000000000000e+00 0.000000000000000000e+00 0.000000000000000000e+00 0.000000000000000000e+00 0.000000000000000000e+00 0.000000000000000000e+00 0.000000000000000000e+00 0.000000000000000000e+00 0.000000000000000000e+00 0.000000000000000000e+00 0.000000000000000000e+00 0.000000000000000000e+00 0.000000000000000000e+00 0.000000000000000000e+00 -2.273736754432320595e-13 0.000000000000000000e+00 0.000000000000000000e+00 0.000000000000000000e+00 0.000000000000000000e+00 0.000000000000000000e+00 0.000000000000000000e+00 0.000000000000000000e+00 0.000000000000000000e+00 0.000000000000000000e+00 0.000000000000000000e+00 0.000000000000000000e+00 0.000000000000000000e+00 0.000000000000000000e+00 -2.384349172427719736e+02 2.273914029543327899e+02 2.893040667223795026e+02 -6.434936337313697550e+02 -1.893104670522654942e+02 -1.886589225933042826e+02 -2.204729039024695396e+02 6.906749159647645797e+01 3.025974641748886711e+02 -1.355914045223179869e+02 -2.833018517792690432e+02 2.502627052905085634e+02 2.128277856861271573e+02 -1.639727500610780737e+02 -5.936072413024347583e+01 -9.968085451542840758e+01 4.885809120478281784e+02 -1.498279471837123644e+01 -8.572619701373892553e+01 -1.362866327047248660e+01 -1.902935297482846977e+02 2.625724474165094691e+01 -3.017200175246916842e+02 3.767104409723857543e+02 1.438265855699239069e+02 4.015235335616475822e+02 1.794964090497483085e+02 5.491417869034360422e+01 6.649057284209025909e+01 -6.514212569972136180e+01 5.752804990566681909e+01 -5.500173331995870285e+02 -1.778057138571167002e+02 1.597648424332142554e+02 -1.308795735449722031e+02 -2.521412450830368925e+02 6.433871084134447074e+02 -3.290156761370290042e+02 1.132741846542892006e+02 1.986833329929845888e+02 -2.431411894033540193e+02 -8.177868085962387568e+01 -3.346814648415992224e+02 4.865278792778560160e+02 1.422892247589764452e+02 -1.937700516261167536e+02 2.518307633024975587e+02 -2.653756343966605158e+01 5.098960848450204253e+00 -3.045306593963283603e+02 -4.032417805398214909e+02 -4.448539580280218075e+01 6.446909094034074315e+02 3.845407977175089513e+02
0.000000000000000000e+00 0.000000000000000000e+00 0.000000000000000000e+00 0.000000000000000000e+00 0.000000000000000000e+00 0.000000000000000000e+00 5.684341886080801487e-14 2.842170943040400743e-14 0.000000000000000000e+00 0.000000000000000000e+00 0.000000000000000000e+00 0.000000000000000000e+00 0.000000000000000000e+00 0.000000000000000000e+00 0.000000000000000000e+00 0.000000000000000000e+00 0.000000000000000000e+00 0.000000000000000000e+00 0.000000000000000000e+00 0.000000000000000000e+00 0.000000000000000000e+00 0.000000000000000000e+00 0.000000000000000000e+00 0.000000000000000000e+00 0.000000000000000000e+00 0.000000000000000000e+00 0.000000000000000000e+00 5.684341886080801487e-14 0.000000000000000000e+00 0.000000000000000000e+00 0.000000000000000000e+00 -2.273736754432320595e-13 0.000000000000000000e+00 0.000000000000000000e+00 0.000000000000000000e+00 0.000000000000000000e+00 0.000000000000000000e+00 0.000000000000000000e+00 0.000000000000000000e+00 0.000000000000000000e+00 0.000000000000000000e+00 0.000000000000000000e+00 0.000000000000000000e+00 5.684341886080801487e-14 0.000000000000000000e+00 0.000000000000000000e+00 0.000000000000000000e+00 4.923892083009898784e+02 -1.710875107117077505e+02 2.904017828115755947e+03 3.519747475411174491e+03 3.589331934961174738e+03 -3.040576392229269004e+03 2.715784042032018533e+03 -8.059527563981155254e+02 1.497943125970866504e+03 -3.500943363095118002e+03 -2.276886468501789750e+03 -2.865572943916360600e+03 8.622142046511171429e+02 8.664155146111093018e+02 5.067779684392934314e+02 5.135878208010897197e+02 -7.246264303102615258e+02 -7.825582829299604555e+02 -2.396384603054936633e+03 2.147801173146087876e+03 7.877023486037660405e+02 1.137551665937187408e+03 -3.186725624075778342e+03 -1.991446049977273105e+03 -2.773256963664888190e+03 9.671911171271631247e+01 -1.482416063160755584e+03 -1.490810474546838122e+03 -6.343024786860819404e+02 -1.115135794158954468e+03 6.744008414807938152e+02 -1.880102793355039239e+03 -5.524588068627883786e+02 1.812358849421811556e+03 5.210362126935212927e+02 -2.325610039694943225e+02 2.771768786372474551e+03 6.284737163971599330e+02 -1.684091355230154477e+03 9.706654095739378363e+02 1.193173512051404828e+02 -2.928547337691304620e+02 -2.243675912667255943e+03 -6.102244577461102608e+02 -8.072361561050017826e+02 6.456651265781133588e+02 -2.486065949673343312e+03 2.130899317378159594e+03 5.279017323706043499e+02 2.269413782282184002e+03 -2.314543725844824166e+03 -2.509262188349805001e+03 -1.930128886395293648e+02
0.000000000000000000e+00 0.000000000000000000e+00 0.000000000000000000e+00 0.000000000000000000e+00 0.000000000000000000e+00 0.000000000000000000e+00 -5.684341886080801487e-14 0.000000000000000000e+00 0.000000000000000000e+00 0.000000000000000000e+00 0.000000000000000000e+00 0.000000000000000000e+00 0.000000000000000000e+00 0.000000000000000000e+00 0.000000000000000000e+00 0.000000000000000000e+00 0.000000000000000000e+00 0.000000000000000000e+00 0.000000000000000000e+00 0.000000000000000000e+00 0.000000000000000000e+00 0.000000000000000000e+00 0.000000000000000000e+00 0.000000000000000000e+00 0.000000000000000000e+00 0.000000000000000000e+00 0.000000000000000000e+00 0.000000000000000000e+00 0.000000000000000000e+00 0.000000000000000000e+00 0.000000000000000000e+00 0.000000000000000000e+00 0.000000000000000000e+00 0.000000000000000000e+00 0.000000000000000000e+00 0.000000000000000000e+00 0.000000000000000000e+00 0.000000000000000000e+00 0.000000000000000000e+00 0.000000000000000000e+00 0.000000000000000000e+00 0.000000000000000000e+00 0.000000000000000000e+00 -1.136868377216160297e-13 0.000000000000000000e+00 0.000000000000000000e+00 0.000000000000000000e+00 0.000000000000000000e+00 -4.023821313209138566e+02 3.597055477153037828e+03 3.174384387187335960e+03 3.327201014845347800e+03 -1.675860516400080542e+03 1.896648139253512454e+03 -1.873615569625867465e+03 1.585046671721675693e+03 -1.627135184156944888e+03 -2.423483482458411345e+03 -2.769153027196354742e+03 1.113514106745518347e+03 1.174482558644247092e+03 1.057329053291322680e+03 -5.748105807647107213e+02 -5.646333575599663845e+02 -2.751587387101976674e+02 -1.943946230562943356e+03 1.953429639668430127e+03 3.285365294148982684e+02 1.491629960122285183e+03 -3.428491689001773921e+03 -2.374274173247053113e+03 -2.849480884884735588e+03 -1.965166307711626814e+01 -1.209291753364984970e+03 -7.359211552884505636e+02 -1.032846874051223949e+03 -1.249904200323787336e+03 1.650652350776059848e+03 -1.214983491220741143e+03 -5.200153539365371671e+02 1.576485365288262528e+03 9.121591251960062436e+02 -1.536368932773962797e+03 2.806647897143934642e+03 3.958979021758627255e+02 -1.559901793129973612e+03 1.358135317882439267e+03 1.506607845521645288e+02 6.953826413563157303e+02 -2.813949146707450836e+03 -9.479770917075345551e+02 2.703516044161531227e+02 6.888273915762886190e+01 -1.710254442898654361e+03 2.044756153790895496e+03 1.006831315322812088e+03 2.880026561697407942e+03 -1.931211174385764934e+03 -3.410607090061396320e+03 -5.729394182848798209e+02
0.000000000000000000e+00 0.000000000000000000e+00 0.000000000000000000e+00 0.000000000000000000e+00 0.000000000000000000e+00 0.000000000000000000e+00 0.000000000000000000e+00 -5.684341886080801487e-14 0.000000000000000000e+00 0.000000000000000000e+00 0.000000000000000000e+00 0.000000000000000000e+00 0.000000000000000000e+00 0.000000000000000000e+00 0.000000000000000000e+00 0.000000000000000000e+00 0.000000000000000000e+00 0.000000000000000000e+00 0.000000000000000000e+00 0.000000000000000000e+00 0.000000000000000000e+00 0.000000000000000000e+00 0.000000000000000000e+00 0.000000000000000000e+00 0.000000000000000000e+00 0.000000000000000000e+00 0.000000000000000000e+00 -5.684341886080801487e-14 0.000000000000000000e+00 0.000000000000000000e+00 0.000000000000000000e+00 0.000000000000000000e+00 0.000000000000000000e+00 0.000000000000000000e+00 0.000000000000000000e+00 0.000000000000000000e+00 0.000000000000000000e+00 0.000000000000000000e+00 0.000000000000000000e+00 0.000000000000000000e+00 -7.105427357601001859e-15 0.000000000000000000e+00 0.000000000000000000e+00 0.000000000000000000e+00 0.000000000000000000e+00 0.000000000000000000e+00 0.000000000000000000e+00 0.000000000000000000e+00 -2.842170943040400743e-14 5.164315430688352535e+03 4.828801760091941105e+03 5.170438257153261475e+03 -3.831122828782680699e+03 3.421055424790471534e+03 -2.236964625069674184e+03 1.987138570725274349e+03 -3.924011616745312040e+03 -4.195274610465781734e+03 -4.068249058750450786e+03 1.934782476628729682e+03 1.663293128898648774e+03 1.203250015992635781e+03 -2.462281465852540805e+02 -1.160416067893064110e+03 -4.794959213490858474e+02 -3.279057333256359016e+03 2.769807667978894642e+03 6.283034553671225240e+02 1.916330323085938289e+03 -5.288116716330796407e+03 -2.896315487976653912e+03 -4.056989546401646294e+03 3.629913901893399384e+02 -1.560804757751285479e+03 -2.086139267709136220e+03 -1.097197757272433819e+03 -1.755285528403564740e+03 1.810952843319616932e+03 -2.286057793231596406e+03 -1.055915719083083331e+03 2.677713456671316635e+03 1.677887692847800054e+03 -1.097494244998034219e+03 4.297038116030493256e+03 5.872856524408393852e+02 -2.469849254634544195e+03 1.802773998584516903e+03 2.781694755132928094e+02 2.489868887610233514e+02 -3.283930598696177185e+03 -1.370423873998533736e+03 -4.167611974378809236e+02 5.765869163126554895e+02 -3.634804548865409743e+03 3.243996811252449788e+03 7.833995268787494979e+02 3.422070977442409458e+03 -3.126830149345641075e+03 -4.516022187529842085e+03 -1.957074085789667492e+02
0.000000000000000000e+00 0.000000000000000000e+00 0.000000000000000000e+00 0.000000000000000000e+00 0.000000000000000000e+00 0.000000000000000000e+00 0.000000000000000000e+00 2.842170943040400743e-14 0.000000000000000000e+00 0.000000000000000000e+00 0.000000000000000000e+00 0.000000000000000000e+00 0.000000000000000000e+00 0.000000000000000000e+00 0.000000000000000000e+00 0.000000000000000000e+00 -4.547473508864641190e-13 0.000000000000000000e+00 7.105427357601001859e-15 0.000000000000000000e+00 0.000000000000000000e+00 0.000000000000000000e+00 0.000000000000000000e+00 0.000000000000000000e+00 0.000000000000000000e+00 0.000000000000000000e+00 0.000000000000000000e+00 -5.684341886080801487e-14 0.000000000000000000e+00 0.000000000000000000e+00 0.000000000000000000e+00 0.000000000000000000e+00 0.000000000000000000e+00 0.000000000000000000e+00 0.000000000000000000e+00 0.000000000000000000e+00 0.000000000000000000e+00 0.000000000000000000e+00 0.000000000000000000e+00 0.000000000000000000e+00 0.000000000000000000e+00 0.000000000000000000e+00 0.000000000000000000e+00 0.000000000000000000e+00 0.000000000000000000e+00 0.000000000000000000e+00 0.000000000000000000e+00 0.000000000000000000e+00 7.105427357601001859e-15 0.000000000000000000e+00 1.012101647440222223e+02 8.324994668227918737e+01 -4.841924499899078000e+02 3.841131667809552255e+02 4.265353047716163246e+02 2.297371414318881762e+02 -6.590478697496962468e+02 -3.543782323293089576e+01 -3.154646845163615581e+02 -1.858087148197463421e+02 -1.631139704870963669e+01 -6.953356767176364883e+01 2.342848575669736988e+02 9.121856732727337658e+00 -2.693170588433488888e+02 -2.943082248042969695e+02 2.171820613896866234e+02 4.590789311819830232e+02 2.103622157723923465e+02 4.471357587087277352e+01 -1.819456805883853576e+02 -1.754617100011666935e+02 -1.655568807557597211e+02 -1.987698117571810599e+02 -3.966317579392070911e+02 5.314629588882064581e+01 -1.329761598739760302e+02 4.108779573530046036e+01 -3.028356577468694013e+02 -8.082371825094674023e+01 -2.007547351673065350e+01 -3.342895913185893733e+02 4.333738944210062982e+01 8.663423612702285936e+01 2.815917776451884720e+02 -3.190505449896752452e+02 -5.449828305358963689e+02 1.204229992709327064e+02 -3.548449357855851645e+02 -2.796720783424591446e+02 4.452815882769937161e+01 -3.463583343725093755e+02 4.134576263976227324e+02 1.488556278918263160e+02 3.191094136086749131e+02 -2.551727871860816776e+01 -2.050507784848605297e+00 4.673340072053497352e+01 -2.520220205226246435e+02 5.349797932715746640e+01
0.000000000000000000e+00 0.000000000000000000e+00 0.000000000000000000e+00 0.000000000000000000e+00 0.000000000000000000e+00 0.000000000000000000e+00 0.000000000000000000e+00 2.842170943040400743e-14 0.000000000000000000e+00 0.000000000000000000e+00 0.000000000000000000e+00 0.000000000000000000e+00 0.000000000000000000e+00 0.000000000000000000e+00 0.000000000000000000e+00 0.000000000000000000e+00 0.000000000000000000e+00 0.000000000000000000e+00 0.000000000000000000e+00 0.000000000000000000e+00 0.000000000000000000e+00 0.000000000000000000e+00 0.000000000000000000e+00 0.000000000000000000e+00 0.000000000000000000e+00 0.000000000000000000e+00 0.000000000000000000e+00 0.000000000000000000e+00 0.000000000000000000e+00 0.000000000000000000e+00 0.000000000000000000e+00 0.000000000000000000e+00 0.000000000000000000e+00 0.000000000000000000e+00 0.000000000000000000e+00 0.000000000000000000e+00 0.000000000000000000e+00 0.000000000000000000e+00 0.000000000000000000e+00 0.000000000000000000e+00 0.000000000000000000e+00 0.000000000000000000e+00 -1.421085471520200372e-14 0.000000000000000000e+00 0.000000000000000000e+00 -2.273736754432320595e-13 0.000000000000000000e+00 0.000000000000000000e+00 0.000000000000000000e+00 0.000000000000000000e+00 0.000000000000000000e+00 -2.196380658718851464e+02 5.952723738913460920e+02 -4.134710864825763110e+02 -6.789384242195642400e+02 -3.874441257242278880e+02 8.360040775512138680e+02 3.060564718665446549e+02 3.801565389657322385e+02 4.718317842495061996e+02 -3.702931805466721471e+02 -3.523076622488764542e+01 -2.069529369186723784e+02 -2.237129055349563487e+02 6.285905669669633653e+02 4.649242530490184322e+02 -6.924378251351274685e+02 -7.288382124350457616e+02 -5.454315963869796633e+02 -1.756861831148017643e+02 6.532960048015778511e+02 2.863005028168110471e+02 3.758233775176428253e+02 1.577921200392975152e+02 4.531264260714268630e+02 8.762969797887561185e+01 5.429176474518490068e+02 -9.758140929957168908e+01 4.563625446024339567e+02 1.495454013621611011e-03 4.377524243643926383e+01 5.395668786083452915e+02 3.442864800134553889e+02 4.013377025842405033e+01 -3.264456622187159383e+02 4.098664247249764685e+02 9.768451247959436614e+02 -1.350889929359331632e+01 4.769432427735083593e+02 4.887343382623799357e+02 -8.312638697067453109e+01 2.120017946620755538e+02 -7.513559844216005104e+02 -5.454968151311882139e+02 -8.551773505129449404e+02 -1.262962804678785602e+02 -3.038609059177114773e+02 7.402489625249202732e+01 7.822911874054459531e+02 -1.032081703572300029e+02
0.000000000000000000e+00 0.000000000000000000e+00 0.000000000000000000e+00 0.000000000000000000e+00 0.000000000000000000e+00 0.000000000000000000e+00 0.000000000000000000e+00 0.000000000000000000e+00 1.776356839400250465e-15 0.000000000000000000e+00 0.000000000000000000e+00 0.000000000000000000e+00 0.000000000000000000e+00 0.000000000000000000e+00 0.000000000000000000e+00 0.000000000000000000e+00 0.000000000000000000e+00 0.000000000000000000e+00 0.000000000000000000e+00 0.000000000000000000e+00 0.000000000000000000e+00 -2.273736754432320595e-13 0.000000000000000000e+00 5.684341886080801487e-14 0.000000000000000000e+00 0.000000000000000000e+00 0.000000000000000000e+00 0.000000000000000000e+00 0.000000000000000000e+00 -5.684341886080801487e-14 0.000000000000000000e+00 -2.273736754432320595e-13 0.000000000000000000e+00 0.000000000000000000e+00 0.000000000000000000e+00 0.000000000000000000e+00 0.000000000000000000e+00 0.000000000000000000e+00 1.136868377216160297e-13 0.000000000000000000e+00 0.000000000000000000e+00 0.000000000000000000e+00 0.000000000000000000e+00 0.000000000000000000e+00 0.000000000000000000e+00 0.000000000000000000e+00 0.000000000000000000e+00 0.000000000000000000e+00 0.000000000000000000e+00 0.000000000000000000e+00 0.000000000000000000e+00 0.000000000000000000e+00 1.604977933118294231e+03 -9.860315101054839033e+02 -1.750824842236027962e+03 -5.561235870877577554e+02 2.292626666967973961e+03 1.933105556035599193e+01 7.675474819082960494e+02 1.131115006828627202e+03 -1.602741919429182360e+02 2.975383154126771501e+02 -6.117785035217702898e+02 -5.420667066547719060e+02 1.121221770807002031e+03 1.012804335424589453e+03 -9.986835445817182517e+02 -2.029061650854495838e+03 -7.705687626765713958e+02 -4.689375186644730320e+02 5.365402551982285786e+02 5.410100175841438386e+02 6.758105795505334754e+02 5.350483150002959292e+02 1.433835869712494286e+03 -8.049350932820494791e+02 6.672472186293459799e+02 -1.195804153278499626e+02 8.083831285616577134e+02 5.460512274882186148e+02 2.985453788769719381e+02 1.358540830933015968e+03 2.176665127236347530e+02 4.667834924863465318e+01 -7.026713557427988235e+02 6.524507378285991308e+02 2.319492735300416825e+03 -5.850248245877479576e+02 1.265389737509136921e+03 8.450298490944492187e+02 -3.414069263091723769e+02 1.215200899889150378e+03 -1.275978241916817296e+03 -9.371297603025778926e+02 -1.130180301493390516e+03 1.055069370037185195e+01 3.461071623246978106e+02 -3.235132350881264642e+02 1.323524814397000227e+03 -1.847133305381716184e+01
0.000000000000000000e+00 -2.842170943040400743e-14 0.000000000000000000e+00 0.000000000000000000e+00 0.000000000000000000e+00 0.000000000000000000e+00 0.000000000000000000e+00 0.000000000000000000e+00 0.000000000000000000e+00 0.000000000000000000e+00 0.000000000000000000e+00 0.000000000000000000e+00 0.000000000000000000e+00 0.000000000000000000e+00 0.000000000000000000e+00 0.000000000000000000e+00 0.000000000000000000e+00 0.000000000000000000e+00 0.000000000000000000e+00 0.000000000000000000e+00 0.000000000000000000e+00 0.000000000000000000e+00 0.000000000000000000e+00 0.000000000000000000e+00 0.000000000000000000e+00 0.000000000000000000e+00 2.273736754432320595e-13 0.000000000000000000e+00 0.000000000000000000e+00 0.000000000000000000e+00 0.000000000000000000e+00 0.000000000000000000e+00 0.000000000000000000e+00 0.000000000000000000e+00 0.000000000000000000e+00 0.000000000000000000e+00 0.000000000000000000e+00 0.000000000000000000e+00 0.000000000000000000e+00 0.000000000000000000e+00 0.000000000000000000e+00 -4.440892098500626162e-16 0.000000000000000000e+00 0.000000000000000000e+00 0.000000000000000000e+00 0.000000000000000000e+00 0.000000000000000000e+00 0.000000000000000000e+00 0.000000000000000000e+00 0.000000000000000000e+00 0.000000000000000000e+00 0.000000000000000000e+00 -1.136868377216160297e-13 2.462872847077727556e+02 -3.909875345245815197e+02 5.890165783697904089e+01 1.276280087972324964e+02 -1.752641489179918040e+02 -5.313240684936027947e+01 7.445402789546146778e+02 -4.509653220218440310e+02 -1.274952962237498468e+02 -3.196673272935790919e+02 -3.330387204644182475e+02 6.525597207428127149e+02 8.527731931119478759e+01 -4.906964661440231339e+02 -6.295047766107757070e+02 -1.093317352649159488e+02 -2.888606938427543014e+02 1.913898952973773362e+02 3.913982798199486979e+01 3.600358933056866704e+02 -3.704366518696559751e+01 1.508831367745727903e+02 -4.363501136508976970e+02 4.759704178173879541e+02 -1.257766793762264399e+02 -3.189029343269902483e+01 9.218768352921890141e+01 9.798398138849523775e+01 4.488132602858885321e+02 3.495127258097667209e+02 4.136960694148577318e+02 1.403715830951955468e+02 1.024377456297575577e+02 5.882466509392104399e+02 7.552549766142061571e+01 -3.923149587340355993e+01 2.545495375805655840e+02 -5.417703140577700651e+02 -6.948852895074344360e+01 -7.149084206774421091e+01 -6.110339253995167610e+02 -4.321963205837578244e+02 -2.673388224693894699e+02 -2.373463923358418697e+02 -1.012229129141778543e+02 5.158738216795610469e+02 6.217144738864696762e+01
0.000000000000000000e+00 0.000000000000000000e+00 3.552713678800500929e-15 2.842170943040400743e-14 0.000000000000000000e+00 0.000000000000000000e+00 0.000000000000000000e+00 0.000000000000000000e+00 0.000000000000000000e+00 0.000000000000000000e+00 0.000000000000000000e+00 0.000000000000000000e+00 0.000000000000000000e+00 0.000000000000000000e+00 -2.842170943040400743e-14 0.000000000000000000e+00 0.000000000000000000e+00 2.842170943040400743e-14 0.000000000000000000e+00 0.000000000000000000e+00 0.000000000000000000e+00 0.000000000000000000e+00 0.000000000000000000e+00 0.000000000000000000e+00 0.000000000000000000e+00 0.000000000000000000e+00 0.000000000000000000e+00 2.842170943040400743e-14 0.000000000000000000e+00 0.000000000000000000e+00 0.000000000000000000e+00 0.000000000000000000e+00 0.000000000000000000e+00 0.000000000000000000e+00 0.000000000000000000e+00 0.000000000000000000e+00 0.000000000000000000e+00 0.000000000000000000e+00 0.000000000000000000e+00 0.000000000000000000e+00 0.000000000000000000e+00 0.000000000000000000e+00 0.000000000000000000e+00 0.000000000000000000e+00 0.000000000000000000e+00 0.000000000000000000e+00 0.000000000000000000e+00 0.000000000000000000e+00 -5.684341886080801487e-14 0.000000000000000000e+00 0.000000000000000000e+00 0.000000000000000000e+00 0.000000000000000000e+00 0.000000000000000000e+00 -1.091228378719325747e+03 -6.086181096887788726e+02 4.113851884988376355e+02 -1.068396934914132999e+02 2.990615068898001141e+02 1.750751069312569371e+03 -9.034608642672662882e+02 -5.845324212314463921e+02 6.121679720200424413e+01 -1.186138156967126633e+03 1.239554740494323141e+03 6.302836250319606961e+02 -1.635740600274546978e+03 -1.798124906714388089e+03 -9.692588969416084410e+02 -6.638945981556551033e+02 1.353446790593525066e+03 7.176856861309902342e+02 9.697159526773815514e+02 4.079547835720759963e+02 2.781440529553033798e+02 -7.482692698913128879e+02 9.876637741169934088e+02 -5.571047527353148325e+02 3.604988989954310341e+02 8.889392554523394097e+01 6.233200905188105025e+02 1.471961432360138133e+03 1.462647061712840923e+03 9.171271014959471586e+02 -1.939642008037539824e+02 -2.981463443594696514e+02 1.381715916863943448e+03 -1.839790623837984356e+02 5.034666497829918512e+02 1.346221607862646124e+03 -7.963364333958388670e+02 -1.754886326976768771e+02 -1.803740769104909418e+02 -1.579290196833047958e+03 -1.024546393418648449e+03 -8.224212551282046206e+02 -9.823534489248088448e+02 3.322731835143266608e+02 2.013666219411884640e+03 6.899024903867599505e+02
0.000000000000000000e+00 0.000000000000000000e+00 0.000000000000000000e+00 0.000000000000000000e+00 -2.842170943040400743e-14 0.000000000000000000e+00 0.000000000000000000e+00 -7.105427357601001859e-15 0.000000000000000000e+00 0.000000000000000000e+00 0.000000000000000000e+00 0.000000000000000000e+00 0.000000000000000000e+00 0.000000000000000000e+00 0.000000000000000000e+00 0.000000000000000000e+00 0.000000000000000000e+00 0.000000000000000000e+00 0.000000000000000000e+00 0.000000000000000000e+00 0.000000000000000000e+00 0.000000000000000000e+00 0.000000000000000000e+00 0.000000000000000000e+00 0.000000000000000000e+00 0.000000000000000000e+00 0.000000000000000000e+00 0.000000000000000000e+00 0.000000000000000000e+00 0.000000000000000000e+00 0.000000000000000000e+00 0.000000000000000000e+00 0.000000000000000000e+00 0.000000000000000000e+00 0.000000000000000000e+00 0.000000000000000000e+00 0.000000000000000000e+00 0.000000000000000000e+00 0.000000000000000000e+00 0.000000000000000000e+00 0.000000000000000000e+00 0.000000000000000000e+00 0.000000000000000000e+00 0.000000000000000000e+00 0.000000000000000000e+00 0.000000000000000000e+00 0.000000000000000000e+00 0.000000000000000000e+00 0.000000000000000000e+00 0.000000000000000000e+00 1.136868377216160297e-13 0.000000000000000000e+00 0.000000000000000000e+00 0.000000000000000000e+00 0.000000000000000000e+00 3.935987653162610513e+02 3.873440976265540030e+02 8.935365766072982296e+02 -8.652400280269093855e+02 -3.624877283463129061e+02 4.286082188021377988e+02 3.292182601670958775e+01 1.864399789009086135e+03 -8.400582275650940574e+02 -8.720666507863052175e+02 1.821115153882180948e+02 -2.056596764078381057e+02 3.044739222183739003e+02 1.503233752359938080e+01 5.015808523292378140e+02 -3.356425664986754782e+02 3.873265521730645560e+02 -5.445020722246513287e+02 2.366380199945535878e+01 1.929596969864081757e+01 -1.188729061664018218e+03 -8.860887299103599162e+02 7.615143764650708817e+02 -5.697696496605196899e+02 4.132988660023882517e+02 -1.050767611319058688e+02 -7.543230633795160429e+02 2.698731502456867020e+02 6.663141573251004957e+01 8.718853426686438297e+02 -2.599884445353121464e+03 -1.588353163481829142e+03 -4.410110482026978502e+02 4.760789570167315787e+02 -1.054143221030551103e+03 6.751919818342398685e+02 2.100951125897803422e+02 1.367540196075574613e+03 1.575284086364712493e+03 1.406606907157881324e+03 1.489365363546844492e+02 9.293483662018791165e+02 1.455527817320126360e+03 5.793748229584980436e+01 1.268796358581080312e+03
0.000000000000000000e+00 0.000000000000000000e+00 0.000000000000000000e+00 0.000000000000000000e+00 0.000000000000000000e+00 0.000000000000000000e+00 0.000000000000000000e+00 3.552713678800500929e-15 0.000000000000000000e+00 0.000000000000000000e+00 0.000000000000000000e+00 0.000000000000000000e+00 5.684341886080801487e-14 0.000000000000000000e+00 0.000000000000000000e+00 0.000000000000000000e+00 0.000000000000000000e+00 0.000000000000000000e+00 0.000000000000000000e+00 0.000000000000000000e+00 0.000000000000000000e+00 0.000000000000000000e+00 0.000000000000000000e+00 0.000000000000000000e+00 0.000000000000000000e+00 0.000000000000000000e+00 0.000000000000000000e+00 0.000000000000000000e+00 0.000000000000000000e+00 0.000000000000000000e+00 0.000000000000000000e+00 0.000000000000000000e+00 5.684341886080801487e-14 0.000000000000000000e+00 0.000000000000000000e+00 0.000000000000000000e+00 0.000000000000000000e+00 0.000000000000000000e+00 0.000000000000000000e+00 0.000000000000000000e+00 0.000000000000000000e+00 0.000000000000000000e+00 0.000000000000000000e+00 0.000000000000000000e+00 0.000000000000000000e+00 0.000000000000000000e+00 0.000000000000000000e+00 0.000000000000000000e+00 0.000000000000000000e+00 -2.273736754432320595e-13 0.000000000000000000e+00 0.000000000000000000e+00 0.000000000000000000e+00 0.000000000000000000e+00 0.000000000000000000e+00 -7.105427357601001859e-15 2.347867495817055499e+02 4.656132943642215309e+02 -2.630764478786746849e+02 -2.013784235027132468e+02 3.151862592010162984e+02 8.274711146130810846e+01 8.264147016947468956e+02 -3.143742174080229006e+02 -4.081938414550086236e+02 7.475972562837327473e+01 -1.959440706563463550e+02 -3.967288740312723405e+01 8.509586930480131173e+01 8.795124018966232882e+01 -2.084718147435904712e+02 1.511679247156205577e+02 -1.669828690220898295e+02 -9.110030609897026466e+01 -4.652973219857845777e+01 -1.943658177608121207e+02 -4.296939019105478224e+02 4.273444906388090203e+02 -2.883570179059509542e+02 1.966165600577586758e+02 2.196902159457170001e+02 -1.827428725827801657e+02 -5.874345472136283774e+00 1.465229629514753817e+01 5.490095354716688689e+02 -1.285227526368061035e+03 -6.096450747925268843e+02 -2.986443469733236498e+02 1.158655006164813415e+02 -5.821249120037670082e+02 6.215511472407382598e+02 1.477309289154438829e+02 6.320844726942355010e+02 5.331657909863301938e+02 7.417708552881679225e+02 1.579298663878238926e+02 5.465510156876704286e+02 6.101964968865129322e+02 -1.917366600546896791e+02 3.047659159167842517e+02
0.000000000000000000e+00 0.000000000000000000e+00 0.000000000000000000e+00 0.000000000000000000e+00 0.000000000000000000e+00 1.110223024625156540e-16 0.000000000000000000e+00 0.000000000000000000e+00 0.000000000000000000e+00 0.000000000000000000e+00 0.000000000000000000e+00 -5.684341886080801487e-14 0.000000000000000000e+00 0.000000000000000000e+00 0.000000000000000000e+00 0.000000000000000000e+00 0.000000000000000000e+00 0.000000000000000000e+00 0.000000000000000000e+00 0.000000000000000000e+00 1.136868377216160297e-13 0.000000000000000000e+00 0.000000000000000000e+00 0.000000000000000000e+00 0.000000000000000000e+00 0.000000000000000000e+00 0.000000000000000000e+00 0.000000000000000000e+00 0.000000000000000000e+00 0.000000000000000000e+00 0.000000000000000000e+00 0.000000000000000000e+00 0.000000000000000000e+00 0.000000000000000000e+00 0.000000000000000000e+00 3.552713678800500929e-15 0.000000000000000000e+00 2.842170943040400743e-14 0.000000000000000000e+00 0.000000000000000000e+00 0.000000000000000000e+00 0.000000000000000000e+00 0.000000000000000000e+00 0.000000000000000000e+00 0.000000000000000000e+00 0.000000000000000000e+00 0.000000000000000000e+00 0.000000000000000000e+00 0.000000000000000000e+00 0.000000000000000000e+00 0.000000000000000000e+00 0.000000000000000000e+00 0.000000000000000000e+00 0.000000000000000000e+00 0.000000000000000000e+00 5.684341886080801487e-14 0.000000000000000000e+00 -2.628603877324856057e+02 -1.601414007195957083e+02 9.084881722136218514e+02 -6.226833648126806793e+02 -5.861365431865317532e+02 4.419329880000736921e+01 -5.040574471926237266e+02 4.757933523437799295e+02 3.702485010528974954e+02 -2.899907908944084625e+02 -4.360704216377878311e+02 -7.923561862112378549e+02 3.674947746999338278e+02 8.444206825848655171e+02 2.773967157195743312e+02 1.309545196286887858e+01 2.853729897842283094e+02 4.510214730740596565e+02 -1.369921700181873575e+03 3.372757114512967291e+02 -6.143711068455556870e+02 1.328894977884127684e+02 -2.599844653030040718e+02 -5.225812614366577691e+02 2.158565760082835254e+02 8.740359344127865597e+02 4.517174396012474631e+02 -4.663766603954154562e+02 1.275236797466668577e+02 -1.859122921312998642e+02 2.301796222443030047e+02 3.748233590071516801e+02 7.119089001631725750e+02 -1.095241147810804705e+03 -1.663552233059138246e+02 1.285285331794416379e+02 1.913896270723553243e+02 -5.994886323498006959e+02 -6.469556025146130196e+02 -5.833353255034267022e+02 5.714640379518159534e+02 1.399865442946609392e+03 1.240194639233149701e+03
0.000000000000000000e+00 0.000000000000000000e+00 0.000000000000000000e+00 0.000000000000000000e+00 0.000000000000000000e+00 0.000000000000000000e+00 0.000000000000000000e+00 1.421085471520200372e-14 0.000000000000000000e+00 0.000000000000000000e+00 5.684341886080801487e-14 0.000000000000000000e+00 0.000000000000000000e+00 2.842170943040400743e-14 0.000000000000000000e+00 0.000000000000000000e+00 0.000000000000000000e+00 0.000000000000000000e+00 0.000000000000000000e+00 0.000000000000000000e+00 0.000000000000000000e+00 0.000000000000000000e+00 0.000000000000000000e+00 0.000000000000000000e+00 -2.220446049250313081e-16 0.000000000000000000e+00 0.000000000000000000e+00 0.000000000000000000e+00 0.000000000000000000e+00 0.000000000000000000e+00 0.000000000000000000e+00 5.684341886080801487e-14 -2.273736754432320595e-13 0.000000000000000000e+00 0.000000000000000000e+00 0.000000000000000000e+00 0.000000000000000000e+00 0.000000000000000000e+00 0.000000000000000000e+00 0.000000000000000000e+00 0.000000000000000000e+00 0.000000000000000000e+00 -2.842170943040400743e-14 0.000000000000000000e+00 0.000000000000000000e+00 0.000000000000000000e+00 0.000000000000000000e+00 0.000000000000000000e+00 0.000000000000000000e+00 0.000000000000000000e+00 0.000000000000000000e+00 0.000000000000000000e+00 0.000000000000000000e+00 0.000000000000000000e+00 0.000000000000000000e+00 -7.105427357601001859e-15 0.000000000000000000e+00 0.000000000000000000e+00 5.382953024433630844e+02 -5.775994666738663454e+02 3.022421065116087107e+02 3.194630412742518502e+02 -8.070028838513404708e+02 7.952668857792957624e+02 2.522790386567010046e+02 -5.263501919477921547e+02 -4.020544168271436547e+01 2.700393959959096719e+02 7.595491355193552181e+02 -3.598740441071804526e+02 -6.285309329155516025e+02 -5.858979980688854994e+02 4.811749373116008144e+01 -4.721770939467437529e+02 -4.117663643097640147e+02 1.476041918697592337e+03 3.249750217138981156e+02 3.593079549817792326e+02 2.242098512134899977e+02 -1.464908578148993001e+01 2.434015175344020747e+02 6.701049359706016162e+01 -9.218780328874922816e+02 -4.676429156309750397e+02 2.479057544854190667e+02 9.398249246061398026e+02 5.215562346984409032e+02 3.138157692935368459e+01 -6.809896727942357302e+02 -4.844011108117601907e+02 3.746218349135718881e+02 -8.400781970659454601e+01 -6.623519653385192214e+02 -4.509199620006139639e+02 -2.621132856286243396e+02 7.088250371875946030e+02 1.275946536168401622e+02 -8.997913128647971917e+02 -1.368404498935232368e+03 -1.689628245626064654e+03
0.000000000000000000e+00 0.000000000000000000e+00 0.000000000000000000e+00 0.000000000000000000e+00 0.000000000000000000e+00 0.000000000000000000e+00 0.000000000000000000e+00 0.000000000000000000e+00 8.881784197001252323e-16 0.000000000000000000e+00 0.000000000000000000e+00 0.000000000000000000e+00 5.684341886080801487e-14 0.000000000000000000e+00 0.000000000000000000e+00 0.000000000000000000e+00 0.000000000000000000e+00 0.000000000000000000e+00 0.000000000000000000e+00 0.000000000000000000e+00 0.000000000000000000e+00 0.000000000000000000e+00 0.000000000000000000e+00 0.000000000000000000e+00 0.000000000000000000e+00 0.000000000000000000e+00 0.000000000000000000e+00 0.000000000000000000e+00 0.000000000000000000e+00 0.000000000000000000e+00 0.000000000000000000e+00 0.000000000000000000e+00 0.000000000000000000e+00 0.000000000000000000e+00 0.000000000000000000e+00 0.000000000000000000e+00 0.000000000000000000e+00 1.421085471520200372e-14 0.000000000000000000e+00 0.000000000000000000e+00 0.000000000000000000e+00 0.000000000000000000e+00 0.000000000000000000e+00 0.000000000000000000e+00 0.000000000000000000e+00 0.000000000000000000e+00 0.000000000000000000e+00 0.000000000000000000e+00 0.000000000000000000e+00 0.000000000000000000e+00 0.000000000000000000e+00 0.000000000000000000e+00 0.000000000000000000e+00 0.000000000000000000e+00 0.000000000000000000e+00 1.421085471520200372e-14 -3.552713678800500929e-15 0.000000000000000000e+00 0.000000000000000000e+00 4.168842089012349561e+01 -1.077997702231526773e+02 1.567371501627280281e+02 -4.753215402324736374e+02 3.935416243773715905e+01 5.801681163950379414e+02 -3.910194838793357235e+02 -1.444529087321357395e+02 5.428278127238756952e+02 -1.167375946445940826e+02 2.123413098381176951e+02 -8.259302306573874830e+01 -2.321050373103882976e+02 -2.314786628728926985e+02 -3.863323285010429231e+02 5.528615779287747500e+01 5.424782274776407576e+01 5.661177580092348762e+02 -1.105673773909703073e+01 2.709845558063712474e+02 -5.389955191386995921e+02 -3.401637843494286244e+02 -9.113728372618032836e+01 1.744260288836219388e+02 -8.975209731915441580e+01 -1.339999947966554714e+02 9.186500165338496799e+02 -1.714772786688240558e+02 3.609079534808601011e+02 -1.417501251333752066e+02 -9.834626490609502980e+01 -5.551093861973349703e+02 -1.334593405349244222e+02 -6.671522727002982265e+02 9.440589831094780493e+01 -9.148125414400542468e+02 1.474261885438033914e+02 -3.431596306679093686e+02 -3.534532013199327594e+02 -9.245252264703867695e+01 -3.812712107534871393e+02
0.000000000000000000e+00 3.552713678800500929e-15 3.552713678800500929e-15 0.000000000000000000e+00 0.000000000000000000e+00 0.000000000000000000e+00 0.000000000000000000e+00 0.000000000000000000e+00 7.105427357601001859e-15 0.000000000000000000e+00 0.000000000000000000e+00 0.000000000000000000e+00 0.000000000000000000e+00 0.000000000000000000e+00 0.000000000000000000e+00 0.000000000000000000e+00 0.000000000000000000e+00 0.000000000000000000e+00 0.000000000000000000e+00 0.000000000000000000e+00 0.000000000000000000e+00 -2.220446049250313081e-16 0.000000000000000000e+00 0.000000000000000000e+00 0.000000000000000000e+00 0.000000000000000000e+00 0.000000000000000000e+00 0.000000000000000000e+00 0.000000000000000000e+00 -5.684341886080801487e-14 0.000000000000000000e+00 0.000000000000000000e+00 0.000000000000000000e+00 -5.684341886080801487e-14 0.000000000000000000e+00 0.000000000000000000e+00 0.000000000000000000e+00 0.000000000000000000e+00 0.000000000000000000e+00 0.000000000000000000e+00 0.000000000000000000e+00 0.000000000000000000e+00 0.000000000000000000e+00 0.000000000000000000e+00 0.000000000000000000e+00 0.000000000000000000e+00 0.000000000000000000e+00 0.000000000000000000e+00 0.000000000000000000e+00 0.000000000000000000e+00 0.000000000000000000e+00 0.000000000000000000e+00 -1.136868377216160297e-13 0.000000000000000000e+00 5.684341886080801487e-14 0.000000000000000000e+00 0.000000000000000000e+00 0.000000000000000000e+00 0.000000000000000000e+00 0.000000000000000000e+00 7.420186905173651439e+02 -3.015978232836247344e+02 1.603577442075301633e+03 -2.439018401358202652e+02 -1.963394796907560476e+03 1.228971953031167004e+03 1.685920513153720890e+02 -2.046041478451606736e+03 7.889722929598609653e+02 -9.585911715129798267e+02 -1.095160156483682954e+02 7.891744619357859847e+02 8.948599342120934352e+02 1.097389489008561668e+03 -8.667063924474072678e+01 -5.719429880643886008e+02 -1.830130711165719731e+03 1.225267115429180649e+02 -1.133007167615310209e+03 2.271917270105026546e+03 1.734402045441129303e+03 6.178913796909869234e+02 -8.112745979748060563e+02 6.732264895517829473e+02 1.127283278548923818e+03 -3.958297060596695701e+03 2.779601234042339115e+02 -1.808523295321321257e+03 3.581286922071651588e+02 5.518349052140592903e+01 1.763598765172750973e+03 6.145444150588305092e+02 2.671196835588369140e+03 -1.700949719924456929e+02 3.687024478756591179e+03 -3.497132847525680290e+02 1.371773167018951881e+03 1.211497644044464550e+03 -3.105223472182431124e+02 1.083322065457363124e+03
-3.552713678800500929e-15 7.105427357601001859e-15 0.000000000000000000e+00 0.000000000000000000e+00 0.000000000000000000e+00 0.000000000000000000e+00 0.000000000000000000e+00 0.000000000000000000e+00 0.000000000000000000e+00 0.000000000000000000e+00 0.000000000000000000e+00 0.000000000000000000e+00 0.000000000000000000e+00 0.000000000000000000e+00 0.000000000000000000e+00 0.000000000000000000e+00 0.000000000000000000e+00 0.000000000000000000e+00 0.000000000000000000e+00 0.000000000000000000e+00 0.000000000000000000e+00 0.000000000000000000e+00 0.000000000000000000e+00 0.000000000000000000e+00 0.000000000000000000e+00 0.000000000000000000e+00 1.136868377216160297e-13 0.000000000000000000e+00 0.000000000000000000e+00 0.000000000000000000e+00 0.000000000000000000e+00 0.000000000000000000e+00 0.000000000000000000e+00 0.000000000000000000e+00 0.000000000000000000e+00 0.000000000000000000e+00 0.000000000000000000e+00 0.000000000000000000e+00 0.000000000000000000e+00 0.000000000000000000e+00 0.000000000000000000e+00 0.000000000000000000e+00 0.000000000000000000e+00 0.000000000000000000e+00 0.000000000000000000e+00 0.000000000000000000e+00 0.000000000000000000e+00 0.000000000000000000e+00 0.000000000000000000e+00 0.000000000000000000e+00 0.000000000000000000e+00 -8.881784197001252323e-16 -1.136868377216160297e-13 0.000000000000000000e+00 0.000000000000000000e+00 0.000000000000000000e+00 5.684341886080801487e-14 0.000000000000000000e+00 0.000000000000000000e+00 0.000000000000000000e+00 0.000000000000000000e+00 -2.319699079185094433e+03 4.326860078334280843e+03 -3.700590094926715778e+02 -4.920373371621904880e+03 3.975200288236993401e+03 1.839519072053422406e+03 -4.966571745506778825e+03 -2.992212968532762716e+02 -1.009825765684272028e+03 1.980356566517980127e+03 2.049505542151748159e+03 1.617114554377859122e+03 3.976411111144755523e+03 -6.020898416126291863e+01 -1.265719833079147065e+03 -5.068962444294325906e+03 -7.258173882499251022e+02 -2.097525749042968528e+03 3.526651113557382814e+03 1.302517444195287226e+03 3.266533798285295234e+02 -5.511912010915041265e+02 5.823292094405508124e+02 -3.359407357868735744e+02 -6.566624188813963883e+03 1.788527181598442439e+03 -1.792130285861831453e+03 1.792276421168736306e+03 1.676579938795163116e+03 4.362633777431217823e+03 9.573633818687494568e+02 5.552542790945462002e+03 -4.792915806668277696e+02 6.989092839188288053e+03 -2.020080520278870608e+03 2.710448112911933094e+03 4.081664660000025378e+03 3.156595950241153332e+03 5.324991974632579513e+03
0.000000000000000000e+00 0.000000000000000000e+00 0.000000000000000000e+00 0.000000000000000000e+00 0.000000000000000000e+00 0.000000000000000000e+00 0.000000000000000000e+00 0.000000000000000000e+00 0.000000000000000000e+00 0.000000000000000000e+00 0.000000000000000000e+00 0.000000000000000000e+00 0.000000000000000000e+00 0.000000000000000000e+00 0.000000000000000000e+00 0.000000000000000000e+00 0.000000000000000000e+00 0.000000000000000000e+00 0.000000000000000000e+00 0.000000000000000000e+00 0.000000000000000000e+00 0.000000000000000000e+00 0.000000000000000000e+00 0.000000000000000000e+00 0.000000000000000000e+00 0.000000000000000000e+00 0.000000000000000000e+00 -1.421085471520200372e-14 0.000000000000000000e+00 0.000000000000000000e+00 0.000000000000000000e+00 0.000000000000000000e+00 0.000000000000000000e+00 0.000000000000000000e+00 0.000000000000000000e+00 0.000000000000000000e+00 0.000000000000000000e+00 0.000000000000000000e+00 0.000000000000000000e+00 0.000000000000000000e+00 0.000000000000000000e+00 0.000000000000000000e+00 0.000000000000000000e+00 0.000000000000000000e+00 -2.842170943040400743e-14 0.000000000000000000e+00 0.000000000000000000e+00 0.000000000000000000e+00 0.000000000000000000e+00 0.000000000000000000e+00 0.000000000000000000e+00 0.000000000000000000e+00 0.000000000000000000e+00 0.000000000000000000e+00 0.000000000000000000e+00 0.000000000000000000e+00 0.000000000000000000e+00 0.000000000000000000e+00 0.000000000000000000e+00 0.000000000000000000e+00 0.000000000000000000e+00 0.000000000000000000e+00 -1.407523792489425432e+03 2.280323724459598225e+02 1.174793921310923906e+03 -7.340402373342667488e+02 4.547154431627845952e+02 1.267431464988188054e+03 -8.231707956972784359e+02 9.575286009515098158e+02 -1.822056262266978592e+02 -1.048751290250976581e+03 -1.068946771236076529e+03 -7.891837130141993839e+02 1.286348477528842977e+03 -1.673156374403373093e+03 6.136841245402629283e+02 -1.002843392555236278e+03 2.983890393369019876e+02 -2.183230198605928308e+03 -1.620134959494792838e+03 -7.007439990843258784e+02 6.768837840739701051e+02 7.673659814125377352e+02 -8.332129215120667141e+02 2.255023689026555076e+03 -9.427661266319037168e+02 1.610186328930754371e+03 3.733809077340511067e+02 -4.337896452284967381e+02 -1.903873630741911256e+03 3.377844662938184683e+02 -8.875207701135732350e+02 1.882978081431036117e+03 -1.541098221671989450e+03 3.180973651601298116e+02 -2.819466384841789477e+02 7.597670645992375285e+02 7.489744574358628597e+02 1.267498931142655238e+03
0.000000000000000000e+00 0.000000000000000000e+00 0.000000000000000000e+00 0.000000000000000000e+00 0.000000000000000000e+00 0.000000000000000000e+00 0.000000000000000000e+00 0.000000000000000000e+00 0.000000000000000000e+00 0.000000000000000000e+00 0.000000000000000000e+00 0.000000000000000000e+00 0.000000000000000000e+00 0.000000000000000000e+00 0.000000000000000000e+00 0.000000000000000000e+00 0.000000000000000000e+00 0.000000000000000000e+00 0.000000000000000000e+00 0.000000000000000000e+00 0.000000000000000000e+00 0.000000000000000000e+00 0.000000000000000000e+00 0.000000000000000000e+00 0.000000000000000000e+00 -1.136868377216160297e-13 0.000000000000000000e+00 0.000000000000000000e+00 0.000000000000000000e+00 0.000000000000000000e+00 0.000000000000000000e+00 0.000000000000000000e+00 0.000000000000000000e+00 0.000000000000000000e+00 0.000000000000000000e+00 0.000000000000000000e+00 0.000000000000000000e+00 0.000000000000000000e+00 0.000000000000000000e+00 0.000000000000000000e+00 0.000000000000000000e+00 0.000000000000000000e+00 0.000000000000000000e+00 1.421085471520200372e-14 0.000000000000000000e+00 0.000000000000000000e+00 0.000000000000000000e+00 0.000000000000000000e+00 0.000000000000000000e+00 0.000000000000000000e+00 0.000000000000000000e+00 0.000000000000000000e+00 0.000000000000000000e+00 0.000000000000000000e+00 0.000000000000000000e+00 5.684341886080801487e-14 0.000000000000000000e+00 0.000000000000000000e+00 0.000000000000000000e+00 0.000000000000000000e+00 0.000000000000000000e+00 0.000000000000000000e+00 0.000000000000000000e+00 6.556955158282021330e+02 -5.989618886931596080e+02 4.289338387487373438e+02 8.294416633554142209e+02 -4.661533157260064399e+02 -3.594464880896483692e+02 8.887009349004893011e+01 4.466493604821653207e+02 7.337052695815941661e+01 5.576349974146717159e+01 3.426461999402388301e+02 3.831167206418082287e+02 -2.799697838582716258e+02 -1.122604699138098795e+03 -4.179438411062760679e+02 -2.149435521941516072e+02 -8.512657124078148172e+02 -6.924618321919274422e+02 -5.265478095355126698e+01 -4.100191088033355413e+02 3.239971537400210764e+02 -4.963989784649601802e+02 -3.354091242554773089e+01 -8.446030161785915880e+01 7.185012709086192899e+02 2.473656465638820805e+02 -5.522271461264296022e+01 5.209981956968297254e+02 3.975654788376291435e+02 8.198956148364557066e+02 8.587277506876189364e+02 9.597647479566364837e+02 -3.661589661610667576e+02 6.525385146220879733e+02 1.600589602302517733e+03 5.845383874668326598e+02 1.768750958566650979e+03
0.000000000000000000e+00 0.000000000000000000e+00 0.000000000000000000e+00 0.000000000000000000e+00 0.000000000000000000e+00 0.000000000000000000e+00 0.000000000000000000e+00 0.000000000000000000e+00 0.000000000000000000e+00 0.000000000000000000e+00 0.000000000000000000e+00 0.000000000000000000e+00 0.000000000000000000e+00 0.000000000000000000e+00 0.000000000000000000e+00 0.000000000000000000e+00 0.000000000000000000e+00 0.000000000000000000e+00 0.000000000000000000e+00 0.000000000000000000e+00 0.000000000000000000e+00 0.000000000000000000e+00 0.000000000000000000e+00 0.000000000000000000e+00 0.000000000000000000e+00 0.000000000000000000e+00 0.000000000000000000e+00 0.000000000000000000e+00 0.000000000000000000e+00 0.000000000000000000e+00 0.000000000000000000e+00 0.000000000000000000e+00 0.000000000000000000e+00 0.000000000000000000e+00 0.000000000000000000e+00 0.000000000000000000e+00 0.000000000000000000e+00 0.000000000000000000e+00 0.000000000000000000e+00 0.000000000000000000e+00 0.000000000000000000e+00 0.000000000000000000e+00 0.000000000000000000e+00 0.000000000000000000e+00 0.000000000000000000e+00 0.000000000000000000e+00 0.000000000000000000e+00 0.000000000000000000e+00 0.000000000000000000e+00 0.000000000000000000e+00 0.000000000000000000e+00 0.000000000000000000e+00 0.000000000000000000e+00 0.000000000000000000e+00 0.000000000000000000e+00 2.842170943040400743e-14 0.000000000000000000e+00 0.000000000000000000e+00 0.000000000000000000e+00 -1.136868377216160297e-13 2.273736754432320595e-13 0.000000000000000000e+00 0.000000000000000000e+00 0.000000000000000000e+00 -6.234904305752105813e+01 1.158760324977763077e+02 8.696673862862867281e+02 -6.526168858847522358e+01 -6.454481448695082690e+02 2.049494203795724161e+02 5.814786509971894475e+02 8.413998250327496464e+01 -3.970382809150227104e+02 1.416255127562835696e+02 5.396422535756539673e+02 -3.575777092344987977e+02 -3.108703855160910621e+02 -2.801120467686424149e+02 -2.810771960452548868e+01 -7.198368121610583330e+02 -9.898995455317632377e+02 -3.373280719574044042e+02 3.364969212502457481e+02 -2.183938725320717538e+02 -7.864052006805660540e+02 7.390401085151444249e+02 1.955804234151158880e+02 5.899468323721587240e+02 5.394494033883545399e+02 5.698614831421577946e+02 1.203413387322677579e+02 5.756469821235415196e+01 -2.075946612774276900e+01 2.970734435947675252e+02 1.101094322882543963e+01 -3.770002908218132234e+02 4.158128745565165332e+02 5.441212273267798309e+02 1.234416235916896767e+03 1.304000388432483987e+03
0.000000000000000000e+00 0.000000000000000000e+00 0.000000000000000000e+00 0.000000000000000000e+00 0.000000000000000000e+00 0.000000000000000000e+00 0.000000000000000000e+00 0.000000000000000000e+00 -7.105427357601001859e-15 0.000000000000000000e+00 0.000000000000000000e+00 4.547473508864641190e-13 -5.684341886080801487e-14 0.000000000000000000e+00 0.000000000000000000e+00 0.000000000000000000e+00 0.000000000000000000e+00 0.000000000000000000e+00 0.000000000000000000e+00 0.000000000000000000e+00 0.000000000000000000e+00 0.000000000000000000e+00 0.000000000000000000e+00 0.000000000000000000e+00 0.000000000000000000e+00 0.000000000000000000e+00 2.273736754432320595e-13 0.000000000000000000e+00 0.000000000000000000e+00 0.000000000000000000e+00 0.000000000000000000e+00 0.000000000000000000e+00 0.000000000000000000e+00 0.000000000000000000e+00 0.000000000000000000e+00 0.000000000000000000e+00 0.000000000000000000e+00 0.000000000000000000e+00 0.000000000000000000e+00 0.000000000000000000e+00 0.000000000000000000e+00 0.000000000000000000e+00 1.421085471520200372e-14 0.000000000000000000e+00 0.000000000000000000e+00 0.000000000000000000e+00 0.000000000000000000e+00 0.000000000000000000e+00 0.000000000000000000e+00 0.000000000000000000e+00 0.000000000000000000e+00 0.000000000000000000e+00 0.000000000000000000e+00 0.000000000000000000e+00 0.000000000000000000e+00 0.000000000000000000e+00 -3.552713678800500929e-15 0.000000000000000000e+00 0.000000000000000000e+00 0.000000000000000000e+00 0.000000000000000000e+00 0.000000000000000000e+00 0.000000000000000000e+00 0.000000000000000000e+00 0.000000000000000000e+00 -5.938899167035657456e+02 -4.537754476009209611e+03 7.630308791806271529e+02 3.310344608323055581e+03 -1.377930415427761545e+03 -2.822334508454860043e+03 -1.794221512806470287e+02 2.639999592148578358e+03 -6.813225000970493284e+02 -3.146682566768835386e+03 2.591355616411915435e+03 1.231035169467420474e+03 1.491519979225644875e+03 3.339730340062085361e+02 3.838227777196476836e+03 5.683529539579602897e+03 1.962151795120792031e+03 -1.808822560657884424e+03 1.562838754962315306e+03 3.984275516936653730e+03 -4.536140727454569969e+03 -8.113250899868478427e+02 -3.134321224935925784e+03 -2.540205975697918802e+03 -2.846217621722983495e+03 -3.070086608612795089e+02 -2.954888045652775190e+02 1.768889925787928235e+02 -2.002787518258840009e+03 2.708508158694735357e+02 2.024915915641196989e+03 -2.579851119011755600e+03 -2.700321068805713821e+03 -6.651142378111976541e+03 -7.004970897361539755e+03
0.000000000000000000e+00 0.000000000000000000e+00 0.000000000000000000e+00 0.000000000000000000e+00 0.000000000000000000e+00 0.000000000000000000e+00 0.000000000000000000e+00 0.000000000000000000e+00 0.000000000000000000e+00 0.000000000000000000e+00 0.000000000000000000e+00 2.273736754432320595e-13 0.000000000000000000e+00 0.000000000000000000e+00 0.000000000000000000e+00 0.000000000000000000e+00 0.000000000000000000e+00 0.000000000000000000e+00 0.000000000000000000e+00 0.000000000000000000e+00 0.000000000000000000e+00 0.000000000000000000e+00 0.000000000000000000e+00 0.000000000000000000e+00 0.000000000000000000e+00 -2.842170943040400743e-14 0.000000000000000000e+00 0.000000000000000000e+00 0.000000000000000000e+00 0.000000000000000000e+00 0.000000000000000000e+00 -1.136868377216160297e-13 0.000000000000000000e+00 0.000000000000000000e+00 0.000000000000000000e+00 0.000000000000000000e+00 0.000000000000000000e+00 0.000000000000000000e+00 -1.421085471520200372e-14 0.000000000000000000e+00 0.000000000000000000e+00 0.000000000000000000e+00 0.000000000000000000e+00 0.000000000000000000e+00 0.000000000000000000e+00 0.000000000000000000e+00 -3.552713678800500929e-15 0.000000000000000000e+00 0.000000000000000000e+00 0.000000000000000000e+00 0.000000000000000000e+00 0.000000000000000000e+00 0.000000000000000000e+00 0.000000000000000000e+00 0.000000000000000000e+00 0.000000000000000000e+00 0.000000000000000000e+00 0.000000000000000000e+00 0.000000000000000000e+00 0.000000000000000000e+00 2.273736754432320595e-13 0.000000000000000000e+00 0.000000000000000000e+00 0.000000000000000000e+00 0.000000000000000000e+00 1.136868377216160297e-13 1.772367705494779329e+03 -7.796744093010682946e+02 -8.937641684641139364e+02 7.788612342052920212e+01 9.877253620682818109e+02 5.059971021503074553e+02 -9.503133845483816913e+02 3.577068823731796101e+02 8.639547046095058249e+02 -3.220963034825690556e+02 -5.720254893567578165e+02 -3.043738996003985449e+02 -6.010392472589416002e+01 -1.091258766806502535e+03 -1.905376049879620041e+03 -6.675021290758570558e+02 6.311133396626796639e+02 -1.249529637771006264e+03 -1.623440635047536944e+03 2.085339915817099609e+03 6.391198569585797031e+02 9.642033322343086184e+02 9.603768490535051114e+02 1.747788971572485480e+03 5.584477447789649887e+02 -2.279357391938776232e+02 2.481097350839825992e+02 3.177862493538532362e+02 -2.419815540675182319e+01 -9.465315651663768222e+02 8.710867199620904557e+02 3.718530297312568109e+02 2.685596163626714770e+03 1.872546835583500069e+03
0.000000000000000000e+00 0.000000000000000000e+00 0.000000000000000000e+00 0.000000000000000000e+00 0.000000000000000000e+00 0.000000000000000000e+00 0.000000000000000000e+00 0.000000000000000000e+00 0.000000000000000000e+00 0.000000000000000000e+00 0.000000000000000000e+00 0.000000000000000000e+00 -5.684341886080801487e-14 0.000000000000000000e+00 0.000000000000000000e+00 0.000000000000000000e+00 0.000000000000000000e+00 0.000000000000000000e+00 0.000000000000000000e+00 0.000000000000000000e+00 0.000000000000000000e+00 0.000000000000000000e+00 0.000000000000000000e+00 0.000000000000000000e+00 0.000000000000000000e+00 0.000000000000000000e+00 0.000000000000000000e+00 0.000000000000000000e+00 -5.684341886080801487e-14 0.000000000000000000e+00 0.000000000000000000e+00 0.000000000000000000e+00 0.000000000000000000e+00 0.000000000000000000e+00 0.000000000000000000e+00 0.000000000000000000e+00 0.000000000000000000e+00 0.000000000000000000e+00 5.684341886080801487e-14 0.000000000000000000e+00 0.000000000000000000e+00 0.000000000000000000e+00 0.000000000000000000e+00 0.000000000000000000e+00 -1.421085471520200372e-14 0.000000000000000000e+00 0.000000000000000000e+00 0.000000000000000000e+00 0.000000000000000000e+00 5.684341886080801487e-14 0.000000000000000000e+00 0.000000000000000000e+00 0.000000000000000000e+00 0.000000000000000000e+00 0.000000000000000000e+00 0.000000000000000000e+00 0.000000000000000000e+00 0.000000000000000000e+00 0.000000000000000000e+00 0.000000000000000000e+00 0.000000000000000000e+00 0.000000000000000000e+00 0.000000000000000000e+00 -1.421085471520200372e-14 0.000000000000000000e+00 0.000000000000000000e+00 0.000000000000000000e+00 -3.980300425225205458e+02 -6.990880817848102424e+01 2.062086777769616504e+02 9.950672994485876188e+01 9.232383440051536638e+01 -3.041691360003273985e+02 5.973239604016737303e+01 3.671537207312448459e+02 -9.678227149216438647e+02 2.388507285607970800e+02 -6.165009215064119417e+02 -1.766739992994966144e+02 -6.034068151172530747e+01 2.216323310946154379e+01 -6.174048407866791877e+00 3.569491336731770161e+02 -2.099266187571743103e+01 3.452911804307700550e+01 2.646972484793373042e+02 7.959966469347827456e+01 2.662043419294235491e+01 1.163343035012753717e+02 1.698709912027237579e+02 -4.932620444196178369e+02 6.172346895138622358e+01 2.338976701580256758e+02 3.918063239597174743e+02 1.410722407273955525e+01 -3.238999296977268614e+02 3.586932261719779831e+02 3.526287915913878237e+02 6.183206499634752618e+02 6.357359850265997920e+02
0.000000000000000000e+00 0.000000000000000000e+00 0.000000000000000000e+00 0.000000000000000000e+00 0.000000000000000000e+00 0.000000000000000000e+00 0.000000000000000000e+00 0.000000000000000000e+00 0.000000000000000000e+00 0.000000000000000000e+00 0.000000000000000000e+00 0.000000000000000000e+00 0.000000000000000000e+00 0.000000000000000000e+00 -7.105427357601001859e-15 0.000000000000000000e+00 0.000000000000000000e+00 0.000000000000000000e+00 0.000000000000000000e+00 0.000000000000000000e+00 5.684341886080801487e-14 5.684341886080801487e-14 0.000000000000000000e+00 0.000000000000000000e+00 0.000000000000000000e+00 0.000000000000000000e+00 0.000000000000000000e+00 0.000000000000000000e+00 0.000000000000000000e+00 0.000000000000000000e+00 0.000000000000000000e+00 0.000000000000000000e+00 0.000000000000000000e+00 0.000000000000000000e+00 0.000000000000000000e+00 0.000000000000000000e+00 0.000000000000000000e+00 2.842170943040400743e-14 0.000000000000000000e+00 0.000000000000000000e+00 0.000000000000000000e+00 0.000000000000000000e+00 0.000000000000000000e+00 0.000000000000000000e+00 0.000000000000000000e+00 0.000000000000000000e+00 0.000000000000000000e+00 0.000000000000000000e+00 0.000000000000000000e+00 0.000000000000000000e+00 0.000000000000000000e+00 0.000000000000000000e+00 0.000000000000000000e+00 0.000000000000000000e+00 0.000000000000000000e+00 5.684341886080801487e-14 0.000000000000000000e+00 0.000000000000000000e+00 0.000000000000000000e+00 0.000000000000000000e+00 0.000000000000000000e+00 0.000000000000000000e+00 0.000000000000000000e+00 0.000000000000000000e+00 0.000000000000000000e+00 0.000000000000000000e+00 2.273736754432320595e-13 0.000000000000000000e+00 1.029646030904556028e+03 -8.476620106284262874e+02 -7.605888494090954737e+02 1.151731583839563484e+02 6.837217520743502064e+02 -5.141652008328512125e+01 -1.294208483357360365e+03 2.956757532140442436e+03 -3.385125993000875724e+02 1.918886567730032766e+03 2.454350971591500183e+02 9.302227991190675311e+02 3.931759753690948855e+02 3.430901353964355280e+02 -1.027357936610243542e+03 -9.277928998463371499e+02 1.230733091258534131e+02 -9.482961846152966245e+01 4.281844964992939708e+02 -5.412779612073778708e+02 -5.477649834580568040e+02 9.869098688229399841e+01 1.731462690002143063e+03 -2.539453110990385767e+02 -4.184456596056498938e+02 -2.046520052247266676e+03 1.399013305133506435e+02 4.815838604004940180e+02 -7.683384036818285949e+02 -2.437066891868584207e+03 -1.534793310768454830e+03 -2.825832091231058257e+03
0.000000000000000000e+00 0.000000000000000000e+00 0.000000000000000000e+00 0.000000000000000000e+00 0.000000000000000000e+00 0.000000000000000000e+00 0.000000000000000000e+00 0.000000000000000000e+00 0.000000000000000000e+00 0.000000000000000000e+00 5.684341886080801487e-14 0.000000000000000000e+00 -5.684341886080801487e-14 0.000000000000000000e+00 0.000000000000000000e+00 0.000000000000000000e+00 0.000000000000000000e+00 0.000000000000000000e+00 0.000000000000000000e+00 0.000000000000000000e+00 0.000000000000000000e+00 0.000000000000000000e+00 0.000000000000000000e+00 0.000000000000000000e+00 0.000000000000000000e+00 0.000000000000000000e+00 5.684341886080801487e-14 0.000000000000000000e+00 0.000000000000000000e+00 0.000000000000000000e+00 0.000000000000000000e+00 0.000000000000000000e+00 0.000000000000000000e+00 0.000000000000000000e+00 0.000000000000000000e+00 0.000000000000000000e+00 0.000000000000000000e+00 0.000000000000000000e+00 0.000000000000000000e+00 0.000000000000000000e+00 0.000000000000000000e+00 0.000000000000000000e+00 5.684341886080801487e-14 5.684341886080801487e-14 0.000000000000000000e+00 0.000000000000000000e+00 0.000000000000000000e+00 0.000000000000000000e+00 0.000000000000000000e+00 0.000000000000000000e+00 0.000000000000000000e+00 0.000000000000000000e+00 4.547473508864641190e-13 0.000000000000000000e+00 0.000000000000000000e+00 5.684341886080801487e-14 0.000000000000000000e+00 0.000000000000000000e+00 0.000000000000000000e+00 0.000000000000000000e+00 0.000000000000000000e+00 0.000000000000000000e+00 0.000000000000000000e+00 0.000000000000000000e+00 0.000000000000000000e+00 0.000000000000000000e+00 0.000000000000000000e+00 0.000000000000000000e+00 0.000000000000000000e+00 -2.024535746015659470e+02 3.926341947891849031e+02 1.373320914119447593e+02 1.568330795122533914e+02 -1.200221578765884800e+01 -6.248658326351005599e+00 9.097461800636019689e+02 -2.806532159575417609e+02 -5.835820124126826158e+00 8.711575897711003336e+01 -5.064711540406773338e+01 4.394512351359625768e+02 1.960634961764786510e+02 1.414587101816957215e+02 -6.300471308084615885e+01 -1.605198522459179742e+02 1.843145613425288616e+02 7.139826596358303732e+02 -1.659481709862105276e+02 4.013603360722526077e+02 4.909923468734862695e+02 5.452572146536153923e+02 -5.894983429161925415e+00 -3.105666654018683062e+02 -1.015696267832443709e+03 1.077263325822589479e+02 -7.137196322596705045e+01 -1.472737052690840187e+02 -3.132652998411010685e+02 1.320119130444526263e+02 -2.746707430566956418e+02
0.000000000000000000e+00 0.000000000000000000e+00 0.000000000000000000e+00 0.000000000000000000e+00 0.000000000000000000e+00 0.000000000000000000e+00 0.000000000000000000e+00 0.000000000000000000e+00 0.000000000000000000e+00 0.000000000000000000e+00 0.000000000000000000e+00 0.000000000000000000e+00 -5.684341886080801487e-14 0.000000000000000000e+00 0.000000000000000000e+00 0.000000000000000000e+00 0.000000000000000000e+00 -2.842170943040400743e-14 0.000000000000000000e+00 0.000000000000000000e+00 -1.136868377216160297e-13 0.000000000000000000e+00 1.136868377216160297e-13 0.000000000000000000e+00 -2.842170943040400743e-14 0.000000000000000000e+00 0.000000000000000000e+00 0.000000000000000000e+00 0.000000000000000000e+00 0.000000000000000000e+00 0.000000000000000000e+00 0.000000000000000000e+00 0.000000000000000000e+00 0.000000000000000000e+00 0.000000000000000000e+00 0.000000000000000000e+00 0.000000000000000000e+00 0.000000000000000000e+00 1.776356839400250465e-15 0.000000000000000000e+00 0.000000000000000000e+00 0.000000000000000000e+00 0.000000000000000000e+00 -2.842170943040400743e-14 0.000000000000000000e+00 -1.421085471520200372e-14 0.000000000000000000e+00 0.000000000000000000e+00 0.000000000000000000e+00 9.094947017729282379e-13 0.000000000000000000e+00 0.000000000000000000e+00 0.000000000000000000e+00 0.000000000000000000e+00 0.000000000000000000e+00 0.000000000000000000e+00 0.000000000000000000e+00 0.000000000000000000e+00 0.000000000000000000e+00 5.684341886080801487e-14 0.000000000000000000e+00 0.000000000000000000e+00 0.000000000000000000e+00 0.000000000000000000e+00 0.000000000000000000e+00 0.000000000000000000e+00 0.000000000000000000e+00 -2.273736754432320595e-13 0.000000000000000000e+00 0.000000000000000000e+00 -1.107337193164747532e+03 -2.265488143226660611e+02 -2.613573480149397028e+02 1.572212499093255076e+02 -7.469793469695691783e+02 -1.271228472656638587e+03 1.275622150311319274e+02 1.287996320789221500e+03 1.615860305667701482e+02 1.827089164914578703e+02 -1.750641244015034999e+03 -9.722024739350699747e+02 -1.485878422564914217e+03 -2.174014259936425617e+02 2.313116243449800322e+02 -1.095604965733499739e+03 -2.867718111780889103e+03 4.408746486831095126e+02 -1.503928728982710709e+03 -1.337689104396768926e+03 -5.275072898225894278e+02 -4.661396604573095601e+02 1.280413555623300908e+03 3.588493040238600770e+03 -2.044937141947758050e+02 7.211000779941205110e+02 2.297637138869189357e+02 1.110827430486828462e+03 -1.207291400848567037e+03 9.731547012621490467e+01
0.000000000000000000e+00 -1.421085471520200372e-14 0.000000000000000000e+00 0.000000000000000000e+00 0.000000000000000000e+00 0.000000000000000000e+00 0.000000000000000000e+00 0.000000000000000000e+00 0.000000000000000000e+00 0.000000000000000000e+00 0.000000000000000000e+00 0.000000000000000000e+00 0.000000000000000000e+00 0.000000000000000000e+00 0.000000000000000000e+00 0.000000000000000000e+00 0.000000000000000000e+00 0.000000000000000000e+00 0.000000000000000000e+00 0.000000000000000000e+00 0.000000000000000000e+00 0.000000000000000000e+00 0.000000000000000000e+00 0.000000000000000000e+00 0.000000000000000000e+00 0.000000000000000000e+00 0.000000000000000000e+00 0.000000000000000000e+00 -2.842170943040400743e-14 0.000000000000000000e+00 0.000000000000000000e+00 0.000000000000000000e+00 0.000000000000000000e+00 2.273736754432320595e-13 2.842170943040400743e-14 0.000000000000000000e+00 0.000000000000000000e+00 0.000000000000000000e+00 0.000000000000000000e+00 0.000000000000000000e+00 0.000000000000000000e+00 0.000000000000000000e+00 0.000000000000000000e+00 0.000000000000000000e+00 0.000000000000000000e+00 0.000000000000000000e+00 0.000000000000000000e+00 0.000000000000000000e+00 0.000000000000000000e+00 4.547473508864641190e-13 0.000000000000000000e+00 0.000000000000000000e+00 0.000000000000000000e+00 0.000000000000000000e+00 0.000000000000000000e+00 0.000000000000000000e+00 0.000000000000000000e+00 0.000000000000000000e+00 0.000000000000000000e+00 0.000000000000000000e+00 2.273736754432320595e-13 0.000000000000000000e+00 0.000000000000000000e+00 0.000000000000000000e+00 0.000000000000000000e+00 0.000000000000000000e+00 0.000000000000000000e+00 0.000000000000000000e+00 0.000000000000000000e+00 0.000000000000000000e+00 0.000000000000000000e+00 -2.328961215628217474e+01 3.055874625322402380e+02 -5.961656762652313546e+01 7.496178404996862810e+01 -1.330858435597069729e+02 1.716928583028501976e+02 1.382537374728906343e+02 -1.956764410324894641e+02 2.157229339033916347e+02 5.062300081797502571e+01 1.866212784747125397e+02 1.818464706743761781e+02 1.803501895552585097e+02 7.277175911187529778e+01 -5.373568278316724900e+00 -1.132672911458585077e+02 -2.466174120006263593e+01 -7.163507039918408736e+01 -1.214593176257583309e+02 -4.671815054530213729e+02 -3.044100992963876706e+00 1.244190998917651996e+02 1.023904048805070488e+02 4.910529232632242724e+01 -1.427876070017659913e+02 -3.345218041092407475e+02 -1.328164347229032956e+02 5.431569276719528716e+01 -6.272125894553843750e+01
0.000000000000000000e+00 0.000000000000000000e+00 0.000000000000000000e+00 0.000000000000000000e+00 0.000000000000000000e+00 0.000000000000000000e+00 0.000000000000000000e+00 0.000000000000000000e+00 0.000000000000000000e+00 0.000000000000000000e+00 0.000000000000000000e+00 0.000000000000000000e+00 0.000000000000000000e+00 0.000000000000000000e+00 0.000000000000000000e+00 0.000000000000000000e+00 0.000000000000000000e+00 0.000000000000000000e+00 0.000000000000000000e+00 0.000000000000000000e+00 0.000000000000000000e+00 0.000000000000000000e+00 0.000000000000000000e+00 0.000000000000000000e+00 0.000000000000000000e+00 1.136868377216160297e-13 0.000000000000000000e+00 0.000000000000000000e+00 0.000000000000000000e+00 0.000000000000000000e+00 1.421085471520200372e-14 0.000000000000000000e+00 0.000000000000000000e+00 0.000000000000000000e+00 0.000000000000000000e+00 0.000000000000000000e+00 0.000000000000000000e+00 0.000000000000000000e+00 0.000000000000000000e+00 0.000000000000000000e+00 0.000000000000000000e+00 0.000000000000000000e+00 0.000000000000000000e+00 0.000000000000000000e+00 5.684341886080801487e-14 -2.842170943040400743e-14 0.000000000000000000e+00 0.000000000000000000e+00 0.000000000000000000e+00 0.000000000000000000e+00 0.000000000000000000e+00 0.000000000000000000e+00 0.000000000000000000e+00 0.000000000000000000e+00 0.000000000000000000e+00 0.000000000000000000e+00 0.000000000000000000e+00 0.000000000000000000e+00 0.000000000000000000e+00 0.000000000000000000e+00 0.000000000000000000e+00 0.000000000000000000e+00 0.000000000000000000e+00 1.421085471520200372e-14 0.000000000000000000e+00 0.000000000000000000e+00 0.000000000000000000e+00 0.000000000000000000e+00 0.000000000000000000e+00 -1.136868377216160297e-13 0.000000000000000000e+00 0.000000000000000000e+00 6.539913571983202928e+03 -1.202847653087801291e+03 1.671261445697296949e+03 -3.140246492122743803e+03 3.862730413148276966e+03 1.963087501823410776e+03 -4.033880932144704275e+03 4.659891076816809800e+03 1.435691972453415019e+03 4.268756989051113123e+03 4.207760409292080112e+03 4.026704501519336645e+03 1.628866673832097149e+03 -5.973896204587992997e+02 -1.766896724843600168e+03 -6.383700362824279182e+02 -1.096311213404992486e+03 -2.254530056924658311e+03 -1.012434303688192449e+04 1.146098154930900250e+02 2.374120857561415505e+03 1.378163230601609712e+03 1.139114374228411862e+03 -3.259155719425800271e+03 -7.154693178322926542e+03 -3.006572185016158983e+03 1.640812860316368642e+03 -1.122947573460860895e+03
0.000000000000000000e+00 0.000000000000000000e+00 0.000000000000000000e+00 0.000000000000000000e+00 0.000000000000000000e+00 0.000000000000000000e+00 0.000000000000000000e+00 0.000000000000000000e+00 0.000000000000000000e+00 -2.842170943040400743e-14 0.000000000000000000e+00 0.000000000000000000e+00 0.000000000000000000e+00 0.000000000000000000e+00 0.000000000000000000e+00 0.000000000000000000e+00 0.000000000000000000e+00 0.000000000000000000e+00 0.000000000000000000e+00 0.000000000000000000e+00 0.000000000000000000e+00 0.000000000000000000e+00 0.000000000000000000e+00 0.000000000000000000e+00 0.000000000000000000e+00 0.000000000000000000e+00 0.000000000000000000e+00 0.000000000000000000e+00 2.842170943040400743e-14 0.000000000000000000e+00 0.000000000000000000e+00 0.000000000000000000e+00 4.547473508864641190e-13 0.000000000000000000e+00 0.000000000000000000e+00 0.000000000000000000e+00 0.000000000000000000e+00 0.000000000000000000e+00 0.000000000000000000e+00 0.000000000000000000e+00 0.000000000000000000e+00 0.000000000000000000e+00 0.000000000000000000e+00 0.000000000000000000e+00 0.000000000000000000e+00 0.000000000000000000e+00 0.000000000000000000e+00 0.000000000000000000e+00 0.000000000000000000e+00 -9.094947017729282379e-13 0.000000000000000000e+00 0.000000000000000000e+00 0.000000000000000000e+00 0.000000000000000000e+00 0.000000000000000000e+00 0.000000000000000000e+00 0.000000000000000000e+00 0.000000000000000000e+00 0.000000000000000000e+00 0.000000000000000000e+00 -1.421085471520200372e-14 -1.136868377216160297e-13 0.000000000000000000e+00 0.000000000000000000e+00 0.000000000000000000e+00 0.000000000000000000e+00 0.000000000000000000e+00 0.000000000000000000e+00 0.000000000000000000e+00 0.000000000000000000e+00 1.136868377216160297e-13 2.842170943040400743e-14 0.000000000000000000e+00 -5.345784280319321624e+01 -2.654618110057355693e+02 3.905293718884106511e+02 -2.308477069201012455e+01 1.032370387174499683e+03 -1.451007602547074384e+02 5.564343581040975550e+01 -4.070493048854589233e+02 -3.807166635305993623e+02 -3.818127510028687084e+02 -5.054513897315616759e+02 1.812778821355800574e+02 2.658480344353857276e+02 -8.043682884766801635e+02 -6.467268513787718121e+01 -4.361358258030046500e+02 -1.658013613702855764e+02 3.199805945192338186e+02 -2.955882190754098247e+02 2.794953373508178629e+01 8.032333817766455013e+02 -8.411962634893245649e+01 7.221079052395361941e+01 -1.660631805251832702e+02 1.287736667388799106e-01 -2.970505181165623299e+02 -3.557196560212960321e+02
0.000000000000000000e+00 0.000000000000000000e+00 0.000000000000000000e+00 0.000000000000000000e+00 0.000000000000000000e+00 0.000000000000000000e+00 0.000000000000000000e+00 0.000000000000000000e+00 0.000000000000000000e+00 0.000000000000000000e+00 0.000000000000000000e+00 0.000000000000000000e+00 0.000000000000000000e+00 0.000000000000000000e+00 0.000000000000000000e+00 0.000000000000000000e+00 0.000000000000000000e+00 0.000000000000000000e+00 0.000000000000000000e+00 0.000000000000000000e+00 0.000000000000000000e+00 0.000000000000000000e+00 0.000000000000000000e+00 -5.684341886080801487e-14 0.000000000000000000e+00 0.000000000000000000e+00 0.000000000000000000e+00 0.000000000000000000e+00 0.000000000000000000e+00 0.000000000000000000e+00 0.000000000000000000e+00 0.000000000000000000e+00 -5.684341886080801487e-14 0.000000000000000000e+00 0.000000000000000000e+00 0.000000000000000000e+00 0.000000000000000000e+00 5.684341886080801487e-14 0.000000000000000000e+00 0.000000000000000000e+00 0.000000000000000000e+00 0.000000000000000000e+00 -3.552713678800500929e-15 -1.776356839400250465e-15 0.000000000000000000e+00 -2.842170943040400743e-14 0.000000000000000000e+00 0.000000000000000000e+00 0.000000000000000000e+00 0.000000000000000000e+00 0.000000000000000000e+00 1.776356839400250465e-15 0.000000000000000000e+00 0.000000000000000000e+00 0.000000000000000000e+00 0.000000000000000000e+00 0.000000000000000000e+00 0.000000000000000000e+00 0.000000000000000000e+00 0.000000000000000000e+00 0.000000000000000000e+00 0.000000000000000000e+00 0.000000000000000000e+00 0.000000000000000000e+00 0.000000000000000000e+00 0.000000000000000000e+00 0.000000000000000000e+00 0.000000000000000000e+00 0.000000000000000000e+00 0.000000000000000000e+00 0.000000000000000000e+00 0.000000000000000000e+00 0.000000000000000000e+00 2.842170943040400743e-14 1.264363600933873158e+03 -1.822368726561707490e+03 2.709921281194665426e+02 -5.202886734456466911e+03 6.087684802532775166e+02 -3.526768416762421339e+02 2.171847284756349836e+03 1.794071438985756913e+03 1.991298429240391670e+03 2.459298150504588648e+03 -7.347091913921526611e+02 -1.159704423916044107e+03 4.043590704521780935e+03 4.246805222559090112e+02 2.105829728860931937e+03 7.299449900490060372e+02 -1.466702401949382647e+03 1.368224628535841930e+03 -4.246345203576453287e+02 -4.236264642596122030e+03 3.527095901895047518e+02 -3.570816460705227087e+02 5.900827673701547837e+02 1.810149278486053390e+02 1.586142427883130040e+03 1.609042373799114102e+03
0.000000000000000000e+00 0.000000000000000000e+00 0.000000000000000000e+00 0.000000000000000000e+00 0.000000000000000000e+00 0.000000000000000000e+00 0.000000000000000000e+00 0.000000000000000000e+00 0.000000000000000000e+00 5.684341886080801487e-14 0.000000000000000000e+00 -9.094947017729282379e-13 0.000000000000000000e+00 0.000000000000000000e+00 0.000000000000000000e+00 0.000000000000000000e+00 0.000000000000000000e+00 0.000000000000000000e+00 0.000000000000000000e+00 0.000000000000000000e+00 0.000000000000000000e+00 0.000000000000000000e+00 -1.136868377216160297e-13 0.000000000000000000e+00 0.000000000000000000e+00 0.000000000000000000e+00 0.000000000000000000e+00 0.000000000000000000e+00 1.136868377216160297e-13 0.000000000000000000e+00 0.000000000000000000e+00 0.000000000000000000e+00 0.000000000000000000e+00 0.000000000000000000e+00 0.000000000000000000e+00 5.684341886080801487e-14 0.000000000000000000e+00 0.000000000000000000e+00 0.000000000000000000e+00 0.000000000000000000e+00 0.000000000000000000e+00 0.000000000000000000e+00 -2.842170943040400743e-14 0.000000000000000000e+00 0.000000000000000000e+00 5.684341886080801487e-14 0.000000000000000000e+00 0.000000000000000000e+00 0.000000000000000000e+00 0.000000000000000000e+00 5.684341886080801487e-14 0.000000000000000000e+00 0.000000000000000000e+00 0.000000000000000000e+00 0.000000000000000000e+00 0.000000000000000000e+00 0.000000000000000000e+00 0.000000000000000000e+00 0.000000000000000000e+00 0.000000000000000000e+00 0.000000000000000000e+00 0.000000000000000000e+00 0.000000000000000000e+00 1.776356839400250465e-15 0.000000000000000000e+00 0.000000000000000000e+00 0.000000000000000000e+00 0.000000000000000000e+00 0.000000000000000000e+00 0.000000000000000000e+00 0.000000000000000000e+00 0.000000000000000000e+00 -5.684341886080801487e-14 0.000000000000000000e+00 0.000000000000000000e+00 1.276343816026495688e+03 -3.923936262794333629e+02 3.018825633779033524e+02 -4.416074125766559746e+02 -2.303068805847085514e+02 5.470248992120515368e+02 -5.627951738502940771e+01 8.432814820456212601e+01 -4.747277836287690889e+02 2.660168258200030778e+01 7.888820630082593652e+02 1.011762027917518481e+02 -1.444661098646560333e+02 8.766290896591794990e+01 -2.663463847918450256e+01 6.652475458234249572e+02 2.177721596075191997e+02 -7.424586633632707162e+02 -1.019782102781471167e+03 -1.882733580535073941e+02 3.249503832221674315e+01 -4.824163312654565061e+02 -7.852656669144132593e+02 -5.144076018132495847e+02 -4.689898099771435227e+02
0.000000000000000000e+00 0.000000000000000000e+00 0.000000000000000000e+00 0.000000000000000000e+00 0.000000000000000000e+00 0.000000000000000000e+00 0.000000000000000000e+00 1.421085471520200372e-14 0.000000000000000000e+00 0.000000000000000000e+00 0.000000000000000000e+00 0.000000000000000000e+00 0.000000000000000000e+00 0.000000000000000000e+00 0.000000000000000000e+00 0.000000000000000000e+00 0.000000000000000000e+00 0.000000000000000000e+00 0.000000000000000000e+00 0.000000000000000000e+00 0.000000000000000000e+00 0.000000000000000000e+00 0.000000000000000000e+00 0.000000000000000000e+00 0.000000000000000000e+00 0.000000000000000000e+00 -2.273736754432320595e-13 -2.842170943040400743e-14 0.000000000000000000e+00 0.000000000000000000e+00 0.000000000000000000e+00 -2.273736754432320595e-13 0.000000000000000000e+00 0.000000000000000000e+00 0.000000000000000000e+00 0.000000000000000000e+00 0.000000000000000000e+00 0.000000000000000000e+00 -5.684341886080801487e-14 0.000000000000000000e+00 0.000000000000000000e+00 0.000000000000000000e+00 0.000000000000000000e+00 0.000000000000000000e+00 0.000000000000000000e+00 0.000000000000000000e+00 0.000000000000000000e+00 0.000000000000000000e+00 0.000000000000000000e+00 0.000000000000000000e+00 0.000000000000000000e+00 0.000000000000000000e+00 0.000000000000000000e+00 0.000000000000000000e+00 0.000000000000000000e+00 0.000000000000000000e+00 0.000000000000000000e+00 0.000000000000000000e+00 0.000000000000000000e+00 1.136868377216160297e-13 0.000000000000000000e+00 -4.547473508864641190e-13 0.000000000000000000e+00 0.000000000000000000e+00 0.000000000000000000e+00 0.000000000000000000e+00 0.000000000000000000e+00 0.000000000000000000e+00 0.000000000000000000e+00 0.000000000000000000e+00 0.000000000000000000e+00 0.000000000000000000e+00 0.000000000000000000e+00 0.000000000000000000e+00 0.000000000000000000e+00 0.000000000000000000e+00 -2.583406635506312341e+02 1.422981543025315204e+03 -3.928714689766295578e+02 -2.245895261159251959e+02 -9.131475220190361597e+02 -5.662833269293598732e+02 -1.537207268516474699e+02 -4.862906202236652575e+02 1.404381685529529022e+02 1.202499903675019596e+03 -1.399509872621602653e+03 1.540438317712653884e+02 -2.600234506444126623e+02 -1.472384172502391095e+02 -3.578643924874201616e+02 -3.698396651128193753e+02 6.633994034545278282e+02 2.379432262204935341e+03 -1.350800435118354130e+02 -1.339100459957075202e+02 -4.624982570331291640e+02 4.827756092195721749e+02 -1.157622334597035803e+02 -1.414758940921820169e+02
0.000000000000000000e+00 0.000000000000000000e+00 0.000000000000000000e+00 0.000000000000000000e+00 0.000000000000000000e+00 0.000000000000000000e+00 0.000000000000000000e+00 0.000000000000000000e+00 0.000000000000000000e+00 0.000000000000000000e+00 0.000000000000000000e+00 -4.547473508864641190e-13 0.000000000000000000e+00 0.000000000000000000e+00 7.105427357601001859e-15 0.000000000000000000e+00 0.000000000000000000e+00 0.000000000000000000e+00 0.000000000000000000e+00 0.000000000000000000e+00 0.000000000000000000e+00 0.000000000000000000e+00 0.000000000000000000e+00 0.000000000000000000e+00 0.000000000000000000e+00 0.000000000000000000e+00 0.000000000000000000e+00 0.000000000000000000e+00 2.842170943040400743e-14 1.421085471520200372e-14 0.000000000000000000e+00 0.000000000000000000e+00 0.000000000000000000e+00 0.000000000000000000e+00 0.000000000000000000e+00 0.000000000000000000e+00 0.000000000000000000e+00 0.000000000000000000e+00 0.000000000000000000e+00 0.000000000000000000e+00 0.000000000000000000e+00 0.000000000000000000e+00 0.000000000000000000e+00 0.000000000000000000e+00 0.000000000000000000e+00 0.000000000000000000e+00 0.000000000000000000e+00 0.000000000000000000e+00 0.000000000000000000e+00 0.000000000000000000e+00 0.000000000000000000e+00 0.000000000000000000e+00 0.000000000000000000e+00 0.000000000000000000e+00 0.000000000000000000e+00 0.000000000000000000e+00 0.000000000000000000e+00 0.000000000000000000e+00 0.000000000000000000e+00 0.000000000000000000e+00 0.000000000000000000e+00 0.000000000000000000e+00 0.000000000000000000e+00 0.000000000000000000e+00 0.000000000000000000e+00 0.000000000000000000e+00 0.000000000000000000e+00 0.000000000000000000e+00 0.000000000000000000e+00 0.000000000000000000e+00 0.000000000000000000e+00 0.000000000000000000e+00 0.000000000000000000e+00 0.000000000000000000e+00 0.000000000000000000e+00 0.000000000000000000e+00 0.000000000000000000e+00 4.442971443160060517e+03 -1.152290725192225636e+03 -4.065499614632751673e+02 -2.892123677018919807e+03 -1.894395914586476465e+03 -6.586078560304488292e+02 -1.806086178227650862e+03 6.295837899725864872e+02 3.793044588605296212e+03 -4.221047103920158406e+03 6.749753613594718900e+02 -1.315108484797142864e+03 -4.745103086404554915e+02 -1.158026791175096832e+03 -1.367402833432807711e+03 1.803039594120322363e+03 6.641242235809238082e+03 -7.559066581316053544e+02 -4.069515224531870672e+02 -1.113060672618497847e+03 1.418962934441046627e+03 -3.902327712561815360e+02 -8.994500524544567952e+02
0.000000000000000000e+00 0.000000000000000000e+00 0.000000000000000000e+00 -5.684341886080801487e-14 0.000000000000000000e+00 0.000000000000000000e+00 0.000000000000000000e+00 0.000000000000000000e+00 0.000000000000000000e+00 0.000000000000000000e+00 0.000000000000000000e+00 0.000000000000000000e+00 0.000000000000000000e+00 0.000000000000000000e+00 -2.842170943040400743e-14 0.000000000000000000e+00 0.000000000000000000e+00 0.000000000000000000e+00 0.000000000000000000e+00 0.000000000000000000e+00 0.000000000000000000e+00 0.000000000000000000e+00 0.000000000000000000e+00 0.000000000000000000e+00 0.000000000000000000e+00 0.000000000000000000e+00 0.000000000000000000e+00 0.000000000000000000e+00 0.000000000000000000e+00 0.000000000000000000e+00 0.000000000000000000e+00 7.105427357601001859e-15 0.000000000000000000e+00 0.000000000000000000e+00 0.000000000000000000e+00 0.000000000000000000e+00 0.000000000000000000e+00 0.000000000000000000e+00 0.000000000000000000e+00 0.000000000000000000e+00 0.000000000000000000e+00 0.000000000000000000e+00 0.000000000000000000e+00 0.000000000000000000e+00 0.000000000000000000e+00 0.000000000000000000e+00 0.000000000000000000e+00 0.000000000000000000e+00 0.000000000000000000e+00 0.000000000000000000e+00 0.000000000000000000e+00 -2.842170943040400743e-14 0.000000000000000000e+00 0.000000000000000000e+00 0.000000000000000000e+00 0.000000000000000000e+00 0.000000000000000000e+00 0.000000000000000000e+00 0.000000000000000000e+00 0.000000000000000000e+00 0.000000000000000000e+00 0.000000000000000000e+00 0.000000000000000000e+00 0.000000000000000000e+00 0.000000000000000000e+00 0.000000000000000000e+00 0.000000000000000000e+00 0.000000000000000000e+00 0.000000000000000000e+00 0.000000000000000000e+00 0.000000000000000000e+00 0.000000000000000000e+00 0.000000000000000000e+00 0.000000000000000000e+00 0.000000000000000000e+00 -1.136868377216160297e-13 0.000000000000000000e+00 0.000000000000000000e+00 -5.394379883296568323e+02 -5.802773725995049290e+02 4.008593697508766809e+02 -1.511241424759879237e+01 3.002472938499985275e+02 -3.609633597874932320e+01 1.839474095910299809e+02 4.466874802223043162e+02 -4.539469324202905227e+02 1.844300960245656142e+02 3.320934790075613705e+02 -4.128182296620822171e+02 -7.430261042484976315e+02 3.813229663057449557e+02 -6.936998164521321542e+01 7.520895383514290415e+02 6.622956010252570991e+01 -1.163468377890217482e+02 -5.800708118043268087e+02 3.558871706409635181e+02 -2.754781371092726658e+02 4.282085850020414455e+02
0.000000000000000000e+00 0.000000000000000000e+00 0.000000000000000000e+00 0.000000000000000000e+00 0.000000000000000000e+00 0.000000000000000000e+00 0.000000000000000000e+00 -3.552713678800500929e-15 0.000000000000000000e+00 0.000000000000000000e+00 0.000000000000000000e+00 0.000000000000000000e+00 0.000000000000000000e+00 0.000000000000000000e+00 0.000000000000000000e+00 0.000000000000000000e+00 0.000000000000000000e+00 0.000000000000000000e+00 0.000000000000000000e+00 0.000000000000000000e+00 0.000000000000000000e+00 0.000000000000000000e+00 0.000000000000000000e+00 0.000000000000000000e+00 0.000000000000000000e+00 0.000000000000000000e+00 0.000000000000000000e+00 0.000000000000000000e+00 0.000000000000000000e+00 0.000000000000000000e+00 0.000000000000000000e+00 0.000000000000000000e+00 0.000000000000000000e+00 0.000000000000000000e+00 0.000000000000000000e+00 0.000000000000000000e+00 0.000000000000000000e+00 0.000000000000000000e+00 0.000000000000000000e+00 0.000000000000000000e+00 0.000000000000000000e+00 0.000000000000000000e+00 0.000000000000000000e+00 0.000000000000000000e+00 0.000000000000000000e+00 0.000000000000000000e+00 0.000000000000000000e+00 0.000000000000000000e+00 0.000000000000000000e+00 0.000000000000000000e+00 0.000000000000000000e+00 0.000000000000000000e+00 0.000000000000000000e+00 0.000000000000000000e+00 -1.136868377216160297e-13 0.000000000000000000e+00 0.000000000000000000e+00 0.000000000000000000e+00 0.000000000000000000e+00 0.000000000000000000e+00 0.000000000000000000e+00 0.000000000000000000e+00 0.000000000000000000e+00 0.000000000000000000e+00 0.000000000000000000e+00 0.000000000000000000e+00 0.000000000000000000e+00 0.000000000000000000e+00 0.000000000000000000e+00 -5.684341886080801487e-14 0.000000000000000000e+00 0.000000000000000000e+00 0.000000000000000000e+00 0.000000000000000000e+00 0.000000000000000000e+00 0.000000000000000000e+00 0.000000000000000000e+00 0.000000000000000000e+00 0.000000000000000000e+00 3.878088628040993626e+02 7.724415149565468255e+02 3.095572891031916924e+02 -1.929283194152174872e+02 1.056022912481627003e+02 2.809331713346652464e+02 -1.442055307930708750e+03 -1.702955192387984766e+02 -8.614437227837888713e+02 -3.215038420339078584e+01 -3.800832718429776378e+02 5.613223928396100746e+02 5.819367768624363180e+02 -3.796786040897169983e+02 -9.756508880737816298e+02 3.780849744099032250e+02 3.196145482085060507e+02 3.418886212941918643e+02 -7.841631460616192726e+02 -5.060102394565395230e+02 2.501345885960042494e+02
0.000000000000000000e+00 -1.421085471520200372e-14 0.000000000000000000e+00 0.000000000000000000e+00 -3.552713678800500929e-15 0.000000000000000000e+00 0.000000000000000000e+00 0.000000000000000000e+00 0.000000000000000000e+00 0.000000000000000000e+00 0.000000000000000000e+00 1.136868377216160297e-13 0.000000000000000000e+00 4.440892098500626162e-16 -1.421085471520200372e-14 0.000000000000000000e+00 0.000000000000000000e+00 0.000000000000000000e+00 0.000000000000000000e+00 0.000000000000000000e+00 0.000000000000000000e+00 0.000000000000000000e+00 0.000000000000000000e+00 0.000000000000000000e+00 0.000000000000000000e+00 2.842170943040400743e-14 -1.136868377216160297e-13 0.000000000000000000e+00 0.000000000000000000e+00 0.000000000000000000e+00 0.000000000000000000e+00 0.000000000000000000e+00 2.273736754432320595e-13 0.000000000000000000e+00 0.000000000000000000e+00 0.000000000000000000e+00 0.000000000000000000e+00 0.000000000000000000e+00 0.000000000000000000e+00 0.000000000000000000e+00 0.000000000000000000e+00 0.000000000000000000e+00 0.000000000000000000e+00 0.000000000000000000e+00 0.000000000000000000e+00 0.000000000000000000e+00 0.000000000000000000e+00 0.000000000000000000e+00 0.000000000000000000e+00 0.000000000000000000e+00 0.000000000000000000e+00 0.000000000000000000e+00 0.000000000000000000e+00 0.000000000000000000e+00 0.000000000000000000e+00 0.000000000000000000e+00 0.000000000000000000e+00 0.000000000000000000e+00 0.000000000000000000e+00 0.000000000000000000e+00 2.273736754432320595e-13 0.000000000000000000e+00 0.000000000000000000e+00 0.000000000000000000e+00 0.000000000000000000e+00 0.000000000000000000e+00 0.000000000000000000e+00 0.000000000000000000e+00 0.000000000000000000e+00 0.000000000000000000e+00 0.000000000000000000e+00 0.000000000000000000e+00 0.000000000000000000e+00 0.000000000000000000e+00 0.000000000000000000e+00 0.000000000000000000e+00 0.000000000000000000e+00 0.000000000000000000e+00 0.000000000000000000e+00 0.000000000000000000e+00 6.481406693198304083e+02 7.927912935971343131e+02 8.120843452074765878e+01 1.419854415563440284e+02 1.620779779279269519e+02 -9.174251389310569493e+02 -1.987123792307806127e+02 -8.601601332369010606e+02 3.127240649718255554e+02 -6.487715996076203737e+02 -3.708090229386800729e+02 9.235050560420737611e+02 1.232827881207089149e+01 -2.130857874825112503e+02 2.056915071399244539e+02 3.235257185379543898e+02 2.506143828414448080e+02 -9.682849982376440039e+02 -6.156939904405646757e+02 6.257111351135038149e+02
0.000000000000000000e+00 0.000000000000000000e+00 1.421085471520200372e-14 1.136868377216160297e-13 0.000000000000000000e+00 0.000000000000000000e+00 0.000000000000000000e+00 0.000000000000000000e+00 0.000000000000000000e+00 0.000000000000000000e+00 0.000000000000000000e+00 0.000000000000000000e+00 0.000000000000000000e+00 0.000000000000000000e+00 0.000000000000000000e+00 0.000000000000000000e+00 0.000000000000000000e+00 -7.105427357601001859e-15 0.000000000000000000e+00 0.000000000000000000e+00 0.000000000000000000e+00 0.000000000000000000e+00 0.000000000000000000e+00 0.000000000000000000e+00 0.000000000000000000e+00 0.000000000000000000e+00 0.000000000000000000e+00 0.000000000000000000e+00 0.000000000000000000e+00 0.000000000000000000e+00 0.000000000000000000e+00 -3.552713678800500929e-15 -2.842170943040400743e-14 0.000000000000000000e+00 0.000000000000000000e+00 1.776356839400250465e-15 0.000000000000000000e+00 0.000000000000000000e+00 0.000000000000000000e+00 0.000000000000000000e+00 0.000000000000000000e+00 0.000000000000000000e+00 0.000000000000000000e+00 -2.842170943040400743e-14 0.000000000000000000e+00 -1.136868377216160297e-13 -5.684341886080801487e-14 0.000000000000000000e+00 0.000000000000000000e+00 0.000000000000000000e+00 0.000000000000000000e+00 0.000000000000000000e+00 0.000000000000000000e+00 0.000000000000000000e+00 0.000000000000000000e+00 2.842170943040400743e-14 0.000000000000000000e+00 0.000000000000000000e+00 0.000000000000000000e+00 0.000000000000000000e+00 0.000000000000000000e+00 0.000000000000000000e+00 -2.273736754432320595e-13 0.000000000000000000e+00 0.000000000000000000e+00 0.000000000000000000e+00 0.000000000000000000e+00 0.000000000000000000e+00 0.000000000000000000e+00 0.000000000000000000e+00 0.000000000000000000e+00 0.000000000000000000e+00 0.000000000000000000e+00 0.000000000000000000e+00 0.000000000000000000e+00 0.000000000000000000e+00 0.000000000000000000e+00 0.000000000000000000e+00 0.000000000000000000e+00 0.000000000000000000e+00 0.000000000000000000e+00 4.371917038000188995e+02 -2.310896742278823979e+01 2.314575133123528872e+02 2.371539794370306140e+02 -2.573979310054717189e+02 -1.670644095014359038e+02 -3.217802512683160785e+02 1.687435072127455555e+02 -3.058845452592053107e+02 -3.129513681375388501e+02 4.647911574639465471e+02 -8.740793504701595396e+01 1.747227841427637429e+02 -1.837675444320356632e+01 1.162729012830856874e+02 -2.218870654677148480e+02 -2.693163269964215374e+02 1.109065445367432403e+02 5.093831091808562519e+02
0.000000000000000000e+00 0.000000000000000000e+00 0.000000000000000000e+00 0.000000000000000000e+00 0.000000000000000000e+00 0.000000000000000000e+00 2.842170943040400743e-14 0.000000000000000000e+00 0.000000000000000000e+00 -1.421085471520200372e-14 0.000000000000000000e+00 0.000000000000000000e+00 0.000000000000000000e+00 0.000000000000000000e+00 -1.776356839400250465e-15 0.000000000000000000e+00 0.000000000000000000e+00 0.000000000000000000e+00 0.000000000000000000e+00 0.000000000000000000e+00 0.000000000000000000e+00 -2.842170943040400743e-14 -5.684341886080801487e-14 0.000000000000000000e+00 0.000000000000000000e+00 0.000000000000000000e+00 0.000000000000000000e+00 0.000000000000000000e+00 0.000000000000000000e+00 0.000000000000000000e+00 0.000000000000000000e+00 0.000000000000000000e+00 0.000000000000000000e+00 0.000000000000000000e+00 0.000000000000000000e+00 0.000000000000000000e+00 0.000000000000000000e+00 0.000000000000000000e+00 0.000000000000000000e+00 0.000000000000000000e+00 0.000000000000000000e+00 0.000000000000000000e+00 0.000000000000000000e+00 0.000000000000000000e+00 7.105427357601001859e-15 0.000000000000000000e+00 0.000000000000000000e+00 0.000000000000000000e+00 0.000000000000000000e+00 0.000000000000000000e+00 5.684341886080801487e-14 0.000000000000000000e+00 0.000000000000000000e+00 0.000000000000000000e+00 0.000000000000000000e+00 0.000000000000000000e+00 0.000000000000000000e+00 0.000000000000000000e+00 0.000000000000000000e+00 1.136868377216160297e-13 0.000000000000000000e+00 0.000000000000000000e+00 0.000000000000000000e+00 0.000000000000000000e+00 0.000000000000000000e+00 0.000000000000000000e+00 0.000000000000000000e+00 0.000000000000000000e+00 0.000000000000000000e+00 0.000000000000000000e+00 0.000000000000000000e+00 0.000000000000000000e+00 0.000000000000000000e+00 0.000000000000000000e+00 0.000000000000000000e+00 0.000000000000000000e+00 0.000000000000000000e+00 0.000000000000000000e+00 0.000000000000000000e+00 0.000000000000000000e+00 0.000000000000000000e+00 0.000000000000000000e+00 7.095839292721723268e+02 -4.433263583014683604e+02 -9.190351841811373106e+02 1.262568719837826620e+03 4.216900173847432711e+02 2.224016838436673424e+02 1.434111598480889711e+02 4.619502775860705697e+02 -9.467463247897484280e+02 -7.247787552033241809e+01 7.343466196955392888e+02 -3.454527064227593200e+02 -5.726140942810122851e+02 -3.689411533563034027e+02 1.956173939126097139e+01 -9.349105215902351347e+02 -2.502779318344829278e+02 -7.410792224259447494e+02
0.000000000000000000e+00 0.000000000000000000e+00 0.000000000000000000e+00 0.000000000000000000e+00 0.000000000000000000e+00 0.000000000000000000e+00 0.000000000000000000e+00 0.000000000000000000e+00 0.000000000000000000e+00 0.000000000000000000e+00 0.000000000000000000e+00 0.000000000000000000e+00 0.000000000000000000e+00 0.000000000000000000e+00 0.000000000000000000e+00 0.000000000000000000e+00 0.000000000000000000e+00 0.000000000000000000e+00 0.000000000000000000e+00 0.000000000000000000e+00 2.273736754432320595e-13 0.000000000000000000e+00 0.000000000000000000e+00 -2.842170943040400743e-14 0.000000000000000000e+00 0.000000000000000000e+00 0.000000000000000000e+00 5.684341886080801487e-14 0.000000000000000000e+00 0.000000000000000000e+00 0.000000000000000000e+00 0.000000000000000000e+00 0.000000000000000000e+00 0.000000000000000000e+00 0.000000000000000000e+00 0.000000000000000000e+00 0.000000000000000000e+00 0.000000000000000000e+00 0.000000000000000000e+00 0.000000000000000000e+00 0.000000000000000000e+00 0.000000000000000000e+00 0.000000000000000000e+00 0.000000000000000000e+00 -5.684341886080801487e-14 0.000000000000000000e+00 0.000000000000000000e+00 0.000000000000000000e+00 0.000000000000000000e+00 0.000000000000000000e+00 0.000000000000000000e+00 0.000000000000000000e+00 0.000000000000000000e+00 0.000000000000000000e+00 0.000000000000000000e+00 0.000000000000000000e+00 0.000000000000000000e+00 0.000000000000000000e+00 0.000000000000000000e+00 0.000000000000000000e+00 0.000000000000000000e+00 -4.547473508864641190e-13 0.000000000000000000e+00 0.000000000000000000e+00 0.000000000000000000e+00 5.684341886080801487e-14 0.000000000000000000e+00 0.000000000000000000e+00 0.000000000000000000e+00 0.000000000000000000e+00 0.000000000000000000e+00 0.000000000000000000e+00 0.000000000000000000e+00 0.000000000000000000e+00 4.547473508864641190e-13 0.000000000000000000e+00 0.000000000000000000e+00 0.000000000000000000e+00 0.000000000000000000e+00 0.000000000000000000e+00 0.000000000000000000e+00 0.000000000000000000e+00 1.421085471520200372e-14 4.007433986144546907e+02 4.193692838111005585e+02 3.177509587144869556e+02 -6.334420202052476725e+02 9.688493726297079434e+01 2.772308233592979718e+02 -2.060821003490134729e+01 4.028844290093981044e+02 6.428602391326768384e+02 -4.497239445317354125e+02 -2.513432673833122806e+02 -1.007909058035382230e+02 2.037838060189592397e+02 -9.212203321669719571e+02 1.764848170814902062e+02 3.312392750451281813e+02 3.394328371309928229e+02
0.000000000000000000e+00 -1.421085471520200372e-14 0.000000000000000000e+00 0.000000000000000000e+00 0.000000000000000000e+00 0.000000000000000000e+00 0.000000000000000000e+00 0.000000000000000000e+00 0.000000000000000000e+00 0.000000000000000000e+00 0.000000000000000000e+00 2.842170943040400743e-14 2.842170943040400743e-14 0.000000000000000000e+00 0.000000000000000000e+00 0.000000000000000000e+00 0.000000000000000000e+00 0.000000000000000000e+00 0.000000000000000000e+00 0.000000000000000000e+00 7.105427357601001859e-15 0.000000000000000000e+00 0.000000000000000000e+00 2.842170943040400743e-14 0.000000000000000000e+00 0.000000000000000000e+00 0.000000000000000000e+00 0.000000000000000000e+00 0.000000000000000000e+00 0.000000000000000000e+00 0.000000000000000000e+00 0.000000000000000000e+00 0.000000000000000000e+00 0.000000000000000000e+00 0.000000000000000000e+00 0.000000000000000000e+00 0.000000000000000000e+00 -7.105427357601001859e-15 0.000000000000000000e+00 0.000000000000000000e+00 0.000000000000000000e+00 0.000000000000000000e+00 0.000000000000000000e+00 0.000000000000000000e+00 0.000000000000000000e+00 0.000000000000000000e+00 0.000000000000000000e+00 0.000000000000000000e+00 0.000000000000000000e+00 0.000000000000000000e+00 0.000000000000000000e+00 0.000000000000000000e+00 0.000000000000000000e+00 0.000000000000000000e+00 0.000000000000000000e+00 0.000000000000000000e+00 0.000000000000000000e+00 0.000000000000000000e+00 0.000000000000000000e+00 0.000000000000000000e+00 0.000000000000000000e+00 0.000000000000000000e+00 0.000000000000000000e+00 0.000000000000000000e+00 0.000000000000000000e+00 0.000000000000000000e+00 0.000000000000000000e+00 0.000000000000000000e+00 0.000000000000000000e+00 0.000000000000000000e+00 -2.273736754432320595e-13 0.000000000000000000e+00 0.000000000000000000e+00 0.000000000000000000e+00 0.000000000000000000e+00 0.000000000000000000e+00 0.000000000000000000e+00 0.000000000000000000e+00 0.000000000000000000e+00 0.000000000000000000e+00 0.000000000000000000e+00 0.000000000000000000e+00 -5.684341886080801487e-14 0.000000000000000000e+00 -6.752977208824506761e+01 3.284184146982498191e+02 -6.073467994038113602e+02 4.683611403021407682e+02 -2.245067039886160387e+01 -9.783095804695520314e+01 -1.646131539542096789e+01 5.859922844241903022e+02 -1.009135060728600592e+02 -8.007232842088560574e+02 2.429033148067485115e+01 -2.364477466464618090e+02 -1.072671778058308746e+03 2.589151996985609117e+01 4.719724627357365421e+01 5.698059964882769464e+02
0.000000000000000000e+00 0.000000000000000000e+00 0.000000000000000000e+00 0.000000000000000000e+00 0.000000000000000000e+00 0.000000000000000000e+00 0.000000000000000000e+00 0.000000000000000000e+00 0.000000000000000000e+00 -7.105427357601001859e-15 0.000000000000000000e+00 0.000000000000000000e+00 0.000000000000000000e+00 0.000000000000000000e+00 7.105427357601001859e-15 0.000000000000000000e+00 0.000000000000000000e+00 0.000000000000000000e+00 0.000000000000000000e+00 0.000000000000000000e+00 0.000000000000000000e+00 0.000000000000000000e+00 0.000000000000000000e+00 -1.421085471520200372e-14 0.000000000000000000e+00 0.000000000000000000e+00 0.000000000000000000e+00 0.000000000000000000e+00 0.000000000000000000e+00 0.000000000000000000e+00 0.000000000000000000e+00 0.000000000000000000e+00 0.000000000000000000e+00 0.000000000000000000e+00 0.000000000000000000e+00 0.000000000000000000e+00 0.000000000000000000e+00 0.000000000000000000e+00 -5.684341886080801487e-14 0.000000000000000000e+00 0.000000000000000000e+00 0.000000000000000000e+00 0.000000000000000000e+00 5.684341886080801487e-14 0.000000000000000000e+00 0.000000000000000000e+00 0.000000000000000000e+00 0.000000000000000000e+00 0.000000000000000000e+00 0.000000000000000000e+00 0.000000000000000000e+00 0.000000000000000000e+00 0.000000000000000000e+00 0.000000000000000000e+00 0.000000000000000000e+00 0.000000000000000000e+00 0.000000000000000000e+00 0.000000000000000000e+00 0.000000000000000000e+00 0.000000000000000000e+00 0.000000000000000000e+00 0.000000000000000000e+00 0.000000000000000000e+00 0.000000000000000000e+00 0.000000000000000000e+00 -1.136868377216160297e-13 0.000000000000000000e+00 0.000000000000000000e+00 0.000000000000000000e+00 0.000000000000000000e+00 0.000000000000000000e+00 0.000000000000000000e+00 0.000000000000000000e+00 0.000000000000000000e+00 7.105427357601001859e-15 -2.273736754432320595e-13 0.000000000000000000e+00 0.000000000000000000e+00 0.000000000000000000e+00 0.000000000000000000e+00 0.000000000000000000e+00 0.000000000000000000e+00 0.000000000000000000e+00 0.000000000000000000e+00 0.000000000000000000e+00 -1.322695856850141809e+03 2.138446562522565728e+03 -8.957744445065990249e+02 -1.163687612550907318e+02 2.520574218303914620e+02 3.748078711104308809e+02 -2.185891674579330356e+03 2.027733230056782077e+02 2.252188002586473885e+03 7.692645594716905180e+02 9.667454140779278760e+01 2.680783879285238072e+03 6.579028250861264269e+02 3.466389340039514764e+02 -1.047278385166259568e+03
0.000000000000000000e+00 0.000000000000000000e+00 0.000000000000000000e+00 -1.136868377216160297e-13 0.000000000000000000e+00 0.000000000000000000e+00 0.000000000000000000e+00 0.000000000000000000e+00 7.105427357601001859e-15 0.000000000000000000e+00 0.000000000000000000e+00 0.000000000000000000e+00 0.000000000000000000e+00 0.000000000000000000e+00 0.000000000000000000e+00 0.000000000000000000e+00 0.000000000000000000e+00 0.000000000000000000e+00 0.000000000000000000e+00 0.000000000000000000e+00 0.000000000000000000e+00 0.000000000000000000e+00 0.000000000000000000e+00 0.000000000000000000e+00 0.000000000000000000e+00 0.000000000000000000e+00 0.000000000000000000e+00 1.136868377216160297e-13 0.000000000000000000e+00 0.000000000000000000e+00 0.000000000000000000e+00 0.000000000000000000e+00 -1.136868377216160297e-13 0.000000000000000000e+00 0.000000000000000000e+00 2.842170943040400743e-14 0.000000000000000000e+00 0.000000000000000000e+00 0.000000000000000000e+00 0.000000000000000000e+00 0.000000000000000000e+00 0.000000000000000000e+00 0.000000000000000000e+00 0.000000000000000000e+00 0.000000000000000000e+00 0.000000000000000000e+00 0.000000000000000000e+00 0.000000000000000000e+00 0.000000000000000000e+00 0.000000000000000000e+00 0.000000000000000000e+00 -5.684341886080801487e-14 0.000000000000000000e+00 0.000000000000000000e+00 0.000000000000000000e+00 0.000000000000000000e+00 -8.881784197001252323e-16 0.000000000000000000e+00 0.000000000000000000e+00 0.000000000000000000e+00 0.000000000000000000e+00 0.000000000000000000e+00 0.000000000000000000e+00 0.000000000000000000e+00 0.000000000000000000e+00 0.000000000000000000e+00 0.000000000000000000e+00 0.000000000000000000e+00 0.000000000000000000e+00 0.000000000000000000e+00 0.000000000000000000e+00 0.000000000000000000e+00 0.000000000000000000e+00 0.000000000000000000e+00 0.000000000000000000e+00 0.000000000000000000e+00 0.000000000000000000e+00 0.000000000000000000e+00 -5.684341886080801487e-14 0.000000000000000000e+00 0.000000000000000000e+00 0.000000000000000000e+00 0.000000000000000000e+00 0.000000000000000000e+00 0.000000000000000000e+00 0.000000000000000000e+00 -6.201049111285216213e+02 2.578681712198566061e+02 -1.424493644584394474e+02 5.792418410104770032e+01 -6.318055990156321400e+01 6.391340993871306182e+02 4.004235782623609907e+02 -1.360552221550568902e+03 -2.233989280840300751e+02 4.913810129380566138e+01 -5.865096051925751226e+02 -4.040816865264465605e+02 1.818927687321018993e+01 7.344432417145549152e+01
0.000000000000000000e+00 0.000000000000000000e+00 -1.421085471520200372e-14 1.136868377216160297e-13 0.000000000000000000e+00 0.000000000000000000e+00 0.000000000000000000e+00 0.000000000000000000e+00 0.000000000000000000e+00 0.000000000000000000e+00 0.000000000000000000e+00 0.000000000000000000e+00 0.000000000000000000e+00 0.000000000000000000e+00 0.000000000000000000e+00 0.000000000000000000e+00 0.000000000000000000e+00 0.000000000000000000e+00 -2.842170943040400743e-14 0.000000000000000000e+00 0.000000000000000000e+00 0.000000000000000000e+00 0.000000000000000000e+00 0.000000000000000000e+00 0.000000000000000000e+00 0.000000000000000000e+00 0.000000000000000000e+00 0.000000000000000000e+00 0.000000000000000000e+00 0.000000000000000000e+00 0.000000000000000000e+00 0.000000000000000000e+00 0.000000000000000000e+00 0.000000000000000000e+00 0.000000000000000000e+00 0.000000000000000000e+00 0.000000000000000000e+00 0.000000000000000000e+00 0.000000000000000000e+00 0.000000000000000000e+00 0.000000000000000000e+00 0.000000000000000000e+00 0.000000000000000000e+00 0.000000000000000000e+00 0.000000000000000000e+00 0.000000000000000000e+00 0.000000000000000000e+00 0.000000000000000000e+00 0.000000000000000000e+00 0.000000000000000000e+00 0.000000000000000000e+00 0.000000000000000000e+00 0.000000000000000000e+00 0.000000000000000000e+00 0.000000000000000000e+00 0.000000000000000000e+00 0.000000000000000000e+00 0.000000000000000000e+00 0.000000000000000000e+00 0.000000000000000000e+00 0.000000000000000000e+00 0.000000000000000000e+00 0.000000000000000000e+00 0.000000000000000000e+00 0.000000000000000000e+00 0.000000000000000000e+00 0.000000000000000000e+00 0.000000000000000000e+00 0.000000000000000000e+00 0.000000000000000000e+00 0.000000000000000000e+00 5.684341886080801487e-14 0.000000000000000000e+00 -1.421085471520200372e-14 0.000000000000000000e+00 -7.105427357601001859e-15 0.000000000000000000e+00 0.000000000000000000e+00 0.000000000000000000e+00 0.000000000000000000e+00 0.000000000000000000e+00 0.000000000000000000e+00 0.000000000000000000e+00 0.000000000000000000e+00 0.000000000000000000e+00 0.000000000000000000e+00 0.000000000000000000e+00 2.308608388737462974e+03 -2.596511720862587254e+02 -6.650353414279376238e+02 1.694421135382952571e+03 -6.875823165305296243e+02 -1.571547789814677117e+03 -2.391005793665262900e+02 3.106790034373655544e+03 -2.518672073448937226e+03 -3.790958232217097702e+03 3.348705459710073228e+03 1.857117794096488069e+03 3.392770512208967375e+03
0.000000000000000000e+00 1.421085471520200372e-14 0.000000000000000000e+00 0.000000000000000000e+00 0.000000000000000000e+00 0.000000000000000000e+00 0.000000000000000000e+00 0.000000000000000000e+00 0.000000000000000000e+00 0.000000000000000000e+00 0.000000000000000000e+00 0.000000000000000000e+00 0.000000000000000000e+00 -1.421085471520200372e-14 0.000000000000000000e+00 0.000000000000000000e+00 0.000000000000000000e+00 0.000000000000000000e+00 0.000000000000000000e+00 0.000000000000000000e+00 -2.842170943040400743e-14 -1.136868377216160297e-13 0.000000000000000000e+00 0.000000000000000000e+00 0.000000000000000000e+00 0.000000000000000000e+00 0.000000000000000000e+00 -5.684341886080801487e-14 0.000000000000000000e+00 0.000000000000000000e+00 0.000000000000000000e+00 0.000000000000000000e+00 0.000000000000000000e+00 0.000000000000000000e+00 0.000000000000000000e+00 0.000000000000000000e+00 0.000000000000000000e+00 0.000000000000000000e+00 0.000000000000000000e+00 0.000000000000000000e+00 0.000000000000000000e+00 0.000000000000000000e+00 2.842170943040400743e-14 0.000000000000000000e+00 0.000000000000000000e+00 0.000000000000000000e+00 0.000000000000000000e+00 0.000000000000000000e+00 0.000000000000000000e+00 0.000000000000000000e+00 0.000000000000000000e+00 0.000000000000000000e+00 0.000000000000000000e+00 0.000000000000000000e+00 0.000000000000000000e+00 0.000000000000000000e+00 0.000000000000000000e+00 0.000000000000000000e+00 -5.684341886080801487e-14 0.000000000000000000e+00 0.000000000000000000e+00 0.000000000000000000e+00 0.000000000000000000e+00 -5.684341886080801487e-14 0.000000000000000000e+00 0.000000000000000000e+00 2.273736754432320595e-13 0.000000000000000000e+00 0.000000000000000000e+00 0.000000000000000000e+00 0.000000000000000000e+00 -5.684341886080801487e-14 0.000000000000000000e+00 0.000000000000000000e+00 0.000000000000000000e+00 0.000000000000000000e+00 0.000000000000000000e+00 0.000000000000000000e+00 0.000000000000000000e+00 0.000000000000000000e+00 0.000000000000000000e+00 0.000000000000000000e+00 0.000000000000000000e+00 0.000000000000000000e+00 0.000000000000000000e+00 0.000000000000000000e+00 0.000000000000000000e+00 0.000000000000000000e+00 9.121307919978306700e+01 -5.264705898441163754e+02 -2.870187058251397616e+02 -1.934248680280299766e+02 -3.726938160623106455e+02 1.290605137386233537e+03 3.529831623641930491e+02 -3.622613555475693374e+02 1.450824019057265559e+02 6.980466532553098205e+02 -7.285577346489681076e+02 3.789902527987403573e+02
0.000000000000000000e+00 0.000000000000000000e+00 7.105427357601001859e-15 0.000000000000000000e+00 0.000000000000000000e+00 0.000000000000000000e+00 0.000000000000000000e+00 0.000000000000000000e+00 0.000000000000000000e+00 0.000000000000000000e+00 0.000000000000000000e+00 0.000000000000000000e+00 0.000000000000000000e+00 0.000000000000000000e+00 0.000000000000000000e+00 0.000000000000000000e+00 0.000000000000000000e+00 0.000000000000000000e+00 0.000000000000000000e+00 0.000000000000000000e+00 0.000000000000000000e+00 -2.842170943040400743e-14 0.000000000000000000e+00 0.000000000000000000e+00 0.000000000000000000e+00 0.000000000000000000e+00 0.000000000000000000e+00 0.000000000000000000e+00 0.000000000000000000e+00 -2.842170943040400743e-14 0.000000000000000000e+00 0.000000000000000000e+00 0.000000000000000000e+00 0.000000000000000000e+00 0.000000000000000000e+00 0.000000000000000000e+00 0.000000000000000000e+00 -1.421085471520200372e-14 0.000000000000000000e+00 0.000000000000000000e+00 0.000000000000000000e+00 0.000000000000000000e+00 0.000000000000000000e+00 -5.684341886080801487e-14 0.000000000000000000e+00 0.000000000000000000e+00 1.421085471520200372e-14 0.000000000000000000e+00 0.000000000000000000e+00 0.000000000000000000e+00 0.000000000000000000e+00 0.000000000000000000e+00 0.000000000000000000e+00 0.000000000000000000e+00 0.000000000000000000e+00 0.000000000000000000e+00 0.000000000000000000e+00 0.000000000000000000e+00 0.000000000000000000e+00 0.000000000000000000e+00 0.000000000000000000e+00 -2.273736754432320595e-13 0.000000000000000000e+00 0.000000000000000000e+00 0.000000000000000000e+00 0.000000000000000000e+00 -2.273736754432320595e-13 -5.684341886080801487e-14 0.000000000000000000e+00 0.000000000000000000e+00 0.000000000000000000e+00 0.000000000000000000e+00 0.000000000000000000e+00 0.000000000000000000e+00 0.000000000000000000e+00 0.000000000000000000e+00 0.000000000000000000e+00 0.000000000000000000e+00 0.000000000000000000e+00 0.000000000000000000e+00 -1.421085471520200372e-14 0.000000000000000000e+00 0.000000000000000000e+00 0.000000000000000000e+00 0.000000000000000000e+00 0.000000000000000000e+00 0.000000000000000000e+00 0.000000000000000000e+00 2.842170943040400743e-14 -5.544305510776948722e+02 -1.130798689345171624e+03 -6.120812380729787492e+02 2.976178467436284336e+00 1.593653114356304968e+03 1.093871279563427379e+02 -6.028357671975193171e+02 6.826617630937400918e+02 7.846628016065794782e+02 -1.339266407678314863e+03 -1.620938642543201240e+02
0.000000000000000000e+00 0.000000000000000000e+00 0.000000000000000000e+00 0.000000000000000000e+00 0.000000000000000000e+00 0.000000000000000000e+00 0.000000000000000000e+00 0.000000000000000000e+00 0.000000000000000000e+00 0.000000000000000000e+00 5.684341886080801487e-14 -2.273736754432320595e-13 0.000000000000000000e+00 0.000000000000000000e+00 1.421085471520200372e-14 0.000000000000000000e+00 -4.547473508864641190e-13 0.000000000000000000e+00 2.842170943040400743e-14 0.000000000000000000e+00 0.000000000000000000e+00 0.000000000000000000e+00 0.000000000000000000e+00 -1.136868377216160297e-13 0.000000000000000000e+00 0.000000000000000000e+00 0.000000000000000000e+00 0.000000000000000000e+00 0.000000000000000000e+00 0.000000000000000000e+00 0.000000000000000000e+00 0.000000000000000000e+00 0.000000000000000000e+00 0.000000000000000000e+00 0.000000000000000000e+00 0.000000000000000000e+00 0.000000000000000000e+00 0.000000000000000000e+00 0.000000000000000000e+00 0.000000000000000000e+00 0.000000000000000000e+00 0.000000000000000000e+00 0.000000000000000000e+00 0.000000000000000000e+00 0.000000000000000000e+00 0.000000000000000000e+00 0.000000000000000000e+00 0.000000000000000000e+00 0.000000000000000000e+00 0.000000000000000000e+00 0.000000000000000000e+00 0.000000000000000000e+00 0.000000000000000000e+00 0.000000000000000000e+00 0.000000000000000000e+00 0.000000000000000000e+00 0.000000000000000000e+00 0.000000000000000000e+00 0.000000000000000000e+00 0.000000000000000000e+00 0.000000000000000000e+00 0.000000000000000000e+00 0.000000000000000000e+00 0.000000000000000000e+00 0.000000000000000000e+00 0.000000000000000000e+00 0.000000000000000000e+00 0.000000000000000000e+00 0.000000000000000000e+00 0.000000000000000000e+00 0.000000000000000000e+00 0.000000000000000000e+00 0.000000000000000000e+00 0.000000000000000000e+00 0.000000000000000000e+00 0.000000000000000000e+00 0.000000000000000000e+00 0.000000000000000000e+00 0.000000000000000000e+00 -7.105427357601001859e-15 0.000000000000000000e+00 -2.842170943040400743e-14 0.000000000000000000e+00 0.000000000000000000e+00 0.000000000000000000e+00 0.000000000000000000e+00 0.000000000000000000e+00 0.000000000000000000e+00 0.000000000000000000e+00 0.000000000000000000e+00 2.098931653641992852e+03 5.140614614770854587e+02 -9.093230542352549719e+02 -3.563153822197709815e+02 6.574162352727760208e+02 4.158752531328511850e+02 -1.802738337772894738e+03 -1.148726364264648510e+02 1.955247293202757419e+03 1.489903608842836547e+03
7.105427357601001859e-15 -1.421085471520200372e-14 0.000000000000000000e+00 0.000000000000000000e+00 0.000000000000000000e+00 0.000000000000000000e+00 0.000000000000000000e+00 0.000000000000000000e+00 0.000000000000000000e+00 0.000000000000000000e+00 0.000000000000000000e+00 0.000000000000000000e+00 -5.684341886080801487e-14 0.000000000000000000e+00 0.000000000000000000e+00 0.000000000000000000e+00 0.000000000000000000e+00 0.000000000000000000e+00 0.000000000000000000e+00 0.000000000000000000e+00 0.000000000000000000e+00 0.000000000000000000e+00 0.000000000000000000e+00 0.000000000000000000e+00 0.000000000000000000e+00 2.842170943040400743e-14 0.000000000000000000e+00 0.000000000000000000e+00 0.000000000000000000e+00 0.000000000000000000e+00 0.000000000000000000e+00 -2.273736754432320595e-13 0.000000000000000000e+00 0.000000000000000000e+00 0.000000000000000000e+00 0.000000000000000000e+00 0.000000000000000000e+00 0.000000000000000000e+00 0.000000000000000000e+00 0.000000000000000000e+00 0.000000000000000000e+00 -1.421085471520200372e-14 0.000000000000000000e+00 0.000000000000000000e+00 -5.684341886080801487e-14 0.000000000000000000e+00 0.000000000000000000e+00 0.000000000000000000e+00 1.136868377216160297e-13 0.000000000000000000e+00 0.000000000000000000e+00 0.000000000000000000e+00 0.000000000000000000e+00 0.000000000000000000e+00 0.000000000000000000e+00 0.000000000000000000e+00 0.000000000000000000e+00 0.000000000000000000e+00 0.000000000000000000e+00 0.000000000000000000e+00 0.000000000000000000e+00 0.000000000000000000e+00 0.000000000000000000e+00 -5.684341886080801487e-14 0.000000000000000000e+00 -2.842170943040400743e-14 2.273736754432320595e-13 0.000000000000000000e+00 0.000000000000000000e+00 0.000000000000000000e+00 0.000000000000000000e+00 0.000000000000000000e+00 0.000000000000000000e+00 0.000000000000000000e+00 0.000000000000000000e+00 0.000000000000000000e+00 0.000000000000000000e+00 0.000000000000000000e+00 0.000000000000000000e+00 0.000000000000000000e+00 0.000000000000000000e+00 0.000000000000000000e+00 0.000000000000000000e+00 0.000000000000000000e+00 0.000000000000000000e+00 5.684341886080801487e-14 0.000000000000000000e+00 0.000000000000000000e+00 0.000000000000000000e+00 0.000000000000000000e+00 0.000000000000000000e+00 -9.745389190486699249e+01 -5.045386518369542159e+02 1.258916814079704238e+02 1.053405258422912141e+02 -1.999591812386539118e+02 -4.200686433971155793e+02 5.106269365601252161e+02 -3.501169278779030947e+01 3.054740953896569522e+02
0.000000000000000000e+00 0.000000000000000000e+00 -1.776356839400250465e-15 0.000000000000000000e+00 0.000000000000000000e+00 0.000000000000000000e+00 0.000000000000000000e+00 2.842170943040400743e-14 0.000000000000000000e+00 0.000000000000000000e+00 0.000000000000000000e+00 2.273736754432320595e-13 -5.684341886080801487e-14 0.000000000000000000e+00 -1.421085471520200372e-14 0.000000000000000000e+00 0.000000000000000000e+00 0.000000000000000000e+00 0.000000000000000000e+00 0.000000000000000000e+00 0.000000000000000000e+00 0.000000000000000000e+00 0.000000000000000000e+00 0.000000000000000000e+00 0.000000000000000000e+00 0.000000000000000000e+00 0.000000000000000000e+00 0.000000000000000000e+00 0.000000000000000000e+00 0.000000000000000000e+00 0.000000000000000000e+00 0.000000000000000000e+00 0.000000000000000000e+00 0.000000000000000000e+00 0.000000000000000000e+00 0.000000000000000000e+00 0.000000000000000000e+00 0.000000000000000000e+00 0.000000000000000000e+00 0.000000000000000000e+00 1.776356839400250465e-15 0.000000000000000000e+00 0.000000000000000000e+00 0.000000000000000000e+00 0.000000000000000000e+00 0.000000000000000000e+00 0.000000000000000000e+00 0.000000000000000000e+00 0.000000000000000000e+00 0.000000000000000000e+00 0.000000000000000000e+00 0.000000000000000000e+00 0.000000000000000000e+00 0.000000000000000000e+00 0.000000000000000000e+00 0.000000000000000000e+00 0.000000000000000000e+00 0.000000000000000000e+00 0.000000000000000000e+00 0.000000000000000000e+00 0.000000000000000000e+00 9.094947017729282379e-13 0.000000000000000000e+00 0.000000000000000000e+00 0.000000000000000000e+00 -1.136868377216160297e-13 0.000000000000000000e+00 0.000000000000000000e+00 0.000000000000000000e+00 0.000000000000000000e+00 0.000000000000000000e+00 -1.136868377216160297e-13 0.000000000000000000e+00 0.000000000000000000e+00 0.000000000000000000e+00 0.000000000000000000e+00 0.000000000000000000e+00 0.000000000000000000e+00 0.000000000000000000e+00 0.000000000000000000e+00 0.000000000000000000e+00 0.000000000000000000e+00 0.000000000000000000e+00 0.000000000000000000e+00 0.000000000000000000e+00 2.273736754432320595e-13 0.000000000000000000e+00 -5.684341886080801487e-14 0.000000000000000000e+00 0.000000000000000000e+00 0.000000000000000000e+00 0.000000000000000000e+00 1.403834536523745101e+03 1.607433045102965821e+02 1.254618222224063970e+02 5.133568084656416204e+02 1.379860508584628406e+03 -5.724201202823053336e+02 -9.521591656077659138e+01 -1.031017782444042496e+03
0.000000000000000000e+00 -7.105427357601001859e-15 0.000000000000000000e+00 0.000000000000000000e+00 0.000000000000000000e+00 0.000000000000000000e+00 -5.684341886080801487e-14 0.000000000000000000e+00 0.000000000000000000e+00 0.000000000000000000e+00 0.000000000000000000e+00 0.000000000000000000e+00 -2.842170943040400743e-14 0.000000000000000000e+00 0.000000000000000000e+00 0.000000000000000000e+00 0.000000000000000000e+00 0.000000000000000000e+00 0.000000000000000000e+00 0.000000000000000000e+00 0.000000000000000000e+00 0.000000000000000000e+00 0.000000000000000000e+00 0.000000000000000000e+00 0.000000000000000000e+00 0.000000000000000000e+00 0.000000000000000000e+00 0.000000000000000000e+00 0.000000000000000000e+00 0.000000000000000000e+00 0.000000000000000000e+00 0.000000000000000000e+00 0.000000000000000000e+00 0.000000000000000000e+00 0.000000000000000000e+00 0.000000000000000000e+00 0.000000000000000000e+00 0.000000000000000000e+00 0.000000000000000000e+00 0.000000000000000000e+00 -2.842170943040400743e-14 0.000000000000000000e+00 0.000000000000000000e+00 0.000000000000000000e+00 0.000000000000000000e+00 0.000000000000000000e+00 0.000000000000000000e+00 0.000000000000000000e+00 0.000000000000000000e+00 0.000000000000000000e+00 0.000000000000000000e+00 2.842170943040400743e-14 0.000000000000000000e+00 0.000000000000000000e+00 0.000000000000000000e+00 0.000000000000000000e+00 0.000000000000000000e+00 0.000000000000000000e+00 0.000000000000000000e+00 0.000000000000000000e+00 0.000000000000000000e+00 0.000000000000000000e+00 0.000000000000000000e+00 0.000000000000000000e+00 0.000000000000000000e+00 0.000000000000000000e+00 0.000000000000000000e+00 0.000000000000000000e+00 0.000000000000000000e+00 0.000000000000000000e+00 0.000000000000000000e+00 0.000000000000000000e+00 0.000000000000000000e+00 0.000000000000000000e+00 0.000000000000000000e+00 0.000000000000000000e+00 0.000000000000000000e+00 0.000000000000000000e+00 0.000000000000000000e+00 0.000000000000000000e+00 0.000000000000000000e+00 0.000000000000000000e+00 0.000000000000000000e+00 0.000000000000000000e+00 0.000000000000000000e+00 0.000000000000000000e+00 0.000000000000000000e+00 0.000000000000000000e+00 0.000000000000000000e+00 0.000000000000000000e+00 0.000000000000000000e+00 0.000000000000000000e+00 0.000000000000000000e+00 6.686790818825271572e+02 6.109478412071453022e+02 6.064413074324079389e+00 8.518860048497072057e+01 7.949671350375982684e+02 -3.863371109345928858e+02 3.769495114744406692e+02
0.000000000000000000e+00 0.000000000000000000e+00 0.000000000000000000e+00 0.000000000000000000e+00 0.000000000000000000e+00 0.000000000000000000e+00 0.000000000000000000e+00 0.000000000000000000e+00 -1.421085471520200372e-14 0.000000000000000000e+00 0.000000000000000000e+00 0.000000000000000000e+00 0.000000000000000000e+00 0.000000000000000000e+00 0.000000000000000000e+00 0.000000000000000000e+00 0.000000000000000000e+00 0.000000000000000000e+00 0.000000000000000000e+00 0.000000000000000000e+00 -5.684341886080801487e-14 0.000000000000000000e+00 0.000000000000000000e+00 0.000000000000000000e+00 0.000000000000000000e+00 0.000000000000000000e+00 0.000000000000000000e+00 0.000000000000000000e+00 0.000000000000000000e+00 0.000000000000000000e+00 0.000000000000000000e+00 0.000000000000000000e+00 0.000000000000000000e+00 0.000000000000000000e+00 0.000000000000000000e+00 -3.552713678800500929e-15 0.000000000000000000e+00 0.000000000000000000e+00 0.000000000000000000e+00 0.000000000000000000e+00 0.000000000000000000e+00 0.000000000000000000e+00 -2.220446049250313081e-16 0.000000000000000000e+00 0.000000000000000000e+00 0.000000000000000000e+00 0.000000000000000000e+00 0.000000000000000000e+00 0.000000000000000000e+00 0.000000000000000000e+00 0.000000000000000000e+00 0.000000000000000000e+00 2.842170943040400743e-14 7.105427357601001859e-15 0.000000000000000000e+00 0.000000000000000000e+00 0.000000000000000000e+00 0.000000000000000000e+00 0.000000000000000000e+00 0.000000000000000000e+00 0.000000000000000000e+00 0.000000000000000000e+00 0.000000000000000000e+00 0.000000000000000000e+00 0.000000000000000000e+00 0.000000000000000000e+00 0.000000000000000000e+00 7.105427357601001859e-15 0.000000000000000000e+00 -5.684341886080801487e-14 0.000000000000000000e+00 0.000000000000000000e+00 0.000000000000000000e+00 -7.105427357601001859e-15 0.000000000000000000e+00 0.000000000000000000e+00 0.000000000000000000e+00 0.000000000000000000e+00 0.000000000000000000e+00 0.000000000000000000e+00 0.000000000000000000e+00 0.000000000000000000e+00 0.000000000000000000e+00 0.000000000000000000e+00 -3.552713678800500929e-15 5.684341886080801487e-14 0.000000000000000000e+00 0.000000000000000000e+00 0.000000000000000000e+00 0.000000000000000000e+00 0.000000000000000000e+00 0.000000000000000000e+00 4.547473508864641190e-13 0.000000000000000000e+00 -2.758522874485922785e+02 2.068964110938080694e+02 6.536062926174904533e+02 -6.387941181910513251e+02 -1.265020923352048840e+03 5.963677580465673600e+01
1.776356839400250465e-15 0.000000000000000000e+00 0.000000000000000000e+00 0.000000000000000000e+00 0.000000000000000000e+00 0.000000000000000000e+00 0.000000000000000000e+00 0.000000000000000000e+00 0.000000000000000000e+00 0.000000000000000000e+00 0.000000000000000000e+00 4.547473508864641190e-13 0.000000000000000000e+00 0.000000000000000000e+00 2.842170943040400743e-14 0.000000000000000000e+00 0.000000000000000000e+00 0.000000000000000000e+00 0.000000000000000000e+00 0.000000000000000000e+00 0.000000000000000000e+00 8.881784197001252323e-16 0.000000000000000000e+00 0.000000000000000000e+00 0.000000000000000000e+00 0.000000000000000000e+00 0.000000000000000000e+00 0.000000000000000000e+00 0.000000000000000000e+00 0.000000000000000000e+00 0.000000000000000000e+00 0.000000000000000000e+00 0.000000000000000000e+00 0.000000000000000000e+00 0.000000000000000000e+00 0.000000000000000000e+00 0.000000000000000000e+00 0.000000000000000000e+00 0.000000000000000000e+00 0.000000000000000000e+00 0.000000000000000000e+00 0.000000000000000000e+00 0.000000000000000000e+00 -2.842170943040400743e-14 0.000000000000000000e+00 0.000000000000000000e+00 0.000000000000000000e+00 0.000000000000000000e+00 0.000000000000000000e+00 0.000000000000000000e+00 0.000000000000000000e+00 0.000000000000000000e+00 0.000000000000000000e+00 0.000000000000000000e+00 0.000000000000000000e+00 0.000000000000000000e+00 0.000000000000000000e+00 0.000000000000000000e+00 0.000000000000000000e+00 0.000000000000000000e+00 0.000000000000000000e+00 0.000000000000000000e+00 0.000000000000000000e+00 0.000000000000000000e+00 0.000000000000000000e+00 0.000000000000000000e+00 0.000000000000000000e+00 0.000000000000000000e+00 0.000000000000000000e+00 0.000000000000000000e+00 0.000000000000000000e+00 0.000000000000000000e+00 0.000000000000000000e+00 0.000000000000000000e+00 0.000000000000000000e+00 0.000000000000000000e+00 0.000000000000000000e+00 0.000000000000000000e+00 0.000000000000000000e+00 0.000000000000000000e+00 0.000000000000000000e+00 -1.136868377216160297e-13 -5.684341886080801487e-14 0.000000000000000000e+00 0.000000000000000000e+00 1.421085471520200372e-14 0.000000000000000000e+00 0.000000000000000000e+00 0.000000000000000000e+00 0.000000000000000000e+00 0.000000000000000000e+00 0.000000000000000000e+00 0.000000000000000000e+00 1.136868377216160297e-13 0.000000000000000000e+00 2.132715564017216252e+02 -5.602251150367044374e+02 -3.148114837159993158e+02 4.216656780709763552e+02 -3.711910427836843951e+01
0.000000000000000000e+00 0.000000000000000000e+00 0.000000000000000000e+00 0.000000000000000000e+00 1.421085471520200372e-14 0.000000000000000000e+00 0.000000000000000000e+00 0.000000000000000000e+00 0.000000000000000000e+00 2.842170943040400743e-14 0.000000000000000000e+00 0.000000000000000000e+00 0.000000000000000000e+00 0.000000000000000000e+00 0.000000000000000000e+00 0.000000000000000000e+00 0.000000000000000000e+00 0.000000000000000000e+00 0.000000000000000000e+00 0.000000000000000000e+00 5.684341886080801487e-14 -1.136868377216160297e-13 0.000000000000000000e+00 0.000000000000000000e+00 0.000000000000000000e+00 0.000000000000000000e+00 0.000000000000000000e+00 0.000000000000000000e+00 0.000000000000000000e+00 0.000000000000000000e+00 0.000000000000000000e+00 0.000000000000000000e+00 0.000000000000000000e+00 0.000000000000000000e+00 0.000000000000000000e+00 0.000000000000000000e+00 0.000000000000000000e+00 0.000000000000000000e+00 0.000000000000000000e+00 0.000000000000000000e+00 0.000000000000000000e+00 0.000000000000000000e+00 0.000000000000000000e+00 0.000000000000000000e+00 0.000000000000000000e+00 0.000000000000000000e+00 0.000000000000000000e+00 0.000000000000000000e+00 0.000000000000000000e+00 0.000000000000000000e+00 0.000000000000000000e+00 0.000000000000000000e+00 0.000000000000000000e+00 0.000000000000000000e+00 -5.684341886080801487e-14 0.000000000000000000e+00 0.000000000000000000e+00 0.000000000000000000e+00 0.000000000000000000e+00 0.000000000000000000e+00 0.000000000000000000e+00 -4.547473508864641190e-13 0.000000000000000000e+00 0.000000000000000000e+00 0.000000000000000000e+00 0.000000000000000000e+00 0.000000000000000000e+00 0.000000000000000000e+00 0.000000000000000000e+00 0.000000000000000000e+00 0.000000000000000000e+00 0.000000000000000000e+00 0.000000000000000000e+00 0.000000000000000000e+00 0.000000000000000000e+00 0.000000000000000000e+00 0.000000000000000000e+00 0.000000000000000000e+00 0.000000000000000000e+00 0.000000000000000000e+00 0.000000000000000000e+00 0.000000000000000000e+00 0.000000000000000000e+00 0.000000000000000000e+00 0.000000000000000000e+00 0.000000000000000000e+00 0.000000000000000000e+00 0.000000000000000000e+00 0.000000000000000000e+00 0.000000000000000000e+00 -1.136868377216160297e-13 0.000000000000000000e+00 0.000000000000000000e+00 0.000000000000000000e+00 2.842170943040400743e-14 0.000000000000000000e+00 6.016671710161550664e+02 3.598013093349005231e+01 -4.793229145656284231e+02 7.766378774838699428e+01
0.000000000000000000e+00 1.421085471520200372e-14 0.000000000000000000e+00 0.000000000000000000e+00 0.000000000000000000e+00 0.000000000000000000e+00 -1.136868377216160297e-13 0.000000000000000000e+00 0.000000000000000000e+00 0.000000000000000000e+00 0.000000000000000000e+00 -2.273736754432320595e-13 0.000000000000000000e+00 0.000000000000000000e+00 0.000000000000000000e+00 0.000000000000000000e+00 0.000000000000000000e+00 0.000000000000000000e+00 0.000000000000000000e+00 0.000000000000000000e+00 0.000000000000000000e+00 0.000000000000000000e+00 0.000000000000000000e+00 0.000000000000000000e+00 0.000000000000000000e+00 0.000000000000000000e+00 0.000000000000000000e+00 0.000000000000000000e+00 0.000000000000000000e+00 0.000000000000000000e+00 1.776356839400250465e-15 0.000000000000000000e+00 0.000000000000000000e+00 0.000000000000000000e+00 0.000000000000000000e+00 0.000000000000000000e+00 0.000000000000000000e+00 0.000000000000000000e+00 0.000000000000000000e+00 0.000000000000000000e+00 -2.842170943040400743e-14 0.000000000000000000e+00 -7.105427357601001859e-15 1.421085471520200372e-14 0.000000000000000000e+00 0.000000000000000000e+00 0.000000000000000000e+00 0.000000000000000000e+00 0.000000000000000000e+00 0.000000000000000000e+00 0.000000000000000000e+00 0.000000000000000000e+00 0.000000000000000000e+00 0.000000000000000000e+00 0.000000000000000000e+00 0.000000000000000000e+00 0.000000000000000000e+00 0.000000000000000000e+00 0.000000000000000000e+00 0.000000000000000000e+00 0.000000000000000000e+00 0.000000000000000000e+00 0.000000000000000000e+00 0.000000000000000000e+00 5.684341886080801487e-14 0.000000000000000000e+00 0.000000000000000000e+00 0.000000000000000000e+00 0.000000000000000000e+00 0.000000000000000000e+00 -1.136868377216160297e-13 0.000000000000000000e+00 0.000000000000000000e+00 0.000000000000000000e+00 0.000000000000000000e+00 0.000000000000000000e+00 0.000000000000000000e+00 0.000000000000000000e+00 2.842170943040400743e-14 0.000000000000000000e+00 0.000000000000000000e+00 0.000000000000000000e+00 0.000000000000000000e+00 5.684341886080801487e-14 0.000000000000000000e+00 0.000000000000000000e+00 0.000000000000000000e+00 0.000000000000000000e+00 0.000000000000000000e+00 0.000000000000000000e+00 0.000000000000000000e+00 0.000000000000000000e+00 4.547473508864641190e-13 0.000000000000000000e+00 0.000000000000000000e+00 0.000000000000000000e+00 0.000000000000000000e+00 -2.446019137183895964e+00 7.939458263376429841e+02 1.754294715654579022e+02
0.000000000000000000e+00 0.000000000000000000e+00 0.000000000000000000e+00 0.000000000000000000e+00 0.000000000000000000e+00 0.000000000000000000e+00 0.000000000000000000e+00 0.000000000000000000e+00 0.000000000000000000e+00 -3.552713678800500929e-15 0.000000000000000000e+00 0.000000000000000000e+00 0.000000000000000000e+00 0.000000000000000000e+00 0.000000000000000000e+00 0.000000000000000000e+00 0.000000000000000000e+00 0.000000000000000000e+00 0.000000000000000000e+00 0.000000000000000000e+00 0.000000000000000000e+00 0.000000000000000000e+00 0.000000000000000000e+00 0.000000000000000000e+00 0.000000000000000000e+00 0.000000000000000000e+00 0.000000000000000000e+00 0.000000000000000000e+00 0.000000000000000000e+00 -2.842170943040400743e-14 0.000000000000000000e+00 0.000000000000000000e+00 0.000000000000000000e+00 0.000000000000000000e+00 0.000000000000000000e+00 0.000000000000000000e+00 0.000000000000000000e+00 0.000000000000000000e+00 0.000000000000000000e+00 1.136868377216160297e-13 0.000000000000000000e+00 0.000000000000000000e+00 1.421085471520200372e-14 -3.552713678800500929e-15 0.000000000000000000e+00 -2.273736754432320595e-13 0.000000000000000000e+00 0.000000000000000000e+00 0.000000000000000000e+00 0.000000000000000000e+00 0.000000000000000000e+00 0.000000000000000000e+00 0.000000000000000000e+00 0.000000000000000000e+00 0.000000000000000000e+00 0.000000000000000000e+00 0.000000000000000000e+00 0.000000000000000000e+00 0.000000000000000000e+00 0.000000000000000000e+00 0.000000000000000000e+00 0.000000000000000000e+00 0.000000000000000000e+00 0.000000000000000000e+00 0.000000000000000000e+00 0.000000000000000000e+00 0.000000000000000000e+00 0.000000000000000000e+00 0.000000000000000000e+00 0.000000000000000000e+00 0.000000000000000000e+00 -5.684341886080801487e-14 0.000000000000000000e+00 0.000000000000000000e+00 0.000000000000000000e+00 0.000000000000000000e+00 0.000000000000000000e+00 0.000000000000000000e+00 0.000000000000000000e+00 0.000000000000000000e+00 0.000000000000000000e+00 0.000000000000000000e+00 0.000000000000000000e+00 0.000000000000000000e+00 -1.421085471520200372e-14 0.000000000000000000e+00 0.000000000000000000e+00 0.000000000000000000e+00 0.000000000000000000e+00 0.000000000000000000e+00 0.000000000000000000e+00 0.000000000000000000e+00 0.000000000000000000e+00 0.000000000000000000e+00 0.000000000000000000e+00 0.000000000000000000e+00 0.000000000000000000e+00 -1.136868377216160297e-13 2.137686376447157236e+05 4.645824097277150577e+04
0.000000000000000000e+00 0.000000000000000000e+00 0.000000000000000000e+00 0.000000000000000000e+00 0.000000000000000000e+00 0.000000000000000000e+00 0.000000000000000000e+00 0.000000000000000000e+00 0.000000000000000000e+00 0.000000000000000000e+00 0.000000000000000000e+00 0.000000000000000000e+00 0.000000000000000000e+00 0.000000000000000000e+00 0.000000000000000000e+00 0.000000000000000000e+00 0.000000000000000000e+00 7.105427357601001859e-15 0.000000000000000000e+00 0.000000000000000000e+00 0.000000000000000000e+00 0.000000000000000000e+00 0.000000000000000000e+00 0.000000000000000000e+00 0.000000000000000000e+00 0.000000000000000000e+00 0.000000000000000000e+00 -1.136868377216160297e-13 0.000000000000000000e+00 0.000000000000000000e+00 0.000000000000000000e+00 0.000000000000000000e+00 0.000000000000000000e+00 0.000000000000000000e+00 0.000000000000000000e+00 0.000000000000000000e+00 0.000000000000000000e+00 0.000000000000000000e+00 0.000000000000000000e+00 0.000000000000000000e+00 0.000000000000000000e+00 0.000000000000000000e+00 0.000000000000000000e+00 0.000000000000000000e+00 0.000000000000000000e+00 0.000000000000000000e+00 0.000000000000000000e+00 0.000000000000000000e+00 0.000000000000000000e+00 0.000000000000000000e+00 0.000000000000000000e+00 7.105427357601001859e-15 0.000000000000000000e+00 0.000000000000000000e+00 0.000000000000000000e+00 0.000000000000000000e+00 0.000000000000000000e+00 0.000000000000000000e+00 0.000000000000000000e+00 0.000000000000000000e+00 0.000000000000000000e+00 0.000000000000000000e+00 0.000000000000000000e+00 0.000000000000000000e+00 0.000000000000000000e+00 0.000000000000000000e+00 0.000000000000000000e+00 0.000000000000000000e+00 0.000000000000000000e+00 3.552713678800500929e-15 0.000000000000000000e+00 0.000000000000000000e+00 -2.842170943040400743e-14 0.000000000000000000e+00 0.000000000000000000e+00 0.000000000000000000e+00 0.000000000000000000e+00 0.000000000000000000e+00 0.000000000000000000e+00 0.000000000000000000e+00 1.136868377216160297e-13 0.000000000000000000e+00 -1.136868377216160297e-13 0.000000000000000000e+00 0.000000000000000000e+00 0.000000000000000000e+00 0.000000000000000000e+00 0.000000000000000000e+00 0.000000000000000000e+00 0.000000000000000000e+00 0.000000000000000000e+00 -2.220446049250313081e-16 0.000000000000000000e+00 0.000000000000000000e+00 0.000000000000000000e+00 0.000000000000000000e+00 0.000000000000000000e+00 1.136868377216160297e-13 0.000000000000000000e+00 -4.205938225393765606e+01
