4.977872338778877292e+01 9.926460564086832505e+01 -5.549440535129701857e+01 2.074172909701175627e+01 6.229839087891494387e+01 2.253210486422243264e+01 -9.429603674844835837e+01 -5.296664144810074504e+01 2.112791177629786432e+01 -1.686774040543986075e+01 3.885178270288389513e+01 -5.069987872917450034e+01 -5.275078911604571630e+01 5.945926668248091573e+00 2.142103419707464695e+01 9.284804096269630236e+01 -6.322021083174889355e+01 8.208438472941730879e+01 2.703973290287540010e+01 -1.954908465243320848e+01 9.797783802353805527e+01 -3.978059910058016158e+01 -5.178580748031178871e+01 2.142588695434611168e+01 6.125794832088249109e+01 -5.756419549299065608e+01 -3.754311001316155227e+01 4.625971917393266608e+01 2.317122334731473643e+01 -8.810572789600634280e+01 -3.615798636084583961e+01 -3.736291632301345089e+01 7.077325323080674480e+01 8.552674382053837121e+01 7.088181050719086329e+01 -4.523483231402352089e+01 -4.384135646882722881e+01 -3.751863737528269382e+01 9.304243485531790725e+01 -2.919755525065792767e+01 1.255301805831594208e+01 -4.601934842929367164e+01 5.257873024580163701e+01 4.790875435661828874e+01 1.285152455631795476e+01 5.194082192607416459e+01 -5.484137241058575540e+01 -7.309052594884228427e+01 5.105393161197187624e+01 1.444855842271323354e+00 -4.647744083174343643e+01 1.566072507798455149e+01 7.089584602852815465e+01 -7.450295456416893103e+01 1.321789108250182210e+01 -7.674144616494410798e+01 3.573469984725653603e+01 -6.986208115169149835e+01 3.186840252869802725e+01 -7.890533103845200458e+01 -4.955694342734446423e+00 4.879924953200170989e+01 -4.847003305230089154e+00 -7.622148196484339167e+01 -1.434404267110733144e+01 9.582267139405740863e+01 -5.636140695232339226e+01 -3.268351541237788638e+01 4.521438079510974717e+01 -8.162487937245458625e+00 7.935140985611079145e+01 5.714473749280071502e+01 -6.735143511968647090e+01 6.157879608830677398e+01 -7.071335485712926072e+01 6.046178085801102497e+01 8.337626942293962884e+01 3.104875447919201292e+01 9.761254248175757198e+01 6.287809589610029093e+01 4.680337383662350703e+01 1.734738096224486981e+01 5.382410023020810286e+01 -4.235350762819969361e+01 -6.296585148064619375e+01 5.912060413925249236e+01 -5.786357944909185846e+01 4.141222518158258481e-01 -6.931686176051260873e+01 3.956055396510288347e+01 6.176143757056672712e+01 9.575922144547044468e+01 1.470619119939323127e+01 5.127549146289572946e+01 -7.617345238234057092e+01 -6.702727786390244091e+01 3.952463474091999274e+01 -3.119905753703524454e+01 -9.928308034747601596e+00 -6.243766171480459093e+00
6.601441918330385761e+01 3.461579294314768163e+01 -6.117087061271067228e+01 9.283520809621020931e+01 6.951559210750545503e+01 4.248713888354362211e+01 3.856201381013218565e+01 -3.505956065144656009e+01 7.935537365917178931e+01 5.613237695218026602e+01 7.757934343379554321e+01 -2.580872336325921879e+01 -6.180403896475894499e+01 -2.498541901062101545e+01 -9.213617023753670310e+01 -5.369083287844502905e+01 8.136448234064698681e+01 8.783285681213536122e+01 -4.029219798371217109e+01 5.119361848245659985e+00 -4.355235639796273261e+01 8.278505688020047160e+01 -4.317269517651567412e+00 -8.834869950696231911e+01 5.622182910524060162e+00 -7.883574119019907300e+01 -7.454015885894385463e+01 9.954789827145106074e+00 8.139058079693984382e+01 1.606659361871514591e+01 7.688963925743189520e+01 7.225272038230858129e+01 6.547826891995151755e+01 -8.222812545519767014e+01 -9.003014111272855757e+01 -7.571680062061381022e+01 -1.760703299330053540e+01 7.770882407905475020e+01 -5.039646263276645044e+01 2.014490550400871882e+01 4.091865950882521474e+01 -6.835447958042763617e+00 -7.596498180806517553e+01 7.562834438414478200e+01 -6.360907631218712766e+01 8.566475665528372474e-01 -4.787280446481680940e+01 -3.579522886042130381e+01 -7.346992601482966734e+00 -1.049390773581082215e+01 -9.234623240545829503e-01 4.129722946161302843e+01 -4.821555152216156870e+01 9.153642676327379490e+01 -5.446707497860001723e+01 -8.623142011129075968e+00 -7.742270402901843340e+01 -9.813656141461915183e+01 -1.525787635666773667e+00 -1.870036463183180331e+01 5.031801770653737549e+01 8.373668163490833649e+01 1.028867372797972735e+01 5.145039472249220580e+01 3.853424763028746725e+01 -8.518119831365254413e+00 9.452008091900631825e+01 7.423678045156512439e+01 1.687501272220299597e+01 4.361821344887133023e+01 9.383902800899531371e+01 1.670941774740725805e+00 -7.943691823514328121e+00 1.292537062936729342e+01 6.366635821807525986e+01 4.239820528546388800e+01 3.509303302948296732e+01 7.085824654824048707e+01 -3.740893818969859552e+01 1.751973289019390734e+01 -3.536414984115261007e+01 -7.863706185020365069e+01 5.486701025021756095e+01 -5.415921652767927696e+01 2.813030859539162520e+01 -7.490428897983258594e+01 -9.815298958941002638e+01 8.223587334494197876e-01 2.174569564851540804e+01 7.761281648736101602e+01 4.922712016792993950e+01 6.023349452248879743e+01 -3.426856197750554145e+01 -3.710704509566213005e+00 6.488272928407866402e+01 -2.360870090589062897e+01 -2.588995203421168867e+01 8.960129137417743550e+01 1.398473854184658194e+00 7.264109601380721415e+01
-8.231242922161506215e+01 -2.442488396514492877e+01 9.363500284202660850e+01 2.213760040659956019e+01 -2.525732933023046201e+01 -5.438921437960082272e+01 -7.214826973827865686e+01 -3.713937182602759890e+01 -8.697434108388534924e+01 -4.270664945423727943e+01 3.894878561669077044e+01 -4.067594277290525184e+01 -1.079772159393431252e+01 -4.941271277158565312e+01 -3.768911451487295494e+01 -7.874579022014756902e+01 9.090812394586157552e+01 -6.331310927963846780e+01 -8.205174463825457565e+01 -9.017442557172088868e+00 1.848116335044205982e+01 -2.455176623852459272e+01 -4.725672425060718496e+01 6.498467862245158244e+01 -8.190352147247841685e+01 -2.125221148899395018e+01 -4.143696351574703840e+01 8.048144984484918041e+01 -7.087056393447335267e+01 -1.482456220017948567e+01 3.220406716245221901e+01 6.077638811799386076e+01 6.680498436064391399e+01 -7.209425241991856126e+01 -7.753223972509444195e+01 -2.670427220091175968e+01 -5.758240547203313042e+01 5.347911793844772887e+00 -4.188877752464801318e+01 -2.178193286491993774e+01 -6.856181702579593207e+01 4.166507079567989535e+01 2.071335553577995370e+01 -5.276312073239822098e+00 4.655378331484877208e+01 7.309585637513632150e+01 -6.936642665889411319e+01 3.319450172738052629e+01 -5.281864101880702123e+01 1.052141837746036401e+01 9.661419559303513438e+01 5.376816146181869271e+01 -7.301651430405613041e+01 -2.696758962973775908e+01 -2.083911526224335375e+01 4.339722030981874923e+00 -8.363585489910630599e+01 -9.794545161938353317e+01 -1.831049391256995307e+01 1.934329168507204599e+00 -5.396824344185908728e+01 4.591802227771231060e+01 4.615587657465681559e+00 7.518146616164278839e+01 -7.109758636358780848e+01 -1.793537058843244836e+01 -5.632934199512573770e+01 -1.660600662119303195e+01 -5.000309977622232793e+01 -7.509039319821965819e+00 4.462649081890990033e+01 1.118830366127309617e+01 8.831673687335310774e+00 -8.888998683075648444e+01 7.033456821375051504e+01 8.638308538095719769e+01 7.083079400298041151e+01 3.360286754889955319e+00 7.130081585745892880e+01 3.591000702214159901e-01 8.399446709964891511e+00 -7.314196051923573805e-01 5.964433224515977372e+01 -1.308815507612874285e+01 8.146673465830951955e+01 5.854943775479819124e+01 -2.185671320705932885e+01 -6.386329292207138053e+01 -2.852970113999148793e+01 1.587179311139759363e+01 -7.234270881555553956e+01 -6.347729066158522926e+01 -9.953493518437539933e+01 -7.096813910854268670e+01 -2.074807912784113739e+01 6.418653304466275245e+00 -5.463414528981507345e+01 -9.705700123216330155e+01 1.088420891362417819e+01 -3.106723059341254611e+01
5.048447577934032893e+01 -6.367846143699276240e+01 -6.717522984577730938e+01 6.430853032268908009e+01 4.478421523308199426e+01 7.681991590459799113e+01 -3.121972771207653352e+01 -2.640136658195541486e+01 -5.559432035960556107e+01 5.862034668714144914e+01 -9.952077951397073718e+01 -6.604253048552001815e+01 -3.356075216349367452e+01 8.489856847792327699e+01 -3.833606587154250178e+01 -5.773344036334344764e+01 -3.189256895073626197e+01 -1.629173820571953968e+01 -6.950892005790552730e+01 5.549255613401942355e+01 4.221199394271894789e+01 -9.468014975887406592e+01 -1.272579153745496683e+01 9.582093732651998153e+01 -6.816850398577392411e+01 -1.978756657568877131e+01 1.968516689270899178e+00 -3.281265968115147302e+01 -9.802663155054402466e+01 -8.068435523633613116e+01 -8.831503883256283416e+01 4.536347445510486409e+01 -9.840428326084466448e+01 4.527209628710679112e+01 -2.982834672528198894e+00 -6.171620352228141826e+01 8.526059401580147323e+01 7.521321547481417724e+01 -3.075260645800732107e+01 -1.604054877033711080e+01 -6.638519294253057978e+00 3.846727185091836532e+01 7.612204320892675469e+01 2.365283612812243064e+01 2.837124503088602978e+01 6.929060521244144866e+01 -1.424229769307585514e+01 9.382210910440494445e+01 -9.724010137142069254e+01 -6.490316515413147158e+01 1.217549509878041647e+01 2.421132393881578082e+01 8.941206466287002286e+01 -2.011908980253910784e+01 8.813642151185561602e+00 5.275036131436485221e+01 4.561292572264903811e+01 -6.024792818915287285e+00 5.616147994951552391e+01 8.059752370279426259e+00 -4.606315710775830041e+01 8.584549151336730688e+01 2.920806406016623669e+01 -3.703039724241064334e+01 7.994412798076112381e+00 9.085258601102907505e+01 6.996442471814972919e+01 -5.758385183558598897e+01 -5.395592772290600436e+01 9.724698330391950662e+01 8.501979917642628948e+01 9.555625074454141554e+01 -6.129212910181038865e+01 -3.613046011379947942e+01 4.421866801639907862e+01 -4.963613951060767704e+01 -7.438110713696761422e+01 -5.843288653357645757e+01 -4.181079884046383910e+01 -7.311566167260212978e+01 1.855381668986311183e+00 -1.357492182616253729e+01 -9.882810144357208060e+00 -3.978147604073208043e+01 -6.322530180982106884e+01 -1.858000581588683531e+01 -7.065061312661376292e+01 -4.383490414553321557e+01 4.534012082689028489e+01 -3.260999709136467573e+01 5.705782132994877998e+01 -4.176092178481376749e+01 5.041527701390319294e+01 -7.500632671289216091e+01 -9.285589649022374203e+01 5.655738873990503635e+01 5.478566715063425363e+01 -6.612701940958740465e+01 -1.392757285174779724e+01 -8.023302363388810932e+01
-4.039427867825580165e+00 -7.301991166389629484e+01 8.251117073586183892e+01 6.302517903943635247e+01 4.595101428272434418e+01 5.725148659077549951e+01 8.942418011229790409e+01 2.323375371116156884e+00 -4.088186956727608390e+01 -1.169478348751174224e+01 7.960822823748904398e+01 6.522405926136394783e+01 -5.444490996130241456e+00 7.418803986626170399e+01 2.031081025058874445e+01 -3.019504863519276228e+01 6.808513649283068503e+01 -4.492276117534505886e+01 -1.978874576521529605e+01 -2.540211696890185067e+01 9.408803826512263413e+01 -5.542624176672731551e+00 -6.513252376087442030e+01 -4.969410686782300957e+01 3.442644056090500726e+01 -9.060164751317276455e+01 7.694506527359152415e+01 4.293199758848302849e+01 -7.475969371632172056e+01 -5.840414566414278141e+01 -4.160873414697840644e+01 1.867507888049877351e+01 -1.304984629057803147e+01 5.590265017853781160e+01 4.426528439850753216e+01 7.598252324070466557e+01 -8.745687568618683372e+01 9.048571961798461416e+01 1.027257872088441104e+01 8.676665555048657552e+01 9.909658646484561473e+01 -7.624394091087992820e+00 4.800772859388129632e+01 3.395189358735223095e+01 -8.892671275806927156e+01 1.939732490495428863e+01 -6.227918006602888568e+01 7.130519455516574112e+01 -2.299591209387401136e+01 9.638989541270913719e+01 4.154297058848476354e+01 2.089677221022598985e+01 -8.480280775293336148e+01 9.504917247821563819e+01 3.001767632039747014e+01 -1.277542189736877276e+01 -2.838345090549930205e+01 -1.952389490929891736e+01 2.505177637564489146e+01 4.679285274111245485e+01 1.179208548814278856e+01 -1.169003652258507486e+01 6.147922382922718043e+01 -1.644218203882996931e+01 -2.408374577333634647e+01 4.726877516835645565e+01 1.428210035118790699e+01 1.688447736085336714e+00 -4.355908173997104882e+01 7.724639248318831619e+01 -8.301573344566715207e+01 1.880286205420689782e+01 -8.576404862872600177e+01 1.009813783985475766e+01 4.213293003197293274e+01 -5.670898025367843331e+01 9.484390229859440069e+01 3.258560244469435929e+01 3.643312885328739981e+01 -6.244768185502815783e+01 -4.353428934052594457e+01 -3.679775525134003544e+01 -3.610315847992922045e+01 3.241049842675553805e+01 -6.712906877524858373e+00 -9.627231341195725633e+01 -9.996094403562824482e+01 8.513882999840521393e+01 -8.861238577306944819e+01 -9.739209673971045333e+01 6.102360878122055965e+00 4.455688511797163187e+01 4.464483290910033020e+01 -9.548132305147305487e+01 9.431446742416466122e+01 -4.489116210055119893e+01 7.451908749598698023e+01 1.443886523692918900e+01 7.146968319983005813e+01 7.957235238819367851e+01
7.535883580776939539e+01 -6.286623721086633054e+01 -7.973587894280582589e+01 6.712365829020149022e+01 6.140631875419541075e+01 4.663507477811921831e+01 9.338471624051706499e+00 7.702320112084825610e+01 -3.943914801225992051e+01 -4.301719397598793648e+01 -3.789161090793788844e+01 3.344945065663605988e+01 -4.571307420073593875e+01 -5.728165301105563145e+01 -7.568417454862243687e+01 7.034607828681063779e+01 8.381672500434171980e+01 2.674961963302391155e+01 -8.708781123789978551e+01 8.544559200929978715e+01 6.537063003112763226e+01 1.284637017305763607e+01 -7.071001435013712921e+01 -4.884747929665201127e+01 -4.193509654101092821e+01 5.428722308706954891e+01 1.692240569330884625e+01 -8.842222625151978832e+01 1.311860866102740886e+01 2.070137900598287217e+01 -4.962950456328351834e+01 9.807079592544690172e+01 1.058098282366285048e+01 3.911122462754028106e+01 4.982695799421904326e+00 1.136214229252070140e+01 6.511290096567321939e+00 -7.719063180792333867e+01 2.183472986600082777e+01 -1.485791359406505308e+01 5.111455740283923888e+01 7.965551301926785754e+01 -6.747506329629430866e+01 -4.505132172026491588e+01 -9.336388616679229813e+00 -8.220774805878450309e+01 7.312873897621793162e+01 4.658065577440174820e+01 -7.373981733830530061e+01 -1.153141189661445765e+01 -7.173954122114582788e+01 7.828231664747517016e+01 7.261902242766916515e+01 -6.458570248379156453e+01 -1.399639978037173194e+01 4.767480932188087195e+01 -3.848372064975521312e+00 2.950234760364637054e+01 6.809714078541932736e+01 5.448667133126707540e+01 1.824429290849727181e+01 9.262268348273263996e+01 -1.582615789429316067e+01 4.927698448641848472e+00 8.999693363400055546e+01 3.902729609429005109e+01 3.426983926905791122e+01 -8.607109140469133024e+01 7.985667256882192078e+01 -3.293659667268833857e+01 -2.812961246282924321e+00 5.024143608517047710e+01 1.258678496838483341e+01 5.989595329063342888e+01 -1.361652185678698856e+01 -5.333596683697393814e+00 -6.663272463273277424e+01 -3.414522392858039268e+01 -6.396229748140900284e+01 3.963469860516971721e+01 5.551672350348874829e+01 8.499766191691421113e+00 -4.904836915928536456e+01 6.970078047371364960e+01 -1.078132248697869500e-01 -6.542986361589453281e+01 8.254291781114122273e+01 -4.836156018253914368e+01 8.349158186347088417e+01 9.229476714950121163e+01 5.828400303526009907e+01 4.766873472858020477e+01 -6.639850490175118125e+01 4.990513828458239232e+01 -2.423662312081980019e+01 6.693504023788773338e+01 9.019507203247854932e+01 3.772994020739830034e+01 -2.355933940292101170e+01 8.125890922728470400e+01
9.506396448711220160e+01 7.414823125346765664e+01 8.205031950005815133e+01 1.807293916566290193e+01 7.693125436053847466e+00 -5.553233287553030095e+01 4.868877704216995994e+01 -2.031075265033710764e+01 -2.978692570343135060e+01 4.536013249664364366e+01 5.552193321173078289e+01 9.084902260443749356e+01 9.240605744261259247e+01 -3.211479453143209639e+01 6.796712002274878728e+01 9.429099154472902455e+01 9.954898683962605332e+01 5.131360563096046690e+01 8.258471982589293248e+01 -1.386110913894096086e+01 -9.771579206519835736e+01 4.613678589014782006e+00 5.615484048314601750e+01 -7.031990311653015624e+01 9.897395455466181602e+01 6.751908095761046980e+01 4.372622444761040583e+01 -8.612932526308503611e+01 3.170009434789818670e+01 -6.488811589873814967e+01 -9.477064533008183389e+01 1.840405145248186614e+01 -6.740357997183919281e+01 -9.585244508049099466e+01 4.917821075072799886e+01 5.354345164535868662e+01 9.957499890283511945e+01 5.878699228866216231e+01 3.967695964824184784e+01 1.042737668274942564e+01 6.018811928463355798e+01 4.099885974122429388e+00 -3.872078895072121441e+00 -3.114224608477897505e+00 7.741906339453439045e+01 -8.081091251356819782e+01 1.253804969762994403e+01 -9.194345993645399062e+01 6.779392069823927613e+01 6.286031933657201876e+01 7.538978891410934580e+00 -1.208948265837285874e+01 -5.653381343793739688e+00 8.896466242173869432e+01 8.015555286248994094e+01 -3.612505476773479529e+01 3.342753283513459905e+00 -7.795932950311679122e+01 -5.991338709954882802e+01 -7.416277891028630620e+01 8.689837440576368977e+01 -9.094721069901959254e+01 -2.254205711159630710e+01 -8.039575274084450029e+01 5.027939871082648438e+01 -8.333346228854057358e+01 -8.463683417561391309e+01 3.698854322558727858e+01 -3.156331298881231362e+01 5.444567005747325084e+01 4.179433068838213217e+01 6.704809490555274465e+01 6.032652096507464989e+01 9.423110844197555025e+01 -1.461917439041630473e+01 7.306613405436408470e+01 8.009226384767279683e+01 5.519515113996021682e+01 -5.501238871744597958e+01 5.720319959423832756e+01 1.846858642865593936e+01 -6.676563219386738979e+01 -1.327217272639454393e+01 -3.338530964137267176e+01 8.941341443164543534e+01 3.822344900418676161e+01 6.385768924776073163e+01 4.961371617158769709e+01 -3.478474134893676251e+01 4.018951739919793908e+01 -4.380724409471132930e+01 8.675373543055354730e+01 -9.232426059762275372e+01 -6.610728866755759725e+01 -9.103727286815770015e+01 -7.367616731749444625e+01 -4.114848024697410267e+01 -9.164899846636615166e+00 -6.198581105109299472e+01 8.099614387336410459e+01
8.861074296619111124e+01 6.503663157248323046e+01 3.386648310743859724e+01 3.888252769384436647e+01 5.786350693608230245e+01 9.932991922611930136e+01 6.385860594662560175e+01 1.615327434684519403e+01 -1.752099937270101293e+01 -5.388743938116247278e+01 -4.753620041365578430e+01 -3.722803263158429843e+01 -8.973700370617655153e+01 1.797212879041202882e+01 8.307856916358844046e+00 -7.489614525487510832e+01 -8.796847975375231954e+01 1.247102280499596816e+01 -9.933052987080245089e+00 -3.000834984069074096e+01 -6.121813351375327272e+01 2.033559434717354009e+01 5.791619826978046603e+01 -7.548067628014635488e+00 2.522420352204991900e+01 -9.942282100819784318e+01 -4.402867465943975844e+01 -6.591316178379591406e+01 -1.563579175581948277e+01 -4.602140044403257946e+01 -3.455626077287885778e+01 7.083608292353369507e+01 5.969726369838085134e+00 5.487084963108245006e+01 -4.365100229697429768e+01 8.172530352523267538e+01 1.374096373160209339e+01 3.901190432568441224e+01 -1.241178607941044731e+01 5.401276692220028508e+01 7.665649732537443128e+01 5.411192830666681175e+01 -4.313933070116200241e+01 -2.240739350013998887e+01 -7.372302999719993011e+01 9.749747781236683863e+01 -2.727721706849031591e+01 7.842683897959182104e+01 3.857025859636408427e+01 -1.370584321282599660e+01 -5.860945968422053198e+01 9.837580617267539651e+01 3.883629381068135444e+01 4.226301176043548935e+01 -3.056897325360712614e+01 -1.582895629063771992e+01 -2.785566505611009802e+01 7.041845540266530179e+01 1.681137342051073347e-01 9.732606284570900357e+01 -6.657263155931785548e+01 -7.081373798399617669e+01 -4.896163516783347092e+01 -2.169423775364261076e+01 7.538183973157254059e+01 1.933058751064228886e+01 -5.726481012736825704e+01 9.010861135192689630e+01 2.414395157457418861e+01 9.472878487507563250e+01 -5.495634094531585134e+01 -6.106911785872601683e+01 9.904037774042726028e+01 -9.648595962555488370e+01 1.127500170678452207e+01 -2.887173100829163275e+01 4.222149646000252687e+01 -7.279979766901945482e+01 -9.729368543882884524e+00 -7.438825983967487332e+01 6.605555907933251092e+01 3.643514497053138257e+01 -5.267190801006058365e+01 -1.819717920160113067e+01 -2.867496264661333782e+01 -8.455204603750210879e+01 -5.755211888700295475e+01 5.993104724434004993e+01 -9.254748084992283452e+01 -5.152206108230343773e+01 -9.094708480631797443e+01 8.271563596412562447e+01 3.109692200922785332e+01 -5.675066656334997361e+01 7.652643615612262806e+01 -2.194589336771875310e+01 -9.038673733916797914e+01 4.021557297161541555e+01 -4.303526024774942016e+01 -7.611902326245593997e+01
9.736891937666729291e+01 -2.833928106921237600e+01 5.457996765727637012e+01 -1.270080906400310994e+01 4.987013955432598777e+01 1.233770135153125125e+01 3.050147665014506515e+00 -2.910038286524354589e+01 -1.829574659175017359e+01 -3.065860105307984895e+01 3.068562565505141038e+01 -8.689919403116151386e+01 9.680026164028609514e+01 3.426778406518528186e+01 4.895097333626202385e+01 -8.543695494848601868e+01 -8.656761148979785503e+01 -9.998240612073800548e+01 9.616829302501147936e+01 -3.313212195427988149e+01 -7.991582555107690666e+01 -2.025250870418464899e+01 -9.657090571193305095e+01 -6.943398233283708976e+01 -2.527242854886331713e+01 -8.782337863151141732e+01 4.690150362035481635e+01 8.904481724553164668e+01 -7.177067746964232242e+01 -9.741260274726850810e+01 1.148570945854221748e+01 3.533092959374189945e+01 1.895064544853748600e+01 6.105035270832871674e+01 -5.730938668363489796e+01 -1.077772823134762348e+01 -7.202026065320667669e+01 -8.273829662453894684e+01 -1.859298715689057246e+01 -4.914141736042374475e+01 -5.369343419414632024e+01 5.602241504419237117e+01 -8.953194006002718197e-02 -2.297932675660250368e+01 -9.283235494287498568e+01 -4.764294435606317535e+01 6.334870900160194651e+01 -4.500243775811989622e+01 -4.594679927033238442e+01 6.389006295259335388e+01 8.708098063507188158e+01 1.198586704311037465e+01 7.472043904043465545e+01 -4.499921428981430438e+01 -2.679590681584585354e+00 5.653382463712563322e+01 4.502505852473882442e+01 -6.483818425560698984e+01 -6.360117250660237431e+01 4.247465521942106648e+01 -8.515361683974060725e+01 4.063122012179113085e+01 -9.934653545705047861e+01 -7.954273497601060683e+01 9.447373265322661950e+01 9.291336778016116682e+01 -8.035289296290144989e+01 8.571125600325970595e+01 7.239964915076518537e+01 -3.201764820177888282e+01 -7.329935318134030808e+01 -9.862273819217965354e+01 -5.565937157105685174e+01 -6.944678062106729044e+01 7.422383959743453374e+01 7.566623890948386588e+01 -8.876298132097706173e+01 3.706149496895707784e+01 6.200395814065328182e+01 -8.768985606527822085e+01 -9.601355252584852451e+00 5.816596175510332500e+01 9.935938397399638689e+00 9.059274144651521965e+01 1.706290823224003361e+01 -4.773223155825032649e+01 -9.910324965922360718e+01 7.288018854751140907e+01 -4.379995628599857582e+00 -8.711888909328308728e+01 -4.729665267525775363e+01 5.039266926831663795e+01 2.475676832615008038e+00 6.098585795734382486e+01 4.358359928174806441e+01 -4.655781987658386356e+00 2.908778707457045698e+00 2.394982671145329789e+01 -4.931523571505569237e+01 -3.847798484136259844e+01
-9.330538668517647238e+00 7.545013886685538296e+00 -5.752081042095063168e+01 -2.784947311314824958e+01 -7.790552599416625412e+01 3.134066759020342374e+00 6.580677134662056460e+01 -1.608070169915633585e+01 7.275958944320362320e+01 9.369044718699649366e+01 4.745240861866491855e+00 6.822340695695973523e+01 9.365913281017782310e+01 -6.319687743954020931e+01 4.440940665668716747e+01 -5.396059039002057034e+01 -7.350331261798751825e+01 8.556547307918867773e+01 8.207620703301850540e+01 6.241703012916644866e+01 -9.002687919028014107e+01 6.457357960738553970e+01 4.786464638970991814e+01 -4.212869860880086037e+01 -5.764264257973972150e+01 5.273010167129231718e+01 -8.221195562844114590e+01 9.854145963018143561e+01 -9.084291725665593731e+01 7.001948763934493059e+01 -2.861398376665297860e+01 -8.617512773573787399e+01 2.051852699293461058e+01 -2.547747358318572708e+01 -1.796046485598662912e+01 -1.959802144762556964e+01 4.144663021287220772e+01 9.242068507793544541e+01 9.017971865126739317e+01 -1.578544998510705000e+01 -1.508910957302009592e+01 -1.585722987860054900e+01 1.080345664016755336e+01 8.278658114205558149e+01 9.546910997451192316e+01 7.749340373172117324e+00 -7.729748977003526988e+01 -4.023077362925977241e+01 -5.579479502147861325e+01 -1.913314360879269316e+00 3.730665713492805935e+01 1.750344955157110860e+01 -5.941021503315839425e+01 4.154786745899022549e+01 -7.891470437943313243e+01 9.830396816313452746e+00 -9.045374005707544995e+01 -1.337210224236895328e+01 -7.894040394712709485e+01 2.288348946552002872e+01 -2.489146260095157004e+01 -4.582100812448681637e+01 5.805378445567743029e+01 -7.242600806494996846e+01 -9.525705962798103599e+01 -6.051474941589010115e+01 -2.429599302260933769e+01 -1.749094180461696624e+01 3.296943626646304892e+01 -8.782948399639580828e+01 -7.281905934188024787e+01 9.317587983797923812e+01 5.641098442836863569e+01 6.535523830900643816e+01 -4.881147068000232991e+01 -9.479234436165411637e+01 -4.273812893664901225e+01 -4.194547811378701851e+01 7.909493650432000322e+01 9.433416618318725000e+01 8.483844589492321120e+01 2.757627728081372709e+01 -2.636971010061790821e+01 9.411220163946083517e+01 -2.503828140214652365e+01 -8.056915351969840344e+01 7.864192643886093492e+01 -6.345419268556604919e+01 9.599314001684209074e+01 4.720869784234420763e+01 -8.956727554972641769e+01 1.893150739660423199e+01 6.084552614363792600e+01 -7.922520779582774253e+01 1.867493366028314483e+01 9.113039561592273685e+01 -8.613914271191917749e+01 -2.685918658992314079e+01 7.016031809668908181e+01 3.951028924238329409e+00
8.799636767855028552e+01 -5.194726511845067307e+01 3.288936269650514532e+01 9.355862348134269268e+01 -7.185077798187307963e+00 -4.542068737058275474e+01 -7.676620578038814813e+01 -9.156529283904919225e+01 -8.108258347039051728e+01 2.731718335245403750e+01 -9.862611728764257180e+01 4.281363703367395601e+01 1.999466527807105365e+01 -2.702728793735926160e+01 6.279386747123402301e+01 1.696849561231128689e+01 -7.596606094390443786e+01 1.119915918315355441e+01 -9.905598130175832239e+01 4.724200538546213579e+01 -7.656961251964577286e+01 9.131369595271948469e+01 5.632823558880357950e+01 7.621425261190341871e+01 -1.671051864464617154e+01 1.856101556872262393e+01 3.862147628240347785e+01 5.128347378668470924e+01 -8.920742868613884013e+01 -8.571011458026518426e+01 -1.121472307772599208e+01 2.175330273736125264e+01 5.306839822550230679e+01 -9.224467384349759413e+01 -3.362556508338234096e+01 8.597571172018021457e+00 -4.784540664188199344e-01 -2.600286864050703173e+01 -4.901000956190380009e+01 -7.994565687888153604e+01 5.032326965760594817e+01 7.738779111070584804e+01 -3.870207112173329733e+01 4.952892419976677729e-01 -2.491385270835677090e+01 -5.736734651503561366e+01 8.990082555399561670e+01 5.136459745700690860e+01 1.028101593669430258e+01 5.908281854131530508e+00 6.645373590509208839e+01 3.719467422479175411e+01 -2.357068421252314749e+01 7.534272117731154594e+01 -2.092506646355136013e+01 6.905723445102208302e+01 -4.862108704850700747e+01 -6.395221286174263753e+01 -3.235655405604529733e+01 -4.955033189966853513e+01 2.523108034142344991e+01 5.371300876895836041e+01 4.278190725448561693e+01 1.167064998270734577e+01 -5.858403435028662898e+01 -9.447205577469590310e+01 1.866782136329518949e+00 -3.478261904319401765e+01 -3.055091359939756046e+01 -9.498375846059674643e+01 -5.126143519464218912e+01 -1.633726312517592305e+01 -3.052341972751075616e+01 3.709692130958987377e+01 4.549316684437724234e+01 -5.337957927454086615e+01 -6.124591087980535065e+01 5.584637038847540680e+01 -1.212375851950748995e+01 3.576182508060730925e+01 -4.207251369203066815e+01 -9.284879697845971691e+01 7.636579875754517843e+01 -5.505222725063276812e+01 2.349590522534100501e+00 5.650454807763628651e+01 5.610140265574719365e+01 7.189312440668433624e+01 -2.444493212324721299e+01 4.621417019986375863e+01 -7.808004006973433775e+01 3.577069251088005331e+01 1.234310642371738709e+01 -5.231732359944791710e+01 8.976373732532277927e+01 2.014390850034534708e+01 2.859149594169750230e+00 4.872553454458156352e+00 8.402285754515725102e+01 2.901052160083210651e+01
6.187569105321969687e+01 9.812527381885652744e+01 5.392498940988829759e+00 6.230980299767679753e+01 4.075399365270428120e+01 -3.600331590625980027e+01 -8.511717866382764441e+01 -6.712027990151312906e+00 8.920061046759968804e+01 -9.517199808349654688e+01 -9.145183745551321408e+01 -5.299423372599616755e+01 -2.290986886246928123e+01 -4.043147756437861062e+00 3.159219903040278155e+01 -4.191324055786689229e+01 5.703703975234907375e+01 -6.808115685028461428e+01 -9.702817598466833715e+01 -5.335068507904434654e+01 6.136876396546793444e+01 2.372655129051848633e+01 4.570165243147596357e+01 8.068867862703797300e+00 1.280704894826855877e+01 5.092479769450727645e+01 -4.999212978742391300e+01 6.080042105382921136e+01 2.621614154432745636e+01 -4.003629762447388885e+00 9.126239734501675116e+01 -3.861775045102504578e+00 -6.458123031921235224e+01 -8.321963430213395441e+01 5.650079120529144916e+01 6.733767358735443054e+01 -3.836301268900464123e+01 -5.104306042355302253e+01 -5.075596290080013517e+01 -8.225548500223945325e+01 7.907953328934974024e+01 7.648119345133775937e+01 -1.817762338700990199e+01 -7.986548945470417493e-01 5.458088596308328988e+01 -8.384736476496968294e+01 -9.563117676365719433e+01 7.675771826203754244e+01 1.720285273956878314e+01 -8.111456491913533284e+01 1.011008420905426419e+00 9.267270218225155531e+01 7.633924178481711920e+01 2.319466634003890704e+01 1.875999224905044116e+00 7.223778441648047988e+01 -4.524084279806663744e+01 8.231508497810847302e+01 5.477924267185898088e+01 6.095391596044566995e+01 -6.154760797110891701e+01 1.665863743602939451e+01 8.663386039349870771e+01 8.680487161216743175e+01 -1.917658236680360062e+01 -8.931193862448046161e+01 -1.434383653892912491e+01 2.007317264335659956e+01 -3.698053982705340559e+01 2.029015576424492906e+01 -2.626091251591900289e+01 6.865135759573587393e+01 9.770740895593684172e+01 -4.142404484249821905e+01 -7.571994511766524738e+01 -7.486864071838670043e+01 6.260300395521730366e+01 -5.728693686810910890e+01 -5.503753696193030009e-01 -5.486061440298954039e+00 1.608488041835150284e+01 -9.249607860430356254e+01 8.346628223579301675e+01 -4.326596123566389451e+00 6.527935906616875172e+01 -8.115203393637291640e+01 -7.652600580987268586e+00 -8.334330872771289478e+00 -1.289025572821216770e+00 -2.191601743173947625e+00 -7.049944520459787611e+01 3.397294473264119574e+01 1.083259657661312758e+01 4.660967116651571018e+01 -4.683968658722659484e+01 6.535550228474087930e+01 7.040339843293244826e+01 1.627676173388664438e+00 -5.047774546617873170e+00 8.705053031840748190e+01
6.565277114566342220e+01 -7.475568574444181991e+01 -5.377609775556966554e+01 -4.216797300612073940e+01 -1.977218083540932980e+01 3.892561606796581941e+01 -8.551804332640622874e+01 7.671781081359173982e+01 4.904500083941408661e+01 -3.071344132409261363e+01 -3.183095302164997520e+01 -4.384420826249197489e+00 -2.975130193454553762e+01 3.355733661446177507e+01 -9.966187751697364661e+01 -3.652648781356386820e+01 5.559222911402997624e+01 -5.301574063715128915e+01 8.909428041447586111e+01 2.292420775240040598e+01 -5.960256341804688418e+01 7.492716849094225040e+01 -3.685967041726330251e+01 5.333017419370116841e+01 2.133883586845664126e+01 4.976037552715882839e+01 -7.765403146684752755e+01 -9.394381069411157625e+01 1.179445996002699815e+01 -7.041588296324603391e+01 6.232752945253579924e+01 5.187497857754635788e+01 -8.297343349558431669e+00 4.511431794406811946e+01 1.262473825370598490e+01 -4.726970674525934157e+01 7.387378193827959194e+01 -7.699001211678574919e+01 4.710003048200439935e+01 6.559688764674413619e+01 6.841827324660337695e+01 9.818833475225716256e+01 1.748843193317685518e+01 4.641453055094302727e+01 -7.666330696175054982e+01 -5.909306444736992603e+01 -7.690552116782734515e+01 -3.675211844052581966e+01 -8.377787616713388275e+01 -2.071119573107984024e+01 3.296802887001598492e+01 7.459474731443549445e-01 4.224506769478560386e+01 3.900395018824602289e+01 -5.442701954259727870e+01 5.736232184459703376e+01 8.358271682365290189e+01 -4.486209976080621686e+01 -6.595569344813161194e+01 7.909113389242233438e+01 -1.231653280200583822e+01 7.459481552901712575e+01 3.792322075778159274e+00 6.296692131781568946e+00 2.275319340506169397e+01 9.333650879294225433e+01 2.572076070304969164e+01 -2.119762997240270863e+01 1.691297420083064651e+01 -4.220350612556656245e+01 8.746545843426446254e+01 4.903330218147047503e+01 3.343198024067254437e+01 -6.657393489789274099e+01 -8.404866284220697992e+01 2.446623891852203769e+01 8.067618572635402074e+01 6.557622548453863942e+00 5.039826310874875048e+01 -9.474390501167604839e+01 -9.896774703852642574e+01 8.436830134108657830e+01 -5.267840361858353759e+01 -1.727219512226054121e+01 -4.948493800553535493e+00 -6.484402019543222195e+01 4.534388096067095830e+01 6.465314082117100725e+01 1.543097217357323814e+01 3.975012872025016009e+01 -8.725197157543328785e+01 -9.558948708374859393e+01 4.874963111594524889e+00 -2.325407708862152845e+01 -6.133208250407202655e+01 -7.247085809570165793e+01 7.152847434032864271e+01 7.409881085758698305e+01 2.874658169359696558e+01 -6.930883672360369019e+01
-4.244642219874734224e+00 3.468784882178619000e+01 1.600401831851409895e+01 5.610391376788138018e+01 5.017641285431423626e+00 4.328767226619879693e+01 3.805589433759172380e+01 -7.399376472620858181e+00 -6.826994492551609994e+01 9.376133294672030161e+01 -5.414527077145115186e+01 9.999476081810857409e+01 8.500113591865775220e+01 8.995754885713898830e+01 8.180734752311568059e+01 2.424852346822832772e+01 -8.172096012914600749e+01 -4.286405401291426642e+01 -4.034403446803300852e+01 -3.715307609915529952e+01 5.730361269027579851e+01 -4.630759341602441737e+01 5.632541236682854446e+01 2.443485229826545435e+01 2.013443145553873137e+01 -6.108556972748377945e+01 -9.709743834933495066e+01 8.348959173458325722e+01 8.016094972663273666e+01 4.654772674050786918e+01 2.691259997156394945e+01 -3.510661290720892680e+01 8.654341648574620649e+01 -5.818528859552960597e+01 -9.328532056735700451e+01 5.235643297728498169e+01 -6.300641453009872350e+01 -3.975952669770972392e+01 4.309530099506864076e+01 7.920792818135126367e+01 2.950887526958015883e+01 -4.974197458543014960e+01 8.601614719136068743e+01 -9.781770379078243138e+01 6.919992226150361603e+01 -3.811845639278914177e+00 7.938564371667479236e+01 1.445410101256945268e+01 5.965973312257659700e+00 -4.830151654073433320e+01 -8.005036154109575364e+01 3.353506456989941853e+01 2.193646043755879305e+01 -2.698378667593711100e+01 2.756118013537367517e+01 2.136950308200589177e+01 3.352247472499399805e+01 8.228633930727994539e+00 8.180923729893893892e+01 -6.015276966708245254e+01 7.017885230594893642e+01 -2.829841159411299145e+01 -1.493233322423100162e+01 -8.069528065129148331e+01 8.380457133701230532e+01 -9.475533958437092963e+01 -4.858419617765874676e+01 6.979247569522831895e+01 -6.549057821576550964e+01 -8.231228829745298015e+01 -6.279084597056727546e+01 6.595502475858251046e+01 -5.142420485892837689e+01 5.768894866794494192e+01 8.189854938182250521e+01 -9.513209745130015449e+01 4.941240385444459093e+01 -5.068089930714734237e-01 2.411702458449428832e+01 3.123938840371363312e+01 -4.043068600290850867e+01 -9.577162640146951844e+01 -3.135010707360746096e+01 -6.651258159115332091e+01 9.544133092847303601e+01 -1.879657253350679014e+01 -8.348046151332462728e+01 -6.770832532098026491e+01 1.224898725865608640e+01 8.747145317312862289e+01 -5.317462100790280033e+01 -1.618675326530629377e+01 1.148224409932927870e+01 -4.996669848768154054e+01 6.354820230876353548e+01 6.295992574883052839e+01 -8.946122515153049903e+01 5.715653785131706854e-01 -6.402488873117675894e+01 -6.396367904111384206e+01
4.892622674570597496e+01 5.398659483373799617e+01 -6.145989433504948352e+01 2.184519054078705835e+00 -2.867070195689001366e+01 6.868145525983265998e+01 6.825447696376298268e+01 -1.257130786477465278e+01 8.220898362726796904e+01 8.665050788706844287e+01 -2.648780147663075013e+00 9.349941007794458869e+01 5.916212739167582413e+01 1.796036568390829302e+01 -1.742613469244341218e+01 6.201265107116540776e+01 2.318291320011702794e+01 -8.624336047730380983e+00 -4.395964991964742552e+01 4.171810223880356716e-02 6.053605564598564115e+01 -2.660967270411846641e+01 9.448465074756830973e+01 -7.227827475121257805e+01 -4.013649379496342107e+01 -8.432051372023209979e+01 4.233373355057884169e+01 3.400607984601870726e+01 2.240232643565344972e+01 9.379212462075204826e+01 4.884886226692319156e+01 -1.981661901433469097e+01 -8.616266446604004159e+01 4.466890865676836597e+01 -1.444367349845322224e+00 2.531015540904080297e+01 -1.160128904200907130e+01 5.045249123606689068e+01 8.799545062894779335e+00 -6.705797571190143458e+01 -7.323499578030180146e+01 -7.538358357428391798e+01 4.689401723975612413e+01 -9.683757607860363237e+01 5.856054607190384331e+01 -1.312742732521188316e+01 -9.146616907966038923e+01 3.942156268521551965e+01 -7.002298062850931615e+01 3.677382915436771782e+01 8.883556657633457121e+01 -4.233506661964023721e+01 9.744054242164219204e+01 -3.377186450699292664e+01 1.355919011940882513e+01 -7.627073164035138575e+01 -1.471508086870929333e+01 9.607274367288817984e+01 7.790884070052115362e+01 7.207420924745110824e+01 -9.066567102267893574e+01 -7.307742318377648871e+01 -4.653173038202334055e+01 -1.449630298376689552e-01 6.131003857808264002e+01 6.664666660302523837e+01 -1.247504240855347746e+01 -4.443577757835033282e+01 -7.138703873007005996e+01 -6.847493680869280297e+01 4.237943317709488156e+01 -8.300573369518424727e+01 -8.372199723841207231e+01 3.829530386142536713e+00 2.033344638120360059e+01 2.467376691220550811e+00 5.842832463295493994e+01 2.634384804267003233e+01 9.117401718056117943e+01 -9.625300162397851977e+01 5.940616095989523160e+01 -6.835906716751689771e+01 -9.280910902438901644e+01 4.872389721513718541e+01 -3.088809946788684613e+01 4.402872789735204151e+01 -3.981578615324767867e+01 -2.029307453570395126e+01 3.224422441485160107e+01 -9.669758790479596655e+01 9.140697120703819678e+00 3.211805597143063551e+01 -6.164504460516555184e+01 1.443176103737351923e+01 -8.584757306087891493e+01 6.365803828598603786e+01 5.987326525784462206e+01 2.795587216717150625e+01 -2.666622871065524691e+01 3.991363479134361114e+01
-3.753484218037519327e+01 2.663592115710301300e+00 3.689471403468175481e+01 -1.048772450894929875e+01 9.883724422747351923e+01 -4.452792850162916238e+01 3.648190287048990399e+01 3.422104740639409215e+01 -4.191895568963606422e+01 -5.090737325374885813e+01 1.086536032032836374e+01 2.333795146823656808e+01 9.183025544910523763e+01 -3.498442442340075331e+01 -8.997784059366182419e+01 -6.408052875103047086e+01 2.488001929675314727e+01 -8.928435226190715923e+01 -2.366354140979407816e+01 -7.338245402939969608e+01 4.028876858151818396e+01 7.976316420708235455e+01 -8.005368861554555338e+01 -2.932232836558013389e+01 -6.603813430425535103e+01 5.610525129352436124e+01 -1.586255003960673093e+00 -7.981569675115463269e+01 7.897080884436746828e+01 9.700345120361888007e+01 -5.146821864461634988e+01 6.962693528741715454e+01 -3.354445279979188399e+01 -2.200706719112220355e+01 6.148812938392879346e+01 4.364213379403821591e+01 -4.549966186918872069e+01 -7.966324241945403628e+01 -5.047630724312483608e+00 6.818290121110740643e+01 -5.980638667770359262e+01 -6.542313620912021577e+01 -5.116696972418570510e+01 -3.907510937312892452e+01 -2.099897292224454759e+01 2.702159956179308153e+01 9.884572501871843997e+01 -5.173648267466126782e+01 -4.602182026129801784e+01 -9.543151004712058239e+00 7.887433423242072195e+00 1.538102449859917442e+01 7.618176607536088341e+01 6.511847378408924669e+01 9.715054499414063116e+01 -2.188037762313499002e+01 -9.950462576817133709e+01 -3.000204417016854563e+01 -6.941216134442231578e+01 8.041170210135771867e+01 -1.097069652382170091e+01 -4.683813479627190191e-01 -8.263853120110775308e+01 5.564303156083826707e+01 8.195358758560092838e+01 -1.933500822133808583e+01 9.363295727047579931e+01 -2.170248552818404164e+01 -3.005836509167096438e+00 6.157934593058229211e+01 6.683038725528979285e+01 -3.874713134350542276e+01 -7.692126525977376161e+01 -5.925800966226266553e+01 -4.063474853119964081e+01 7.898084075723534170e+01 8.033426127978549403e+01 7.937748350923942553e+01 -2.838668852378222596e+01 -6.475427968819539615e+01 8.716738588137459942e+00 3.753136439907228805e+01 -4.950799550316232001e+01 -4.204056011385481639e+01 1.288545087858040006e+01 -5.459522927370230860e+01 -5.018263316005475616e+01 8.706418990776157329e+01 8.910749244618352805e+01 5.521531247235574824e+01 5.873570949398208541e+01 -2.020677042022907699e+01 -2.306885925530082204e+01 -4.544484600659032481e+00 1.275762409715635215e+01 -1.559074805119226426e+01 4.384123483767061202e+01 3.182494593815988537e+00 9.976881885439476605e+01 -5.668366083420173140e+01
4.989873892489347895e+01 1.864052917604908544e+01 2.382421312104408173e+01 4.875055082183476429e+01 1.244229914744792609e+01 -1.771833931844335552e+01 2.611823765937705843e+01 -3.416459842603399011e+01 2.174139621298516545e+01 6.919034521104015312e+01 -4.032168104022317578e+01 6.497940903266569990e+01 1.910589013806061587e+01 -2.979991842246141687e+01 -4.064457582603615293e+01 8.993392288046169369e+01 3.676884186515454189e+01 1.069124363078299211e+01 -9.586781294652861618e+01 -4.595017867675910139e+01 5.000682324967542058e+01 -9.865763353265421642e+01 7.940194218301982687e+00 -3.886498615860229933e+01 5.287441818793442394e+01 -6.315232130510239017e+00 -4.005685477446756693e+01 9.055547086904283560e+00 5.280673730167450231e+01 -6.862559569905710077e+01 -1.428132577479439647e+01 9.255200764953352177e+01 1.914980604782969920e+01 -8.487818364393939419e+01 -4.491527808389748344e+01 -5.748629845920709869e+01 2.334087922557206696e+01 -8.288712888351641084e+01 -2.029556707367663648e+01 -2.502126060641329275e+01 -1.393505567331646944e+01 6.110052410128062661e+01 -5.698345398273816187e+01 6.224663759225140325e+01 1.248528358212131195e+01 8.816245535447256998e+01 5.832141693017595685e+01 8.577625539798955856e+01 -8.697026499772721309e+01 3.032738000974424608e+01 -1.235294283403356985e+01 6.957873222317005002e+01 5.113015913601438456e+01 -6.883744112626331457e+00 4.116625396285678562e+01 -4.922270325325608553e+01 -7.035067219465165067e+01 2.556674964744172485e+01 -7.961294113324328237e+01 -5.323125804234083347e+01 8.431478453594934308e+01 7.277782651901924282e+01 6.064281333333889279e+01 -2.627164917099671015e+01 -6.132603342830704918e+01 -1.878943209399469083e+01 -6.908509725072369179e+01 5.929154411569575700e+01 -8.182306575487493205e+01 2.241521836401305734e+01 6.271943585195955961e+01 6.750611370492046603e+01 3.910929647478118909e+01 3.324004626428444453e+01 6.722371167149395887e+01 -4.792447162712265651e+01 2.888127274422566870e+01 -3.617704709252194561e+00 3.891956660698235737e+01 9.726095390378279149e+01 9.971955550895157216e+01 -6.056061034377884056e+01 8.391962349928434151e+00 -2.973146111203881503e+01 1.586291939806740459e+01 -1.205556438050251700e+00 -6.510315774637604136e+01 -6.925910840561530790e+01 2.946048129007343164e+01 9.662598729401497621e+01 6.399621912006963953e+00 -9.722757835097006307e+01 4.724935650389386410e+01 6.345485816703885007e+01 6.455326058683127144e+01 1.046601799342812456e+01 6.286598260675387451e+01 9.771880677110911506e+01 -3.981834188222179449e+01 -1.524184339864014248e+01
5.570430436067667301e+01 -5.589455108911627690e+01 8.885600387231468744e+01 -9.779048301871600302e+01 9.748087013384611055e+01 -1.772010219774445261e+01 2.907241243988113411e+01 -6.727555704090869426e+01 -9.907188858871127479e+01 1.169657757825763156e+01 5.671758435950738431e+01 2.808710631723005235e+01 -5.526060371191810106e+01 3.498053270605925036e+01 -4.068444391982810515e+01 -3.922486779639753252e+01 3.119272659426150085e+01 -1.767453082301331335e+01 2.426993465590201993e+01 -8.867161020482048173e+01 1.058656450039083552e+01 -2.256020635435902477e-01 7.039681738040368941e+01 -8.220224582044394879e+00 -5.825660302883520103e+00 -7.382023082191666674e+01 7.927416046196628940e+01 -1.533349238096377576e-01 -2.767276178760720029e+01 1.396819023900555123e+01 -1.167205050744908590e+01 9.348749033812543985e+01 -5.078799570419263176e+01 7.262707397386779462e+01 1.302241134058024841e+01 3.557041239035808644e+01 1.503699102188262771e+01 6.180452499260641730e+01 5.926374624486444986e+01 -3.668830928932913338e+01 -6.197650002998096141e+01 9.655712511243564222e+01 -7.295298990570586284e+01 5.875832385085789156e+01 -1.913531295866224013e+01 -2.216176042171069582e+01 3.615943722859782383e-01 -5.347433910786436684e+01 5.888850503602793651e+01 3.114122162945483296e+01 -3.783295989813144899e+01 -5.655009443551524129e+01 7.687098074792268676e+01 1.738267874404265001e+01 7.631450797853972290e+00 -3.504860372227562948e+01 -4.740517237666761474e+01 -9.967659738409429337e+01 7.234981485082968788e+01 9.243401514200144220e+01 7.677948626747513572e+01 -6.864390327654810164e+01 -9.106675492944802386e+01 -2.405002648207910454e+01 2.774465806115151167e+01 7.128447473084153785e+01 -8.911560171940477915e+01 1.440470761948958511e+00 -8.960175468920688502e+01 -9.416049620468747605e+01 -3.399534412470890743e+01 7.859038511455599973e+01 -1.315672529354672804e+01 7.821679976278133495e+00 7.656597368058731945e+01 -6.882655117971853542e+01 -4.181981510798527069e+01 2.833163283025385226e+01 -5.829349839926024401e+00 2.039528089192236848e+01 -3.641112865351530559e+00 1.119187211727970066e+01 -2.201844281393674407e+01 -9.217282229657905646e+01 -6.108999320168475577e+01 8.740278458286258001e+01 -5.493252399918506512e+01 -4.411616892922150157e+01 9.602270906713897602e+01 9.556121945878771839e+01 -5.116410289725558869e+01 7.692663675673233570e+01 8.141941290421283384e+01 6.725331817354594932e+01 6.067084967940405704e+01 -1.929101574818044185e+01 -9.586797936613919546e+01 -2.147736648647526181e+01 6.457197533406505841e+01 4.108424306198864429e+01
-5.029120442619792186e+01 2.944490294227074401e+01 -3.002915078370527624e+01 -1.471127690581595004e+01 8.266080861081715625e+01 2.969087615446463246e+01 -2.987104154296957859e+01 3.847413954939534619e+01 -6.650773762003514378e+01 -9.672707827793658453e+00 3.340318556626934310e+01 9.636835173825537026e+01 -3.438922978757055660e+01 9.299662555542190034e+01 -1.745672902919454827e+01 4.164126596769034450e+01 7.208523084614165555e+01 1.125722814218235612e+00 -3.280619486595594481e+01 -2.177818718012414934e+01 -7.847800160607654618e+01 -6.449153561630771492e+01 -6.151475567271516098e+01 4.882423512158788981e+01 9.163395500740975308e+01 3.786427791790111996e+01 -3.467735802657017530e+01 6.138012589030438448e+00 -1.108547489728692881e+01 -6.261332152323320344e+01 7.322150781786163520e+01 -1.811408235254934596e+01 -2.659716204024600472e+01 8.782830419616803397e+01 -5.869379192357067154e+01 -1.496392600055635569e+01 -3.786632382439361066e+01 6.946552754171591459e+00 5.381519583501543025e+01 -1.177237026422415056e+01 -7.316247183307692126e+01 -4.788713374894111041e+01 5.428824982720129810e+00 -3.904307435997574061e+01 4.600304652337359812e+01 -3.181708048494684249e+01 -4.480660841077004619e+01 -1.151026852304354975e+01 -9.251621299053067560e+01 8.962028249976583538e+01 5.715431270991038559e+01 2.901257756191259318e+01 -5.998528008910373188e+01 2.823501967892244124e+01 -6.636888106763862538e+00 -1.859274928207426569e+00 -7.532709671154746900e+01 -7.500185374199020316e+01 -4.332522219375305639e+01 -6.224261491157447779e+01 -4.434068852012473627e+01 -9.238016168777110693e+01 2.233562432446088053e+01 6.669708225067253693e+01 4.771982003283881113e+00 2.301570996821126869e+01 4.904921836780223998e+01 -1.640472750275951341e+01 -7.743341004377015224e+01 1.573943806195030959e+01 3.983061689200647493e+01 -4.299017217450717965e+01 1.397826468072651096e+00 6.817980422402641238e+01 1.524985921665347632e+00 7.985790709872364346e+01 -9.410436684634710502e+01 -6.713057903521800540e+01 -7.752615544032128980e+01 -8.466725657363973312e+01 -8.082829062653289043e+01 -7.823012733624430837e+01 4.164408117304083135e+01 -4.104892905072986764e+00 -1.850933104193836698e+01 -3.688120107382513169e+01 -8.374893943109340455e+01 5.823189737373701291e+01 4.556799595202724618e+01 9.001427211458690181e-02 7.436323896270454270e+01 -9.899308479944919270e+01 6.137487029546628037e+01 8.861595747645759502e+01 2.320390450266303617e+01 4.646293221450378041e+00 -7.435837504806053744e+01 6.060518550022663931e+01 -3.770352713990081384e+01 4.730663349275582164e+01
-4.539385493911254343e-01 1.615739169501080141e+01 -3.002538508535057815e+01 8.274693283211243511e+01 -9.455731581259396989e+01 9.348897971976396093e+01 3.596568200364237100e+01 1.147480394608757592e+01 1.093137114276676414e+01 -8.213325940333118069e+01 -9.585884578694978586e+01 7.972846261515095989e+01 -3.043615415411022695e+01 9.444150280557519750e+01 -3.862875473347278188e+01 5.278575374962679234e+01 7.495188118602737859e+01 4.963071368730237509e+01 3.536806274736437672e+01 5.480620296241690426e+01 3.081599453771920594e+01 5.575383175095288379e+01 -1.641055853206540860e+01 -8.150155058624324056e+01 -2.247188170806369101e+01 6.863607164541764405e+01 -1.576146684656092134e+01 -6.809737633978511440e+01 4.650878137583342209e+01 4.357566196282962778e+01 5.783600727235608474e+00 -7.313695959825989235e+01 1.657852454529313491e+01 1.682842123059558048e+01 -5.568469049767968215e+01 -3.161605697142594806e+01 9.903712953218564508e+01 -3.176839808988292191e+01 4.091006849780089283e+01 -4.013590877089010434e+01 3.517126775987998144e+01 -6.007002377352232969e+01 -4.758150060186787300e+01 1.690254267876882466e+01 4.354519149491505914e+01 7.628621596410641814e+01 -8.362674167933863600e+01 -6.213454421073083722e+01 5.418306764725832636e+01 9.651787960442661074e+00 -4.597528331305340288e+01 3.978236756000350738e+01 -5.445513225513553834e+01 3.524689874953227786e+01 1.818519488107867232e+00 -6.649013943005064675e+01 -6.735685012237810554e+01 -7.815529075814235682e+01 -8.486063274834769743e+01 6.308057736965665185e+01 9.490513298927814390e+01 2.110144124088492390e+00 6.582880170921384888e+01 -1.340901703103220655e+01 6.468864007761197854e+01 -8.854593471134526794e+01 2.640995617219684277e+01 -3.739770238536313229e+01 3.846030329568824868e+01 9.813354374758108634e+01 1.228600823755989779e+01 -2.952240935312495651e+01 -7.600962258526928395e+01 2.432096958727809977e+01 -2.447909691500483120e+01 -7.808250647970220371e+01 2.712727042688172219e+00 6.848981086795077999e+00 -9.139285187796406262e+01 -7.045815798488305859e+01 -6.333369302163469428e+01 -7.629699115187005987e+01 9.116347190132211153e+01 -8.035955976685407620e+01 1.749891545244564384e+01 1.215176574873544268e+01 -2.236469440075090631e+01 5.918374375798472897e+01 -8.468103439580040970e+01 1.726453158546432576e+01 -8.122587420261409363e+01 -1.974188869282266978e+01 9.337754684907224600e+00 -5.001077088725429576e+01 -1.724473216421984034e+01 -8.396892191065794009e+01 -2.692880736386754847e+00 4.881209481494045122e+01 6.620067584267405891e+01 9.231410424253218139e+01
1.361366673193305132e+01 -5.002462203543385044e+01 -5.380161062928738858e+01 4.559463952420526311e+01 -3.869940881893829498e+01 6.649467524402055574e+01 -2.664080953607890478e+01 -7.305791218613259730e+01 -8.765527525359431138e+01 3.114113037616300517e+01 6.293299678204189718e+01 6.441535147933421968e+00 7.106930471471088140e+00 7.666154066287049318e+01 5.105293191639012207e+01 -2.325911169022046465e+01 5.238776112262678453e+01 -5.604371983040954319e+01 -4.177841785128393326e+00 5.790260331574813790e+00 -7.172032867221678032e+01 -8.707520576681130819e+01 3.126239947696527111e+01 1.736865547159366940e+01 -2.147134368555548178e+01 7.366039581624227139e+01 -9.387441578378256679e+01 -9.750746300465897320e+01 9.844260317188110321e+01 7.707785551034717741e+01 -2.568544533816606190e+00 6.975500003116792413e-01 -5.564393347274238977e+01 4.851592850601389273e+01 5.520423824833585513e+01 -5.867024129131222310e+01 -2.219045752092523571e+01 3.658794529977197385e+01 9.490708709148637467e+01 -4.786087811917156642e+01 -8.795714400763222329e+01 -7.780121013135851626e+01 -7.224101388415039082e+01 -3.787199346632876740e+01 -9.885514823718533250e+01 1.133841537786062759e+01 -5.731476379314317171e+01 5.408088198228728061e+01 2.551821355695764737e+00 -6.877704044512005055e+01 4.551327801149710695e+00 3.446347358509001424e+01 -1.891157457999734959e+01 5.167662357500282155e+01 -8.686907743799653758e+01 5.460489685468920129e+01 2.759598251838298211e+01 -6.007857864637937695e+01 -7.928454609826040667e+01 -3.817610470905064091e+01 -9.154683247329791129e+01 2.026140083350591681e+01 5.368269989457945712e+01 -8.134701975084483649e+01 -8.339960162383528086e+01 8.607985366707725916e+01 -3.649770957583808695e+01 -3.636543378107401736e+01 7.155372686571362806e+01 -4.235892168563233184e+01 -8.358019925944302031e+01 -1.921453315040734822e+01 -2.028729259984913824e+00 1.411365066901477405e+01 -2.610344313521615334e+01 -5.005168680148701554e+01 7.271962369156909745e+00 8.943503037725170657e+01 -8.466736886026524189e+00 -2.816843917125417818e+01 9.129888748506729712e+01 -4.641074094994905863e-01 -4.685888375382694448e+01 -4.882619814256186430e+01 6.599171159360432171e+01 -7.965853376497111071e+01 6.653889870416907115e+01 8.360310877483249214e+01 1.491722008463298721e+01 -7.307785375321955712e+01 1.538411105809855428e+01 -1.837399347133408867e+01 2.064300974633836461e+01 1.148409345778344459e+01 7.071635035803325309e+00 5.113835266520624145e+01 3.463007604637650161e+01 -5.193352109402733419e+01 -9.793293827522147410e+01 -7.707559063791977394e+01
-4.331654048797932433e+01 -6.998993421445665319e+01 -1.655775161569665954e+01 7.698074648146021559e+01 -5.676589957311304602e+01 2.536554259253465204e+01 -9.003814444718709353e+01 -3.765473078103818239e+01 -8.637278390542466866e+01 1.236405906175555458e+01 7.712589193329736759e+01 5.177934983209362940e+01 9.842590478960784139e+01 2.685655135538182492e+01 -4.634079049650954119e+01 -5.200719633851533530e+01 -8.340461038040237440e+01 -5.717103781829560205e+01 -8.613066980791026594e+01 7.442662653750340951e+01 8.673496980690543978e+01 1.719817611703619775e+01 8.483840385877223866e+01 3.875162964007486721e+01 -2.969845424925182442e+00 -4.707434023065604123e+01 -2.255751436531237175e+01 -3.897646904607717033e+01 -8.698855025484527914e+01 5.454606826265737141e+01 -7.883426400716182059e+01 -6.842172441058963273e+01 -3.430188214711617434e+01 2.948601175431213051e+01 -6.063711919251366567e+01 7.655133783609235820e+01 6.620699357095713822e+01 -4.113647677725469265e+01 7.162443835398545389e+01 -9.807033725256006562e+01 5.125297631590132141e+01 -1.220002408941036265e+01 -5.471980304739818735e+01 -6.256659640654839905e+01 2.660619819620335136e+01 -2.719750076316842069e+00 3.326589076991015759e+01 5.541818390086237400e+01 8.114936242117644838e+01 6.714476090862137880e+01 5.432001890374627351e+01 5.807056753648242875e+01 -1.537838898788876918e+01 6.140368601492667722e+00 6.387754369587011638e+01 -5.988685194305038806e+01 -3.103925135133312097e+01 -4.636506597623954917e+01 -2.453600118857019652e+01 -4.612367994688251116e+01 1.990809597427045219e+01 -6.975858198844890978e+01 8.523611563453548001e+01 1.458894056040180942e+01 -6.962667711013692440e+01 -1.011051462316086713e+01 4.854129043034015467e+01 2.253560025330496330e+01 -2.638593828619721648e+01 -2.408052670218603453e+01 6.850919644148189036e+01 1.638356898504667924e+00 -6.956264570792735924e+01 -7.918539590497658764e+00 -5.746752777946948498e+01 4.084534556607511036e+01 -9.439126185136008473e+01 7.656020102590431975e+01 6.195262474327265068e+01 -5.369202001910367272e+01 -6.922458607731225300e+01 -6.200831353235965082e+01 -9.367215894073355287e+01 -2.371435981805612414e+01 -1.676133503917587575e+01 1.261948574910292109e+01 -7.267357544084511289e+01 -4.867375947423280280e+01 -3.180224683998334001e+01 -4.798114868457161464e+01 -8.264745382056392486e+01 -3.032891046995862894e+01 -1.898156921043809575e+01 8.667973961697310870e+01 1.989720666637397528e+01 -4.269076770812162636e+00 7.993511889465011677e+01 4.666828866719779967e+01 -7.446032320275540428e+01 1.656842806814023561e+01
-7.699182533873276668e+01 9.016070445815881840e+01 3.745731766230053950e+01 5.240619996483295040e+01 -4.162149337793565707e+01 8.768187281389987220e+01 2.989823830015623685e+00 7.306046922422640932e+01 -5.338556369279843494e+01 1.949441173939175087e+01 -3.948504003171020571e+01 -8.223939222653518755e+01 7.298747947987263274e+01 6.511113304906450594e+01 -8.425825832052046849e+01 -7.420780099448485601e+01 4.530549505640422581e+00 -2.286782700998151086e+01 -2.989229163193974159e+01 -4.738593416017471327e+01 3.899609896228852790e+01 -3.239167270267384424e+01 7.798785361032034302e+01 7.303332309968931213e+01 -8.960445885234236130e+00 3.529617153306233490e+01 -1.580388920953343757e+01 3.888520888340801207e+01 -6.016402288808726695e+01 7.772458839937954167e+00 4.646324216008943608e+01 1.772101086598594577e+01 3.082254297519594388e+01 4.032186610175358510e+01 -9.805713642513237005e+01 3.252969444205390914e+01 -9.997073662154804197e+00 7.273973507091116630e+01 1.221681958262004741e+01 -4.787909522874826962e+01 5.708205220567609217e+01 -8.342758349979438037e+01 -9.623417752288996496e+01 -6.069385404783362503e+01 2.994100061307588589e+01 2.782827234730487476e+01 -7.312749374290046944e+01 -9.905994446737645376e+01 2.080124897330577483e+01 5.743444743754764659e+01 -3.282882254600889382e+01 -3.324201791895163183e+00 9.511090845108165581e+01 9.384341676042203062e+01 -6.981707985354495349e+01 5.947857256214211930e+01 -5.294438779473631485e+01 1.682171508244599067e+01 -3.756008551045284349e+01 1.318826257211824782e+00 5.004226326323947660e+01 -1.434390552841394140e+01 -3.967992030846269813e+01 7.304501067152625637e+01 3.221245714910082825e+01 6.461346119467148696e+01 -1.017117903974238402e+01 -9.552721287960881114e+01 -6.091460389238451967e+01 4.300419957515612168e+01 4.634309058997348529e+01 -6.205580233268142365e+01 -5.326530886838632028e+01 -1.047193280736895815e+01 5.745345315922256191e+01 6.585274607850186612e+01 -8.037598224542823289e+01 -1.469716753559228550e+01 -4.219137773908796873e+01 3.061730438547479594e+01 -4.322088459555246942e+01 -6.938507757022458122e+01 -7.288122173264635251e+01 3.658899575791735970e+00 9.040896187809320850e+01 -3.547729222343079414e+01 6.194411192457152993e+01 -6.753738755445679942e+01 4.831347947570097290e+01 -7.777307290106682558e+01 -3.326491497552540011e+01 8.091013276456615699e+01 -2.770588082747123337e+01 4.899425115431310473e+01 9.991282362703748277e+01 9.496300254848995337e+01 -1.199998738262613074e+01 9.131377897395415744e+01 -6.555835469090085610e+01 2.708331010281006002e+01
-6.011947173865637239e+01 3.834700841008685757e+01 -7.864913549027647832e-01 8.152737833128546185e+01 -5.459842196729638175e+01 6.150005513247924682e+01 -4.734152994947491777e+01 -7.210200447010255687e+01 -8.849081779407275405e+01 -9.196259125654862032e+01 6.502179679129247347e+01 1.180823442235026732e+01 4.320935881060637485e+01 2.855978727422922248e+01 1.220946527811041449e+01 1.989211069807979015e+01 -8.723945600161368930e+01 3.243994885364867287e+01 1.054203290087316702e+01 2.750924822447558427e+01 -7.432651978115845282e+01 7.153010473181655016e+01 -5.640320015613684745e+01 -5.818503508059873752e+01 3.572718592499967372e+01 -3.805901800463060880e+01 -8.512157516730502493e+01 -6.573491056226248475e+01 -8.256484296685610502e+01 -7.764878673976205903e+01 -4.567078377647987963e+00 9.360590507235724544e+01 -5.844339871625812322e+01 7.932194457429403656e+00 -5.805820333924130239e+01 -2.185208872938713398e+01 9.077753703950156705e+01 -2.168854619220137181e+01 -1.208783540982938121e+01 8.196701684080841233e+01 4.842700937551370544e+00 -1.301284677575114301e+01 8.226917836340689405e+01 9.720493130597191112e+01 5.766908846098615982e+01 4.024634056033235652e+01 7.637499953734905489e+01 2.520682639330314601e+01 1.322299692606193844e+00 -7.259174286872877246e+00 6.230335927949087704e+01 6.554145972338923798e+01 9.965103023639272806e+00 8.521934322441197196e+00 -7.402546395817191183e+01 6.451449484985843696e+00 3.769287581186529223e+01 -5.068811524161873905e+01 3.219942306808036392e+01 -9.641435535946789059e+01 -2.337170021775357043e+01 -1.791837127073590352e+01 1.897173465039088569e+01 5.607490473592909552e+01 -6.065824783378441509e+01 5.013984872391736758e+01 4.915951586426012909e+01 5.160807318564383195e+01 -5.816484445383210300e+00 9.909466742976326259e+01 -7.668606613052386933e+01 -1.939966373565609103e+01 5.187296622489611764e+01 5.778619335425614167e+01 3.623679030379312849e+01 -5.868848621687987333e+01 5.951796439753428558e+01 8.193659792787343576e+00 -5.719487483926300087e+01 5.558990918245635271e+01 -8.518893557219232093e+01 -6.209738902864047816e+01 -7.245813119371254629e+01 -2.457635768609954141e+01 -3.207705780208343072e+00 6.640010209783397954e+01 -5.566427368447995150e+01 -2.954475688427022817e+01 8.293908259860381804e+01 1.309698723932619657e+01 -9.392581938580232759e+01 7.696027327783198757e+01 3.423798321242611564e+01 -3.458042013326152642e+01 -9.520666004847910813e+00 8.360842839402823756e+01 3.762504903664029143e+01 -6.829337710227498803e+01 2.962465039266049871e+01 -9.185487038981570151e+01
1.428778956012254753e+01 -2.047969926481998471e+01 7.001632188408731849e+01 9.660458391115014365e-01 3.682904900256781389e+01 6.165841840038268629e-01 5.833181895985211440e+01 9.196052438441185473e+01 -7.808190864402153863e+01 -5.321387315971575305e+01 7.466501138014632488e+01 6.981034042996012090e+01 -9.786794708081968963e+01 5.659278475519485596e+01 -7.589994224114693111e+01 4.097770555852343932e+01 -9.314755433450511646e+01 -3.175055720986972574e+01 4.419208199475633592e+00 9.887016220384171561e+01 8.325157176417079086e+01 4.458936681068817620e+01 -3.772335765167624544e+01 1.564744412197211432e+01 8.390182684598332230e+01 5.115646516140338917e+01 -1.742457364050136448e+01 -3.785627455617082404e+01 7.245174584774801474e+00 9.976092952664660629e+01 7.446587176038909206e+01 6.395002199984932645e+01 -6.081491257958908392e+01 1.446779626361480098e+01 -2.563352552046764288e+01 4.756446120151593959e+01 2.208355028466385761e+00 -7.338365988867103340e+01 3.670630462737616995e+01 -3.437924260319708480e+01 -1.784102013684612587e+01 -6.210313537615288482e+01 6.154514905744082398e+01 -3.239801358776887241e+00 6.663527136011433072e+01 6.861648527995444624e+01 6.788266590685202573e+01 -1.143799779783678616e+01 6.519649163975219608e+01 6.954772509032883931e+01 7.661060311869786688e+01 3.500832058286968618e+01 1.827522353413939982e+01 -3.893676192222792309e+01 -2.268567501833274491e+01 9.562967047560812262e+01 8.256620005820832375e+01 -9.643275010284466475e+01 3.662508869021351643e+00 2.515123032573862361e+01 4.711738824656737279e+01 8.075519155587679165e+01 -1.477823195571592407e+01 -1.407257095734215113e+01 8.564387170327458421e+01 -8.311925457371695813e+01 6.638507077630845288e+01 9.424281310757288566e+01 -6.870829384117833172e+01 -1.947472485202798964e+01 -5.920627609467609886e+01 -8.312768464473822405e+01 -1.360693179398246855e+01 -9.901342755627730696e+01 5.266667544655425104e+01 -2.352827453704190930e+01 -4.412292208893248358e+00 -1.360648237534844895e+01 -4.192183965388935007e+00 -3.802949027896194423e+01 9.696769014565668954e+01 -5.751019508112609202e+01 2.901367374489208828e+01 1.859596982174309687e+00 -3.648473930906988016e+00 -7.750552775160646490e+01 2.997996852778058496e+00 -2.707051356428232225e+01 7.002950607889499679e+01 -1.230656671998400498e+01 -4.335467920114366791e+01 2.389931315231233100e+01 -5.005419414902820563e+01 -4.993007942012340550e+00 -3.419856868802462202e+01 3.839336277518611951e+01 -9.219106762660516097e-01 -7.914907347715328001e+01 -3.877210186323918606e+01 2.903621458233297403e+01
-8.628489724586243881e+01 4.148444837396095863e+01 -6.672662900073953551e+01 4.367252530103328922e+01 -5.273623015851001128e+01 4.544796870586884552e+01 4.853083489260188799e+01 1.794370069997626160e+00 -5.972721732054231580e+01 8.236131166679845705e+01 6.090309133589329349e+01 2.775351843417668363e+01 -9.767195041008376677e+01 7.057402537250894170e+00 -5.910577383269360041e+01 -8.456673146192015622e+01 -4.312829651379497164e+01 -9.402448766936923619e+01 -9.398927673989270204e+01 -2.086712604515406611e+01 -5.316385255535001164e+01 -1.649620629781311720e+01 -8.919945495102281541e+01 7.362055091051900035e+00 -5.877516866421444064e+01 6.738333605602676357e+01 1.035947559149494168e+01 -7.389967005415167023e+01 -2.055831539152393361e+01 6.556537619374608994e+00 -7.598005749287173671e+01 4.567103649111734853e+01 5.827327957665039548e+01 -5.342299520812194658e+01 2.745640388328065740e+01 -6.633236765218157416e+00 6.005220801975326594e+01 5.301295890586169435e+01 -5.699977336897448055e+01 -7.078581462807464675e+01 -8.439185860999435818e+01 1.576460951015178580e+00 5.505409646039467475e+00 -3.910748324315858326e+01 8.504235406140963960e+00 -2.773136258469467919e+01 7.091981503873711290e+01 -8.424860557339006562e+01 6.295805093192228696e+01 4.974635595376696529e+01 1.394176852213671225e+01 7.544905906806320672e+01 5.598696125786040056e+01 7.038179305080302584e+01 -9.364015709959308253e+01 3.734217110469535328e+01 5.767024683654554451e+00 -2.842271195696604025e+01 4.515622581360409526e+01 4.421608996841732164e+01 -6.185912003314084728e+01 6.772552567320744288e+01 6.218538096139891991e+01 7.294402653489322574e+01 -4.348499987877885076e+01 9.125253184463426237e+01 2.788796957640194307e+01 5.344203556763446272e+01 -7.515254196729586056e-01 -2.733505962964252944e+01 -2.757173750993166550e+01 5.157588855568729969e+01 5.780495415365962231e+01 5.642297135581574707e+01 -7.877247231216131240e+01 -4.183367605192162841e+01 -4.587106907516307075e+01 -7.773725330221081720e+01 8.778239321718004362e+01 -8.162809080672647610e+01 8.883356170280086417e+01 8.312917982626674984e+01 -6.152886752253343872e+01 -5.653319671697829563e+01 2.793801810762850835e+01 -8.414750696846280675e+01 4.419426836676697690e+01 6.125484219896222271e+00 8.201337577931752776e+00 -3.297935961817081818e+01 3.209215745400331343e+01 -1.498956780191420535e+01 7.713273469377614333e+01 -1.006835500332599054e+01 -6.638309492544067325e+00 6.010962926956551655e+00 5.642804197365643404e+01 3.148688079684674790e+01 -8.134708588550314801e+01 6.670321330158714090e+01
-6.733221641473134866e+01 5.310476990313966894e+01 7.665044483449420909e+01 9.568825901270130885e+01 2.843774791309567718e+01 4.313465597803127594e+01 3.211366548958443445e+01 -8.526578580422392406e+01 6.051692383373287498e+01 5.475503211847563989e+01 -7.205853616026445252e+01 1.851574769064754378e+01 6.028119993155559087e+01 -1.760304916197925706e+01 -2.972549956456745690e+00 6.452807166161653640e+01 -2.631726583609392378e+00 8.896348522013934712e+01 9.823533877033821682e+01 9.345211364385249908e+01 -1.101746650616004786e+01 5.085019181885894568e+01 -1.320270260550904595e+01 -9.755658182443609405e+01 6.878738241909502449e+01 -3.213962316550535547e+00 5.326096300228613245e-01 1.999557306127485390e+00 -8.772196604134370546e+01 -9.057554425008859766e+00 8.697915175695968060e+01 9.552502373290428750e+01 -2.084311546193970344e+01 9.924404167657201015e+01 9.175261604001534010e+01 2.140439905899076223e+01 1.178368466797969916e+01 -2.940796256555044863e+01 3.304203921377740016e+01 4.808826342161285083e+01 5.389929856820839404e+01 -1.076255013482614231e+01 7.396317950625467574e+01 1.700415380264648491e+01 5.240882191699324721e+01 3.284618295704692059e+01 7.615439916718000291e+01 -2.222427556592225528e+01 1.584848048503161522e+00 -7.301075222790996122e+01 -2.530589324602510715e+01 -7.323787997674708095e+01 -2.511557683686129394e+01 5.513502242410191911e+01 8.117286616629442619e+00 -9.421654411805904772e+01 -9.188105104963197789e+01 3.959465211638087112e+01 1.624246384859470993e+01 7.811249738996141900e+01 1.384583602834088367e+01 5.979008835203390504e+01 -4.216183367649664149e+01 6.413932430089522541e+01 -6.686459131454697058e+00 4.344462649872744464e+01 -5.360467300041780447e+01 -3.576622700027304802e+01 -6.219067703671831993e+01 9.560269675829169955e+01 9.287439483032477483e+01 -1.282440622502947747e+01 4.643595036111145191e+01 -1.469434031247696737e+01 -5.344982939577673875e+01 9.083499311351417305e+01 9.088128848511098568e+01 8.140605075105608535e+01 4.010891498142419209e+01 -7.462576010109025049e+01 8.289577679501195462e+01 6.888103394269228374e+01 -3.637611999160856868e+01 -2.720864529760100936e+01 1.586947173758443341e+01 6.035467495191429066e+01 -8.421566616116868431e+01 -4.001981293754980129e+00 -7.893894632414748003e+01 5.787993685263214161e+01 -8.095763034630465427e+01 -8.582883824673812967e+01 1.268737058677184848e+01 5.990695750731512703e+01 -7.126725281766670150e+01 6.457250843419430453e+01 -6.667975342191439836e+01 6.085711817223270259e+01 -2.078793308430577724e+01 -6.396653518097912183e+01
7.073584641300584508e+01 -1.548138088720163807e+01 3.800433520666010168e+01 -7.957120834176916446e+01 -6.294207170085442726e+00 9.379478010555857281e+01 4.693825231842794210e+01 1.564202534793255950e+01 9.862430740496262160e+01 8.335033251471145377e+01 2.100223102765967553e+01 4.031426946534821809e+00 -8.589693554359388372e+01 3.695125953988318201e+01 3.805964929042008293e+01 8.437462717835558124e+00 9.973330347532197493e+01 8.516523518010183125e+01 -2.214909183736273235e+01 -9.152413478642810674e+01 5.940481197959667270e+01 -6.191781055376732468e+01 8.345051427495877761e+01 -5.994822536601918017e+01 -2.927843945428489292e+01 -8.645805150066729539e+01 3.282794928754390185e+01 8.795538781929667493e+01 4.547648437835704271e+01 -6.583705971884161556e+01 7.460592402544031643e+01 -6.291211948125285858e+01 4.672306133500754299e+01 9.554407532961531047e+01 2.843143887428971084e+01 1.502530472476763634e+01 -5.728041491536899343e+01 6.289207624773203520e+01 -3.418377934896288650e+01 7.870748716104992582e+01 -9.575526033374892165e+01 -3.382005012639183406e+00 4.318649272289559349e+01 -4.448354992264474106e+01 4.432062754742420907e+01 -4.938129473924788471e+01 -7.177773755060658800e+01 3.960824766125671204e+01 4.099736416515233373e+01 -6.317812365073643122e+01 6.803643592066276824e+01 6.446416027040734775e+01 -9.667061760678346616e+01 -5.950003296399714259e+00 -3.795791771533640713e+01 8.602114311597202345e+01 8.610570085099604398e+01 1.135148702953931377e+01 -5.406404391514381302e+01 6.987410886543474930e+01 6.111719359831164411e+01 8.267760743204047458e+01 9.220456954000542282e+01 -6.322332056166833070e+01 6.261080571489594604e+01 -4.767972374435343141e+01 -7.847629276129038089e+01 6.601869023731370589e+01 -2.122081693417443660e+01 -3.566403851392188074e+01 -4.830518765191990838e+01 1.723076523499950952e+01 7.536075166323479380e+01 1.153868822829913654e+01 -8.416258257301971923e+01 1.566542475684293834e+01 -5.941157394562927863e+01 9.089887249005519720e+01 -4.723629337489923330e+01 -5.897304446744337980e+01 -8.423973311581602275e+01 4.252115586304751105e+01 7.506879888933139000e+01 6.388525347387141551e+01 -3.535299362926397748e+01 -5.640646118911180906e+01 2.408008535921099735e+01 -9.587286146530561837e+01 -7.067176642254572982e+01 -6.163395823098625215e+01 -5.129111914927570837e+01 7.127255782848277477e+01 5.260523927115866627e+01 -2.888739924030561212e+01 8.259004775854549507e+00 7.126594669716436670e+01 6.903727704043839708e+01 -2.217981882797519688e+01 -8.282358676873201375e+01 -1.583224947060955401e+01
-5.093134987576080164e+01 7.596843432920431383e+01 6.871202977201161843e+01 -6.213923751225025427e+01 -8.065096209869552979e+01 7.808573773419956865e+01 -9.138923370210805786e+01 8.276632010564986786e+01 -7.908361907423224579e+01 -8.077408251191667432e+01 -6.249149141200853563e+01 2.689634176315547620e+01 -1.071877057364891073e+01 -8.968363968966028210e+01 -8.509547255016124723e+01 -6.336645268715026447e+01 5.820736026212861702e+01 4.382126070206496138e+01 8.437532220024161234e+01 -6.110790299630139799e+01 -9.656594849033946559e+01 -1.805675206393533472e+01 5.781769420701513695e+01 4.299937622789892089e+01 4.550617899021719381e+01 4.759525735862425222e+01 -3.012341434193115219e+01 7.176026290968562193e+01 -7.124848213781106665e+01 4.028613977359626119e+01 1.866300162568377630e+01 -2.986996098610931938e+01 -9.495973139266278906e+01 1.939824430113684173e+01 -6.333950388563123113e+01 6.271985517980166946e+01 3.025625829979603054e+01 2.347969154323848784e+00 -5.904544902669483974e+01 6.223920121527444849e+01 -7.984189584451146970e+01 -4.612384053725108402e+00 5.736974386748141796e+01 1.121318996810380497e+01 9.627100926332730069e-01 -2.265947333344951176e+01 7.402685828777040911e+01 -5.979463224079766093e+01 1.502760039495896649e+00 7.691144714651704817e+01 -7.031518041178949829e+01 -7.360742134583463780e+01 2.317510149852921586e+01 -4.757777778129772628e+01 7.351112347938050107e+01 -7.925877448654111390e+01 4.730180758957610010e+01 5.663821929426552515e+01 6.808005220192100637e+01 7.571796477884456067e+01 -5.921797470927621276e+01 -3.672170749567167292e+01 9.933667234774549115e+01 -8.172906828016752456e+01 4.785875960826018627e+00 8.903617399162126844e+01 -6.537086022487736159e+01 -3.900653866832626449e+01 -9.481973279665506027e+01 6.846665393596416038e+01 -9.066450316231397721e+01 4.362596918658024947e+01 -9.906641844486611603e+01 7.662415462861201831e+01 -8.874237695754938215e+01 -3.352323723735608496e+01 -3.389216181481620538e+01 -6.499674700395330262e+01 -8.397646973316469143e+01 -4.166044634184633821e+01 -7.967747990984388196e+01 4.562516715969408665e+00 9.996478346965383821e+01 -4.895460667381037467e+01 -4.906643322164610055e+01 -3.306870514352671364e+01 6.561400604329898556e+01 -3.764436704282285717e+01 8.774471468561463894e+01 -5.275892661709941933e+01 6.794609252500373486e+01 8.385007386774850602e+01 -8.378172924344889338e+01 -2.744146322669489280e+01 -6.961298520821407010e+01 8.168391937388611268e+01 -4.621270295311883558e+01 -1.962766833800995414e+01 7.832252793428776272e+01 7.320151507631089771e+01
5.339541414724851620e+01 8.773910026318768018e+01 -8.731887448173385735e+01 -9.428557437082535841e+01 -7.918570122780835163e+00 -1.293773331498854873e+00 9.492869247625407070e+01 5.171838950813670976e+01 5.648747712918776642e+01 -6.306464122517741089e+01 4.349045537227439695e+01 3.728214044087576440e+01 -6.831377631097996073e+01 -4.982653210015015333e+01 -2.382659203413375337e+01 -6.988247141648983529e+00 -6.531248367334504223e+01 -1.007458790287525119e+01 -2.761506433766334112e+01 8.249531298853497674e+01 -7.601367219979387357e+01 2.071966095278585840e+01 2.472599748717505008e+01 3.349679490464225751e+00 1.856107118599115324e+01 -8.120527680463962383e+01 4.079263936751274855e+01 9.946944548045200918e+01 2.734130697772005192e+01 -3.976225903323557986e+01 1.437626559898819778e+01 7.367549074687238431e+01 4.457205053870313805e+01 -2.648618945591934448e+01 -3.996281232794947158e+01 6.117056436773421524e+01 3.676187243222702250e+01 9.583347424568825090e+01 4.822030357036396708e+01 4.721975842466727613e+01 -2.163103744457339417e+01 3.311960384209217523e+01 -6.179834810693023428e-01 -4.550393302827286846e+01 -5.636391109538065791e+01 6.833239832953915993e+01 -4.399283512777670069e+01 -1.857304339539723514e+00 3.063442547228083868e+01 -1.140682671840957596e+01 4.681067575614429188e+01 4.472130900089325678e+00 -3.520304678105307516e+01 7.939793021873003909e+01 -9.628010332136318539e+01 5.114422703335750953e+01 3.219829678752554969e+01 -9.542575859028627860e+01 -4.109325351558123884e+01 6.942223165723581246e+01 9.783394024110555165e+01 4.594314506886121308e+01 8.098077479632323161e+01 1.420778368945885006e+01 -1.741978795791325751e+00 4.852945045724243300e+01 -1.401148068362570598e+01 9.182085186160259127e+01 2.019144109062010273e+01 9.236221230122018255e+01 -6.326141319985553935e+01 7.758385205301954102e+01 9.332507039882693789e+01 -8.405927874504470765e-02 -8.071718683751458912e+01 -8.865146885155461121e+01 2.132184794739173128e+01 -2.697037716690269349e+01 8.365798564432822104e+00 6.425194062063533806e+01 -9.085390541528201425e+01 1.030916712100955124e+01 5.052219438276662800e+01 -1.274778486519296905e+01 7.678713447482908805e+01 -7.926267968594885360e+01 -7.417202459854425456e+01 -7.526511259684163235e+01 -9.450728585726868403e+01 1.654558086149364726e+00 6.594768290085428930e+01 3.122126060387552116e+01 8.810413993015509959e+01 8.226007933851093412e+00 6.114368515463573317e+01 -7.681280889397410760e+01 3.817667208427465653e+01 5.182230636883096508e+01 6.191946597730120061e+01 5.085469348267127998e+01
9.924640742349234301e+01 -9.453723161922027884e+01 -8.869115898581836177e+01 -7.586121006410206746e+01 -6.732506854514633687e+01 3.675316116132742650e+01 8.734403290783819784e+01 3.691788630082450595e+01 -4.722271574537315786e+01 5.672216866830578397e+01 -5.020985439037701781e+01 6.596286562494356076e+00 6.476353552591575635e+01 7.878991351142630606e+00 -2.993788233200021409e+01 8.085622310978243377e+01 8.510746723886853715e+00 4.495088015720580188e+01 8.242614957561363553e+01 -1.958407781619067123e+01 -5.759622202369749289e+01 6.821911917165891737e+01 -4.677287065010191469e+01 -7.836845460171129218e+01 -1.449963055212830909e+01 -8.588568833521475199e+01 2.533366668723830628e+01 -7.865953843873202800e+01 -3.866691580450756049e+01 -2.454376629923882547e+01 7.026425932151045117e+01 9.484827086413710617e+01 9.585439180691054162e+01 4.720812780475810655e+01 1.486012330610068943e+01 4.292658517993018563e+01 8.133191814313408941e+01 -7.069840786711698399e+01 9.100424540774275783e+01 -9.677368960904159678e+01 -7.951421637653903929e+01 -7.625875744562506497e+00 -5.709263910629134386e+01 6.959556370784457613e+01 9.584365777040392231e+01 -3.696135250442294051e+01 1.800928730533203748e+01 -5.360448004015372447e+01 1.764267347693839838e+01 1.168118945938584829e+01 6.215922815685095770e+01 -7.036737197427453339e+01 7.475131849632887793e+00 -5.680819376196506454e+01 -5.890450903592096665e+00 -1.696896818342139568e+01 -6.454240065848097174e+01 -2.370125171855906387e+01 -3.878979856662090242e+01 -7.514818668391939127e+01 -9.188283777891086856e+00 3.465707645596748421e+01 9.479117510105342603e+01 -2.427894218221328515e+01 6.600716665206718403e+01 1.847343275155112963e+01 -7.646719362912462259e+01 6.519472860135709880e+01 5.877655334406858856e+01 -5.125078602754753376e+01 7.221263863592463395e+01 -4.748929672332702268e+01 -3.866125627322703195e+01 8.783538566367056433e+01 -8.583965098159480078e+01 6.893369288733731537e+01 -1.117359514463349512e+01 -9.320349895968394094e+01 -4.069673660232027146e+01 7.541895753581346185e+01 -4.805753763911302201e+01 -4.042145071829025937e+00 5.081550761697249641e+01 -2.156934811622136294e+00 9.967254802176910289e+00 5.037748799995108584e+01 -8.138131026000095858e+00 -8.823220254655890926e+01 8.819466435439608176e+00 6.274786598077258759e+01 -2.250636800731473386e+01 -3.597112322025930098e+01 -4.619556552129154170e+00 6.163764581909205731e+01 -5.549242048476625655e+01 -5.918591509774986292e+01 7.304269306822277485e+01 2.726066709758634943e+01 -2.096054833106109072e+00 1.891635747991193739e+01
-1.603826400700583577e+01 5.709003250337033819e+01 -3.281808159700887018e+00 3.920545887394865758e+01 7.550178908159011826e+01 -9.387406268048457036e+01 3.362293884628638807e+01 7.155143565361507285e+01 -4.107964532076036335e+01 4.359858231979052334e+01 1.704821660451318621e+01 -1.174794501814493231e+01 -8.734803512030397599e+01 6.898273055468274606e+01 -2.046373695968277673e+01 2.978565781481222530e+01 -5.447761090485330016e+01 -2.051984316145838250e+01 -7.073779048910684253e+01 -5.785117656408989006e+01 9.654395893493253311e+01 5.609161564275083833e+01 -4.588485302243077513e+01 -4.146392423121616844e+01 -6.295445319154487152e+01 4.776447925352650259e+01 6.540780689175934981e+01 1.572970128366112874e+01 -8.597826380425689763e+01 -9.578643970521851259e+01 -4.367326213877191776e+00 -9.047434417898898573e+01 -8.842971804038923267e+01 4.333989029923165504e+01 -3.403702656074139554e+01 5.595244955468137960e+01 -7.886936433123969437e+01 -2.367991215931945703e+01 -4.568290036785336383e+01 -1.493598211491764971e+01 -1.559670380757994224e+01 -7.912529518215131930e+01 -2.841556426632423893e+01 8.012555211765470631e+01 -1.170382366111076067e+01 2.051277940363260655e+01 7.813735556357687528e+01 5.115218506559716616e+01 -3.113837796738620511e+01 1.059195278297701748e+01 -3.730599860485470742e+01 -9.364654689823485967e+01 -3.943345914364964244e+01 -5.094923014801895533e+01 -8.458315893588684276e+01 6.454732096634052141e+01 -2.711661937975208048e+00 7.683759724918351708e+01 5.943731805892520015e+01 -3.430468112893237276e+01 -3.573741103444794476e+01 3.093296832631452276e+01 -2.408291075041823603e+01 -3.559292497803880906e-01 8.477795648077298551e+01 -6.100238874463981631e+01 -9.272383035486686254e+01 4.066748133366496631e+01 -4.915322906071561704e+01 6.770200468727213661e+01 8.106880528215546633e+01 9.081750711806051868e+01 1.839454010938139561e+01 -5.153849061842464607e+00 -4.159861269159781472e+01 7.220731374103789335e+01 1.650675001998358482e+01 1.835427987905011094e+01 1.187426838653553318e+01 -2.255934368363740816e+01 -3.583938759690343545e+01 -3.798819373106168484e+01 8.916805928605569420e+01 6.753382612706460009e+01 -5.958125494862531468e+01 4.925416714902797821e+01 3.611930436155367374e+01 1.459538041333831870e+01 6.229941567053634799e+01 -3.813782557351363778e+01 -1.950517739515733240e+01 2.510981088516628290e+01 -5.507990216687888108e+01 1.398796547329286000e+01 -9.793275479920242788e+01 4.190429018755344259e+01 -9.138062784132080196e+01 8.293325972460050366e+01 6.663614020032480312e+01 4.315388072974729994e+01
8.722096462778151249e+01 -8.512913453083655213e+01 -6.027911115847368251e+01 -6.109575794625568079e+01 3.074113473803612351e+01 -1.227052200220441591e+00 9.135564006327172137e+00 -9.109950824980906248e+01 8.376844965577845414e+00 -5.814727563404509425e+01 6.551789399024556815e-01 -5.208071486566283426e+01 -8.874469691907083302e+01 -6.511342779387393875e+01 -3.571174368252019349e+01 -4.738647930425514687e+00 -6.622272491955891383e+01 1.395954799988629702e+01 2.269281093629122381e+01 -4.131832324048843219e+01 -1.750440440243521323e+01 1.076211784450869402e+01 -2.064142112943787311e+01 -9.369787942144697013e+00 -8.921880357813090257e+01 1.920606044401442603e+01 -8.698309556654086805e+01 7.904221583747269619e+01 9.920195879045496667e+01 -3.291665530285598606e+00 5.174456629399668373e+01 -3.096483224384121513e+01 4.150093884579135306e+01 2.911013713690596205e+01 -4.118832732638071548e+01 -6.752119789180754594e+01 7.733856101481796941e+01 2.984964526194869450e+01 7.871963131504503508e+01 -5.863425562619892872e+01 4.768193783604485247e+01 7.824751947587355971e+01 2.853680570760687374e+01 4.442711004725467205e+01 4.088484122389306208e+01 -6.302644594023632862e+00 8.251408406669736451e+01 4.448850649859247142e+01 -9.409527838097521624e+01 7.308005601175608490e+00 6.832386043385497487e+00 -2.611298892985551845e+01 7.212478560824760621e+01 4.062307583538313338e+01 5.948829539464244931e+01 7.467812994038359875e+01 -7.835497673911864069e+01 9.155774530281192369e+01 2.170748202073357902e+01 -3.916262709795428520e+01 -1.424516786188236495e+01 -4.306346088367265423e+01 1.180043255859605722e+01 3.690991738565486457e+01 5.813055487348242423e+01 2.180589264280972372e+01 7.165951321937197349e+01 6.416092554757597100e+00 8.259670745382379664e+01 -4.552951964039421995e+01 -3.177414604035107004e+00 2.071010121811534077e+01 -6.680912596231365796e+01 -7.321069391781696822e+01 5.772640358680973804e+00 1.231741916289279004e+01 3.210835790076737339e+01 -5.777737483323723922e+01 -7.099578990413417046e+01 4.441054481204298554e+01 -3.003823458372252730e+01 -7.261402509153758444e+01 -4.618482894519821969e+01 -8.518301267216925510e+01 8.192044447983860778e+01 -9.627592180842252390e+01 9.867097098391340637e+01 -9.635203824626792368e+01 9.120644889711533665e+01 -4.701321553094075512e+01 9.125657090046900066e+01 -1.475036023396940266e+01 -4.660283356383392572e+01 -8.350221015103952027e+01 -2.892508635039095566e+01 7.879172411756309202e+01 4.279450463495933832e+01 -3.248694658237978672e+01 -6.948991518096624986e+01 -3.579450764550327335e+01
-6.490001797464009314e+01 -4.158666583084090007e+01 4.361729563742082405e+01 6.194578527185086614e+00 -5.768677284427059249e+01 8.525728364622884214e+01 3.160248433967453252e+01 -2.102243809938464381e+01 -9.837781475108045015e-01 -3.706735849592683962e+01 9.341473030832801783e+01 -3.587503343611328432e+01 3.224070420621578137e+01 5.903250097076403335e+01 3.077630123828745923e+01 4.167072340486888038e+01 -5.359080519974630619e+01 4.998623706796934130e-03 -3.901679887441944317e+01 4.199173511076551790e+00 3.796099068170269675e+01 -7.355753237786370846e+01 5.033595545014199502e+01 -4.181826681472627172e+01 1.097068677308274687e+01 4.223963024715263259e+01 -4.508911420607519460e+01 7.680928384466150760e+01 1.955156141979625772e+01 1.190909868215706524e+01 9.764645284651024326e+00 -5.754903233896970960e+01 8.821701785254069250e+01 3.284406004133128931e+01 -1.929745545753537783e+01 -3.624567037948200721e+01 -6.736572087968737321e+01 -7.804800855219923506e+01 6.241217814728148028e+01 -9.113495976267189747e+01 -5.033482831300739235e+01 -7.682425619936530836e+01 -4.712791520339963114e+01 -4.642591920282550433e+01 6.921487421306139254e+00 4.330818963287086376e+00 4.732433716155838965e+00 3.297428206743677492e+01 9.607652145106294483e+01 -7.034397776959515625e+01 5.670435032954532062e+01 4.566438952650369743e+01 5.945913890811567626e+01 -1.223046195009054316e+01 9.128164153043923079e+01 3.687310246528440416e+01 3.188286008593811971e+01 8.453304761249026456e+01 -9.673656454813681194e+01 -1.698233515390114690e+00 -6.287479292177353329e+01 -8.812752734608602623e+01 7.953354078729915955e+01 9.341737226782527159e-01 -7.136264558743772568e+01 7.507645036599885202e+01 2.461856116508272407e+01 2.806488974398698133e+01 -8.599510790626443679e+01 4.439427177301334382e+01 -1.842012469456308565e+01 -2.505855140157393635e+00 6.361192433095538945e+01 4.280506289179427881e+01 7.654104057678620165e+01 5.526815629798559826e+01 -9.726357649835316010e+01 -3.205661459225841270e+01 1.486845916038328141e+01 8.622852991291881608e+01 -1.937391527358582266e+01 -2.223725715041362605e+01 4.648752164878681015e+01 2.211227393069678726e+01 -3.268988490298487193e+01 -2.422895314638931552e+01 9.686833302755044883e+01 -6.079380158239868592e+01 1.519569822398298697e+01 9.928594965216700530e+01 -7.839563195746038105e+01 3.908786394856957713e+01 1.262704442692272266e+01 7.911426686156991650e+01 5.176586448670451546e+01 3.446529843190674569e+01 -8.763575718139017567e+01 -1.900562928179726896e+01 6.588697575735326950e+01 3.893678845855450277e+01
-8.356519182920725086e+01 -4.652144351270492706e+01 2.070031834067522425e+01 1.209006015427489444e+01 4.985354697320298101e+01 1.600117790500942760e+01 -9.188253249849678639e+01 -8.326786038538863011e+01 7.028504345124036945e+01 9.546094204847369724e+01 -3.902991559322586568e+00 7.780471104137532734e+00 6.524350305394344218e+01 -3.242769964584424258e+01 -8.396680791605355410e+01 -9.403298712520341951e+01 3.207402155956543766e+00 -6.084143946279112924e+00 1.120350637446327369e+01 -9.319495341427916912e+01 3.616341278561918671e+01 -6.662227375627304582e+01 -2.768925688685072828e+01 9.468751903488080757e+01 5.907772285487004638e+01 3.348953548684946213e+00 8.041272511748823604e+01 4.740320221445188054e+00 5.137910645245696628e+00 -5.642575970017233544e+00 -4.875382557497538727e+01 -8.837732645267620057e+01 6.824235839885329824e+01 3.430607543625711742e+01 6.300250476145922107e+01 7.772599725932471415e+01 -1.707140721532664429e+01 -4.972011455293618809e+01 -5.388272196622448007e+01 -1.578149621610336339e+01 1.990683568341000864e+01 -5.735779139240278113e+01 -3.760542790983409844e+01 1.999676162263423862e+01 -6.709676908459005062e+01 -8.594984965621748074e+01 8.604497042109835547e+01 7.654987714419490885e+01 -6.526658803874198611e+01 3.343367423955584172e+01 4.946294860182879916e+01 -5.673140550203401489e+01 -2.807929838939600131e-01 8.747442192604395927e+00 -3.628923946729562999e+01 -5.305802388310279127e+01 5.909915025994880011e+01 9.262098089599092532e+01 -7.682894527666888962e+00 4.206375223731811275e+00 8.287767847970252433e+01 2.709033986922611348e+01 -1.397370165733320846e+01 9.465735862706898729e+01 8.483743105106779581e+01 -8.037939781337246359e+01 6.425344333957551157e+01 -3.104686089010199623e+01 5.241409429476578907e+01 -4.654668613116865572e+01 5.368479639459988562e+01 -2.848354015299116782e+01 1.707341103164097262e+01 -2.641974085190774701e+01 6.402035256059383528e+01 -3.271169643017884709e+00 -8.283469300058541762e+00 -6.920810228742496406e+01 5.430423128452667925e+01 6.784330847752698901e+01 -1.599529228660267677e+01 8.236805201750297556e+01 5.785683315031820939e+01 2.149989369231226988e+01 2.023838823534131848e+01 -6.837213559173771671e+01 6.664377331957049932e+01 -3.884994200098403638e+01 -8.241052117354787754e+01 -9.273719103125823437e+01 4.732100635271859801e+01 -9.776813696678206611e+01 5.626687039974544291e+01 8.850983993390786964e+01 -4.587377206735808954e+00 -5.324015409928239961e+01 9.189760040916434036e+01 2.101830934722610777e+01 -1.473400021512318858e+01 -3.554079946943254242e+01
-1.454107257473806669e+01 -5.680038743663274659e+00 3.857140497485281116e+01 -3.790913245934510911e+01 9.587008520135810841e+01 -7.868782016717560168e+01 3.828612790775412122e+01 1.132998404901155709e+01 -3.650814708026484112e+01 -4.998856249825642806e+01 -6.695672947629516614e+01 -3.399503309763062475e+00 -2.053011533780014020e+01 -1.492061756825782481e+01 6.746958173519004731e+00 4.245481665965309048e+01 -2.642496772167164920e+01 2.919597549186670449e+01 -9.902560943243392444e+01 7.256702761570977600e+01 -3.433253777849157018e+01 8.193675317689556437e+01 -4.658597637921626244e+01 -1.120865752011937388e+01 3.933044815775073744e+01 4.903055170659982309e+00 -2.796208646136393838e+01 -4.995332425643259455e+01 -2.341170205670060511e+01 2.627142606548802917e+01 6.367811550070311455e+01 -9.278554952984976012e+01 3.118341269306625918e+01 -5.077123973581721117e+01 -5.169935245787742417e+01 9.610047003006559407e+01 -9.106330053812089886e+01 7.708057050973167179e+01 5.879400494955504541e+00 -5.498721337961060840e+01 -7.205072132336013624e+00 4.443209493441077029e+01 2.341356451963288521e+01 -4.351509605473901843e+01 -3.286796723330232339e+01 4.089615275531471639e+01 5.496309945794274654e+01 3.557927110420388317e+01 -5.840202801342036310e+01 4.692130668221500400e+01 -9.942855856303663131e+01 7.631379181393441513e+01 4.601484393878115498e+01 -7.352645709336016466e+01 -5.803752737392160554e+01 -5.147311909830114729e+01 8.562189261780989114e+01 4.606643908805304477e+01 -6.129090849251127793e+00 6.792979236375907703e+01 7.213344685192600991e+01 5.112768380390198786e+01 -1.319904300301391231e+01 -1.555735921935898602e+01 -2.031459235836226185e+01 -4.007019205868418510e+01 5.306731032803284620e+01 -7.084307303409786982e+01 -1.589438819968368932e+01 7.038024557697428918e+01 -9.734195015991815580e+01 -1.617029472934675027e+00 8.855602549560325087e+01 1.561997875843037775e+01 9.123264555751052285e+01 -1.060911492238713549e+01 -5.758459493775334437e+01 5.991774980862604139e+01 1.668988052906811959e+00 9.747231892529782726e+01 4.654728348487296330e+00 6.766054816391587678e+01 -8.641993757044073732e+01 -9.782908563189829465e+01 -7.773051805145176729e+01 -4.708510890800452842e+01 4.145231390092970969e+01 1.882494557331892793e+01 -3.343013187307593626e+01 8.556946307204236746e+01 4.438537480866747842e+01 3.660670580595245838e+01 -2.601585170564466409e+01 -9.381464424358732401e+01 7.909456276311692591e+01 -8.692345140949728943e+01 5.920594193439077912e+01 -8.565915871637790246e+01 -7.838952171195398932e+01 -9.724329087374567848e+01
-5.757153234666692043e+01 -3.081941051740848536e+01 -8.253959031788264156e+01 -6.250726062242297587e+01 -2.596922274490383131e+01 -2.036625401196477014e+01 -3.144974711725043903e+01 -5.944991141253774458e+01 1.282234254121912898e+01 -1.236827044385819363e+01 -5.358163179336599313e+01 -9.599195896580920362e+01 -1.655901799094850446e+01 6.703556714011708095e+01 -2.023779066854787345e+01 6.397901742643358602e+01 9.490913048729365187e+01 -8.945190891082215501e+01 -3.173563754774903600e+01 -6.896377186985716889e+01 -4.250703170049754220e+01 2.411125245609949275e+01 8.208496327800619952e+01 8.951227841634721472e+01 -5.413212068402566501e+01 -3.642707940555045809e+01 2.672797105952938068e+01 6.784902118667650939e+01 7.582822866668465167e+01 1.614139459103739682e+00 1.888949640444026556e+01 -3.108917213474096286e+01 2.554306205762955528e+01 -6.380490821872284357e+01 3.832156717476428298e+01 -1.582885418662101529e+00 -7.076494328465264516e+01 4.373043082691609129e+01 -8.330123410542864804e+01 -5.119950152885679273e+01 1.409866634827221787e+01 -5.716364356508876199e+01 5.892293691693708979e+01 -5.924335251363572752e-01 -9.919321721914656109e+01 7.457628102783402824e+01 3.965775187905339294e+01 8.909755271123418652e+01 -8.828938747617614524e+01 7.379145195457928708e+01 4.191754253701586208e+01 -4.673278688360349520e+01 9.799836720474218055e+00 7.124302117181258609e+01 -9.527877049409083554e+01 -1.881933667412394584e+01 -2.697889285287267569e+01 5.269369996809328427e+01 -6.507778230886300719e+01 2.709048876526105687e+01 8.673385715600829826e+00 -7.769151137513112815e+01 -2.367408140010761031e+01 8.264491973292513194e+01 -9.036820744164207042e+01 5.587361538977239661e+01 8.654501666255461600e+01 -3.204204051559737820e+01 6.174683354075810371e+01 1.268513162045508125e-01 -8.062737026850243183e+01 6.827261282655078389e+01 -8.816679284637271508e+01 3.291288615806112716e+01 -9.103114308253763909e+01 -2.077736791874953326e+01 4.520803795355223542e+01 6.266597890468437981e+01 2.636572163195189944e+01 6.323878854573578678e+00 4.680313027135477455e+01 9.291023471996703620e+01 -5.866658353533109960e+01 4.015991385047067297e+01 -1.905088460747994361e+01 6.207585643007675458e+00 6.483026331834301459e+01 4.947311113474299304e+01 5.721099861002102216e+01 -7.156282061281594054e+01 -9.227147835387697228e+00 7.687199937810390793e+00 -3.103006587003613959e+01 -4.513846606033386877e+01 3.114430842678663680e+01 -9.217633859997877721e+01 -7.149081554218980727e+01 -6.353659363190971021e+00 -7.926166989133585616e+01 -6.902581882170639460e+01
-8.961561590902991270e+01 -3.934172484761275967e+01 -5.029050417167748321e+01 3.718412982217495255e+01 3.884749127474427155e+01 1.060706873572803488e+01 -1.605451754470948345e+01 5.488084749048377375e+01 -2.141398773495237151e+01 -3.632072776029215788e+01 -2.704479155671901935e+01 6.394888666418822254e+01 -7.952261203001805256e+01 6.656892383091971510e+00 9.565350940165231464e+01 3.767479619930711010e+00 -2.162360544158990194e+01 8.576858168384435999e+01 -6.650488853331785322e+01 -1.251214665811545501e+00 8.331466562476128956e+01 -4.567946323475988635e+01 -9.888622162012356398e+01 -1.665856304719952163e+01 5.417483617735410917e+01 -3.388501833037467748e+01 5.164991144935390821e+01 8.366803227898751061e+01 -3.570292908158920397e+01 3.344917765466212245e+01 3.018719252462170743e+01 9.074158623561015702e+01 3.190832473181396267e+01 -9.675703426135775942e+01 -5.072586914322187823e+01 5.334093934498062595e+01 4.223213011190830457e+01 4.179819919373352377e+01 8.838769294726247949e+01 5.631151128000334438e+01 -5.453304617325833448e+01 6.220146835934164642e+01 1.001284263367918470e+01 3.611376531599415785e+01 -6.838915387014154135e+00 8.824210266359085608e+01 5.548349128354445270e+00 -6.804686709178412229e+01 2.911148710501726100e+01 8.234769232429121644e+01 3.242058385537785625e+01 5.476443432542836831e+01 -2.470177857450251224e+01 7.058391714482752377e+00 -3.985103406006194149e+01 7.252444197887342625e+01 8.952988506459357154e+01 -9.784544234919643202e+01 -1.623051158718205045e+01 3.220570042493878304e+01 -9.024530229174054341e+01 -6.263931495730273014e+01 -1.013277788962511750e+01 8.111147172270779038e+01 1.181275460818136480e+01 -7.855431305456667701e+01 -4.834530808672246138e+01 -7.597066718151373266e+01 9.452637059443199519e+01 3.341060734728495163e+01 6.122578427997552808e+00 -3.425983506236782716e+01 -1.854370944964828993e+01 -5.008308505444403380e+01 -1.521174510721294837e+00 -4.904908231011197728e+01 -5.925905469730670205e+01 -6.243879807848576036e+01 -5.176056688225898483e+01 -3.752872497231427928e+01 -3.578719778966255660e+01 -3.587722668406418336e+01 -3.309845828536283818e+01 -7.397957789859003697e+01 8.952260823293366343e+01 5.034045807295686359e+01 7.368545369531921096e+01 9.727367382262517026e+01 -4.326541825196923696e+01 -8.267673700131624059e+01 -2.662097280063349558e+01 -4.285719400021210390e+01 -1.865656131797635453e+00 8.624865435271848924e+01 -5.537644153444594508e+01 8.607010134079598629e+01 8.778443349601994328e+01 2.843607449149632771e+01 8.016876671419294098e+01 -5.282124941768702087e+01
8.442107835143389138e+01 -4.863046702944406974e+01 3.672995353800459384e+00 -9.211067482337563206e+01 -8.027601426678501184e-01 4.178720679880586886e+01 -9.456915001551422506e+01 9.280935164640445123e+01 -7.940803068510469132e+01 2.337309656171844097e+01 9.870314873520013066e+01 6.877733381353644404e+01 9.324339970326957427e+01 -6.233896013850708329e+01 -4.516525089124101555e+01 -1.892283501633791332e+01 -9.765960304114665291e+01 -6.342540540747661026e+01 -3.713028310074264482e+01 -5.003376909646415527e+01 -7.895676081677854086e+01 -7.607260868890313077e+01 -5.905435036184905329e+01 4.999889148906433434e+01 2.915034092036577817e+00 -4.336870793347566888e+01 5.744977740805535404e+01 -9.799445380713042653e+01 -3.218388411061962984e+01 9.306407196491684886e+01 -9.754982181112566764e+00 5.095564979905543623e+01 -4.494634298886985846e+01 -2.276014362595908835e+01 6.657346567749578981e+01 -6.091277135243291241e+01 6.724608771090271375e+01 -5.525310477190130598e+01 -3.479501721506733247e+01 5.393484714558215387e+01 3.133210151445805991e+01 1.461868072707548549e+01 7.487646769241021616e+01 -3.856738668316188523e+01 8.768965123252462490e+01 -3.547257893469495116e+01 8.621648277017214923e+01 6.022356823307180207e+01 -9.940345715621762679e+01 -5.651204028256672984e+01 -5.661394103234840003e+01 -7.539395994625763819e+00 8.407205527806002010e+01 -4.603228129385487932e+01 -4.372273157637185648e+01 3.740919579170434872e+01 6.545952650254719174e+01 5.565917796347002877e+01 5.047729768115527804e+01 -7.028637189339693236e+01 -7.547012105276959915e+01 -2.597587879916520137e+01 1.353389884715842584e+01 1.454014768556986326e+01 -7.252970362524493453e+01 -9.664411297304656046e+01 2.536681661498762708e+01 1.363328699459856352e+01 -5.296208459936886470e+01 1.768962346402082630e+01 -4.613434592058034411e+01 2.361862594219633138e+01 9.569957520345170110e+01 -9.036918410589424866e+01 1.090766370216506687e+01 8.729495277610240578e+01 -6.794509870785833527e+01 -1.190218330067828845e+01 3.858204178589471667e+01 -9.913056180341514789e+01 7.593158670663510179e+01 -6.868341605257437266e+01 7.783453299540468606e+00 6.889406131817122514e+01 -1.795614037092995829e+01 -4.998875776836722196e+01 -9.444646256779391535e+01 7.806717707697973196e+01 7.974140716835958642e+01 -1.243618564887030686e+01 4.953189911544501456e+01 4.532623958619203108e+01 4.121879396008617391e+01 1.110473474461159071e+00 -3.114721128209130541e+01 6.524983176829593390e+01 -6.373405150737290370e+01 -2.418001288219670641e+00 8.393795884173960076e+01 -4.389789334397988796e+01
-2.330102944302727508e+01 -4.701720716144561862e+01 3.081672319614941102e+01 3.129151001298254187e+00 8.845624941602494573e-01 -7.171343451721375573e+01 -7.680919822685154941e+00 -6.901866544970410189e+01 7.372379645305593954e+01 -9.376495445056600886e+01 4.744138926011765989e+01 -5.158808419362716791e+01 1.821359153541719422e+01 1.840646722611023733e+01 7.336796506013482144e+01 3.840677678564347275e+01 -8.681202982219096498e+01 -7.317806471918345324e+01 -9.312642287067885150e+01 6.663008203869460999e+01 6.974184951724805615e+01 8.996098487935736898e+01 -3.459606465285109778e+01 1.585122352880294727e+01 1.966503794598128252e+01 5.110301757738483275e+00 -7.106717064847005361e+01 -1.694333348647700177e+01 8.200202223440695093e+01 2.304306132393045914e+01 9.894856093121757112e+01 -2.204352072671520091e+01 -9.209828526908982838e+01 2.887855681431256016e+01 -2.691272332565436898e+01 6.003967270808175272e+01 -2.949273971659881965e+01 -5.404098602057485579e+01 -9.094370765619382269e+01 7.171608060527069028e+01 9.342572503496705849e+01 -7.306396870343098726e+01 5.795890382223998927e+01 -9.014845617659754851e+01 -5.176945979786806618e+01 8.888661461931584995e+01 7.307517485381987399e+01 7.692842480727179577e+01 7.022016723464457755e+01 -9.033920834307505743e+01 7.679859987841425095e+01 5.834467547742849547e+01 -8.658446183704471366e+01 -3.165852707913639108e+01 -7.111002074994254940e+01 -2.415174883506459480e+01 8.015328055361098336e+01 -7.878366737923499841e+01 7.479245758388162812e+01 -9.292838229007035977e+01 9.471387399573666244e+01 1.177442747325116557e+00 4.433177002047500537e+00 4.681650013911161068e+01 3.946497016957880533e+01 -2.398138092171227242e+01 -1.902130502739048268e+01 -7.020100553282561862e+01 8.979778487911289631e-01 8.691159830280733445e+01 2.926213492871517019e+01 -8.907150977098132216e+01 9.044986594523015810e+01 4.157677326233672943e+01 -8.938077158008150036e+01 -3.709539509477546204e+01 7.589403108651288221e+01 -3.854009026616402878e+01 2.705308728295170795e+01 -1.561998499269638785e+01 3.279823515067823791e+01 8.699474315749660036e+01 -3.384233419335956228e+00 1.270573857692252773e+01 -8.622782132339716554e+01 -5.601124811033324136e+01 8.677042207030729060e+01 -4.649045473109809734e+01 1.035291692519010098e+00 8.686687851082868406e+01 -6.942162641188724592e+01 -4.764898243922246479e+01 2.607389377339417535e+01 -9.310383044477926262e+01 7.650431211437268075e+01 1.729111507008798299e+01 3.890517951212351022e+01 1.064241321148351460e+01 2.579652927080758218e+00 -9.503177562583941551e+01
-2.978310115026437188e+01 9.876095398015382898e+01 -2.027857319560150984e+01 -3.014423872452806563e+01 -6.443699869854157214e+00 -1.069255571401859584e+01 5.296636847342259102e+01 -1.721095922374217935e+00 -3.635669437803429105e+00 -4.650132668205604602e+01 5.146017593551209757e+01 5.978193045870480660e+01 1.577938896730968565e+01 7.785247861180167206e+01 2.911517935444678074e+01 7.503065085016146440e+00 8.647009880211413702e+01 6.453178634339502651e+01 9.349701859494831524e+01 3.358516697838027198e+01 9.588313094732748709e+01 9.744255301199186192e+01 -4.213003773497760562e+00 -2.275608124516477915e+01 -2.438006768170566829e+01 9.111164981923965911e+01 3.984895034909882838e+00 -3.541734006320011474e+01 -4.862657789676308084e+01 7.053982617201535277e+01 -3.521417205490877222e+00 -9.585897542288304862e+01 3.347542495812797370e+01 5.060803898348888197e+01 -8.387450431698559328e+01 4.026135666304298866e+00 3.684438957146184634e+01 3.986414040863300556e+01 2.957452039659625598e+01 2.636251898337367550e+01 -2.736712499350497296e+01 -3.197289803862327062e+01 3.800696470616966849e+01 -6.210820085558452774e+01 4.012957884887339333e+01 -4.283123198324801706e+00 -3.607289363458097142e+01 -6.173899361206793657e+01 -1.588579756464420711e+01 -8.042374795175405211e+01 -9.650842675217390365e+00 8.993469352663271366e+01 3.826941636182661455e+01 -9.379266285608159137e+01 1.996587946592245544e+01 1.951952246631734056e+01 -5.954731161360413694e+01 8.231935853452452534e+01 -3.748148461497861916e+01 -7.677484041011346960e+01 5.713639957337767328e+01 -4.537251490634992734e+01 1.503388721239555537e+01 7.493361105385687893e+01 -5.777494689862419364e+01 2.299264125380243229e+01 7.332518318513248801e+01 9.419292105496168688e+00 7.740880369532686700e+01 6.872352591204358419e+01 -8.920871429225105942e+01 8.090795518700832645e+01 -9.576826161207709731e+01 -2.355863484519598217e+01 -5.252921728980597038e+01 -1.432925548708323049e+01 -3.958226482736124296e+01 -2.351059766193361611e+01 -2.844609578536507399e+01 9.171999575723509679e+01 5.431311395449534984e+01 -5.730438462410618428e+01 -3.186640288503721763e+01 -9.893036276745017688e+01 -5.167165936981650276e+01 9.319915557532451089e+01 1.335872296324038189e+01 -1.702574429961940439e+01 -6.324932047034408100e+01 3.593814328546287129e+01 -1.297049848653514914e+01 3.746288903515184643e+01 7.872730911760129402e+00 7.711704707281000992e+01 -4.916831416940566157e+01 -5.450260620986458093e+01 -6.119129786099784241e+01 -3.696142152442804729e+01 4.061594566716212285e+01 -1.125464167512026847e+01
7.682376994593229824e+01 -5.956012176384722068e+01 8.039843551054516979e+01 -2.685883356572385594e+01 8.525712085830610931e+01 -4.053787042168374910e+01 -5.605342545675040355e+01 -4.582946181443743683e+01 4.907101839249884279e+01 3.106468949386643885e+01 -5.611659798978448066e+01 8.834364889660025710e+01 -8.521497241753677088e+01 -6.407519292216284157e+01 8.395860985030120105e+01 8.334742697078496576e+01 -6.063505224709410868e+01 -9.174337975759755182e+00 5.257824120235414966e+01 2.802674471351181751e+01 8.661767065122108988e+01 2.795395638833247176e+01 8.133825677725587866e+01 -5.644254898230969530e+01 2.001493776603015817e+01 8.614133957199149449e+01 -3.106034454094206865e+01 8.352192816426008903e+01 5.396845376458787769e+01 -6.573542675755120968e+01 -5.861350712446181888e+00 1.169837301755850945e+01 -1.569025174740798434e+01 3.953816829892193141e+01 8.961651202844430486e+01 -2.416824843948992907e+01 -4.734512446278762354e+01 -2.028642832346456260e+01 -4.265599545368164058e+01 -4.245053629762682590e+01 -4.049088968880694495e+01 -7.336347419280579629e+01 3.832867849535605842e+01 -7.310006553104797433e+01 6.139669746107841775e+01 6.235579911308747114e+00 -7.035318355552217895e+01 6.810800340986483548e+01 -6.556195916872468388e+01 -9.579937419673200338e+00 -4.141906687342608961e+01 -9.222362119639460332e+01 8.005980883428651396e+01 1.664913032163282480e+01 -3.986168364808555253e+01 4.965196315986872833e+01 6.482343685162243219e+01 7.748940711896037215e+01 -3.940783423855247491e+01 6.950028266886121742e+01 9.724050113065879941e+01 3.007197595391954792e+01 2.395063367082774164e+01 3.797751330806278247e+01 4.601911750284176605e+01 -5.237327418956026293e+01 -9.847525932958819794e+01 -1.685195196395969219e+01 3.010621758072096554e+01 -2.090580563688646976e+01 -6.577650373808776862e+01 7.925302606577642450e+01 1.315252103923955929e+01 6.796506486774273981e+01 1.486691917119942730e+01 -1.245879952590050266e+01 -4.168609731612515645e+01 7.315139929898307969e+01 6.950752245788572736e+01 -6.156729394097379782e+01 -4.762278628750635789e+01 2.231961911455933034e+01 -1.212159127231093692e+01 -4.993774454086767633e+01 -2.732975157409660483e+01 8.683570719916551184e+01 2.358560020871283314e+01 6.316560366770050905e+01 6.021934870066920098e+01 -5.730027782410462578e+01 -8.163639711430752754e+01 9.854306001659330150e+01 8.963596266693073744e+00 6.910331825601559785e+01 6.473824075563246083e+01 3.686181209374075252e+01 -8.717561019625856034e+01 5.362029764865826564e+01 -4.362822560040881825e+01 7.606276859046420213e+01
5.446096670213728430e+01 5.209495009348162853e+01 7.858914512323136137e+01 1.912689123797726154e+01 1.343704527909190460e+01 -7.524015418688316004e+01 6.015855528235135807e+01 5.701845167584727392e+01 8.132057983283209524e+01 1.891228094805870796e+01 -8.522362022662332492e+01 -6.053327449580982744e+01 -6.301669351847356637e+01 -6.182621145244806371e+01 9.452043070788488421e+01 -7.811035214913491131e+01 8.074635364179499675e+00 4.169912105115440681e+01 -4.987076174213729018e+01 -8.943357445307556475e+01 -8.058404825463264842e+01 4.918650433508423703e+01 -3.521557560055906322e+01 -4.275006017679800152e+00 -6.303515122161689277e+01 -2.089398295559486485e+01 3.939656837389657085e+01 6.775907622123602891e+01 8.029937126935919878e+01 3.707539236956034756e+01 -2.223261751498462502e+01 -6.247643113461847264e+01 9.182550367673115943e+01 4.582445599066284103e+01 7.061914837968214442e+01 8.461215097112858530e+01 5.792699819065808242e+01 7.411924952063799310e+00 7.025285605812229051e+01 -2.755729021557900182e+01 9.997705409747078420e+01 8.521219791447322223e+01 -9.797277734653557957e+01 1.776146986461431254e+01 7.003613391736152494e+01 -6.927377766998965569e+01 -3.486682981959978633e+01 3.187445971175003478e+01 9.449555219946861939e+01 -3.694021810510514570e+01 -7.114183075977203430e+01 3.905566678739157283e+01 3.990573882283888452e+01 -6.373804888306698047e+01 7.990941236831866945e+01 2.840132612002176415e+01 7.706882145682936880e+01 -3.234533246786222094e+01 -6.874288820838827974e+00 -3.769017942514376784e+01 4.892898039308207103e+01 2.429749343768108361e+01 -2.509366547116991342e+01 -1.294587712756978704e+01 5.677354031048704996e+01 -7.743234027179117618e+01 2.075829465125647744e+01 -4.860986411650250005e+01 -3.866341780646500581e+01 5.300632404060317526e+01 7.636496080056264191e+01 3.103678547828960177e+01 8.488235857684264829e+01 -5.985788826977547217e+01 9.453302997977530708e+01 -6.212433731246341040e+01 -5.664646409930051618e+01 -9.647418204504558048e+01 8.280737738098983414e+01 7.643682185793295503e+00 -5.526146586025127050e+01 -3.162041228559471051e+01 -7.113327257244630175e+01 -4.331931145951131157e-01 1.466499987946525607e+01 -7.421950268788125982e+01 -5.327319194185993467e+01 -7.034677136355682592e+01 7.476123153354552642e+01 6.004200577714061637e+01 -7.346083420445435763e+01 9.860586431950471820e+01 -5.191681234078566831e+01 9.967263139444514763e+01 -2.054958156633972521e+01 6.947173458030559345e+01 9.085743691559463286e+01 6.098501522154208487e+00 -6.425740087180111004e+01 3.594476867551645682e+01
1.905120079978566139e+01 9.448613897687386043e+01 -6.994763182157046799e+01 -2.661456971696350138e+01 2.663673430806066733e+01 -2.416273789127383509e+01 6.364187628826056198e+01 4.166727012134316510e+01 -6.653146045924154350e+01 9.351444445125946459e+01 3.552181735110772820e+01 -5.385229332332002627e+00 -3.474243698793515023e+00 -9.326911083338612229e+01 6.722568438697237525e+01 -4.972925762584527831e+01 9.091716020872752324e+01 -2.453377945323609310e+00 -6.181104943657449269e+01 -1.666744432670472520e+01 -2.380858350625175035e+00 -2.474780113309289220e+01 2.312542847532355950e+00 5.876799771555025131e+01 -7.734675044869447902e-01 -1.788533576228064703e+01 -2.273090836084799093e+01 -3.838249926147894087e+01 -3.533658734258821710e+01 8.853122226808412165e+01 2.029906825340870569e+01 -9.910970554163709778e+01 2.854137680148437539e+01 -4.806951337666149726e+01 8.713319027509766102e+01 8.734619104896853514e+01 8.077933950270812602e+01 -8.434655744992247151e+01 5.035481194293663521e+01 7.278508519028454771e+01 6.597856712484880859e+01 -4.611125988577953194e+01 -8.178896793317287006e+01 6.813051096310900334e+01 -4.799089958106137033e+00 -1.476034066310900528e+01 -5.101024751870253482e+01 3.191574199224837116e+01 9.181088111802506546e+01 5.798529105828336583e+01 -6.009020427330640501e+01 3.190262908366281636e+01 -7.030636045740197915e+01 2.683544647395774518e+01 2.137203499508662219e+01 -5.463276883140400031e+01 -6.867698920380473737e+01 -5.892915588354880896e+01 -6.022917520305455241e+01 -6.455329705389192441e+01 -8.417918308567277563e+01 -1.674165097937579105e+01 3.934920384948890160e+01 5.048743440478480693e+01 3.812931254498752764e+01 -2.879494732715350835e+01 3.133799018749709830e+01 -8.737574423437435200e+01 -7.399130735595207398e+01 5.111795788926320938e+01 4.905818566853750440e+01 1.046445836465721868e+01 8.841009334183286228e+01 -1.508000910281322149e+01 -5.012879371543772322e+01 2.838892692863822731e+01 -9.896401740880932607e+00 8.718574479772775021e+01 -3.414609937295654163e+01 -8.761571265495507532e+01 -1.228966191636040151e+01 -3.156531772946405567e+01 -5.835566929305991124e+01 4.564317638212372685e+01 -3.678760570638914373e+00 2.108496321425722897e+01 -5.534888475151771559e+01 1.468405617158300913e+01 -9.099807272366726352e+01 -2.771496626324940848e+01 4.178800394435285170e+01 -5.709333906769062850e+01 -5.346758443765171620e+01 6.558848940459640176e+01 -3.945049327400926842e+01 3.222900689607371305e+01 1.304731896985899198e+00 1.674589868184645525e+01 -8.323991171733071326e+01 8.029831012915903443e+01
-4.676371959858338556e+01 -6.831760202913042690e+01 -8.547580171672677807e+00 -3.685343023208660185e+01 -5.694485234671444829e+01 9.737322568332814399e+00 4.977373882924823079e+01 4.409013708865865055e+01 6.822232444887106340e+00 6.849683668738080655e+00 9.966571659500138480e+01 8.684694387675713756e+01 -2.821355355859486735e+01 2.167490222997074056e+00 -8.674209999220741452e+01 1.277330066690849719e+01 8.410739933736249441e+01 6.354241217259084351e+01 -3.241127360892512854e+01 2.995509958488719349e+01 -9.167532431445346219e+01 3.473830123891573862e+01 5.728153309737780319e+01 8.597410760279603892e+01 -4.125036202554868225e+01 4.204932249432840763e+01 -7.538672809536791419e+01 3.339664163073800296e+01 -4.228443574160709773e+01 -5.417167333029829024e+01 2.267916083993586085e+01 4.816631463470849894e+01 -5.887472793001240490e+01 -2.098697001106017979e+01 -9.745837701904913786e+01 -9.446807986346821906e+01 6.006554117256033010e+01 2.671256199346188964e+00 4.009787687864505301e+01 -3.358359672874371427e+00 -9.745643113110955369e+01 9.442954681279397278e+01 8.781372179891963015e+01 8.793380362667409145e+01 2.566947019262954655e+01 4.098398161558628772e+01 -2.418038653506458502e+01 -1.100720950943552623e+01 3.019571558693806423e+01 -7.322432625559065400e+01 4.138054222197183663e+01 -4.062875264952023713e+01 -5.261557031543997454e+01 2.594828772992445920e+01 -3.082975904397207501e+01 4.074899184852966982e-01 9.720365503530427986e+01 -2.183476089226404326e+01 -8.892059908390478995e+01 3.455118798219325527e+01 -8.822686443171892279e+01 -4.265881949089740033e+01 -7.870321515424862469e+01 4.824035943754338973e+00 5.810529871990911488e+01 4.018884896838258669e+01 -3.957789686424386844e+01 -8.705209966939435162e+01 3.060405141806751317e+01 2.225412818465125042e+01 -7.760486700062969589e+01 -7.299034062363290332e+01 -2.389350242916691514e+00 2.289095084788030476e+00 2.904301169121802673e+01 -5.270379827566873132e+01 9.032145079233040974e+01 3.476933981107333693e+01 -3.268510916302780345e+01 -7.140806916817240335e+00 7.033290235200658458e+01 9.949415859153546648e+00 -4.810374488526269943e+01 -1.100491943341491208e+01 6.697843674733113062e+01 -1.124929017527259134e+01 4.736749242746159894e+01 6.377905862905393519e+01 -6.869470220774263680e+01 -3.842616532894454195e+01 -8.283875720090648542e+01 3.649627106417386813e+01 9.189196780471584702e+01 -6.941040846521812568e+01 4.601772720605936229e+00 -1.893938669333365965e+00 5.409010022606847201e+01 1.885000506875087467e+01 -7.195542844555973261e+00 6.053376262027185817e+01
-2.993786841516535446e+01 -3.229790769619688717e+01 2.169123184030172524e+01 -9.839007725035197893e+01 5.677198375477667014e+01 -5.070880450446708920e+01 -6.835467992914425395e+01 7.166932825233027415e+01 -4.429868109736337090e+01 5.785024895892155428e+01 9.828325126627373720e+01 -7.528030551856963370e+01 5.050211085757348428e+01 7.757613131251025607e+01 2.369036175952238921e+01 -4.935647640791576407e+01 -2.893438306409687755e+01 -8.344587055519716046e+01 4.898894181948384130e+01 -4.346153979985825089e+01 4.360832186003625566e+01 -8.919316760585174109e+01 -5.151692260837370441e+01 -6.746000409567841416e+01 9.004001192476650317e+01 -5.962469851640843643e+01 -4.972206227819688706e+01 -6.727225117650107222e+01 -5.475485381217868053e+01 -7.391354958115412899e+01 9.627735447788435863e+01 8.441979957211893293e+01 -5.008830105496109297e+01 -4.347495948977875457e+01 -9.381864758628648815e+01 -8.425384843291689663e+01 7.568152330705518693e+01 -7.833560602521609439e+01 -1.782683713142697002e+01 6.966389042156990286e+00 -1.814388655739426781e+01 -2.161695696106576747e+00 4.306341849472474337e+01 4.087730185638170610e+01 -8.555507523948904236e+01 -8.445370602991286546e+01 5.565493358037520011e+01 2.261846903542867437e+01 -6.433913451909201342e+01 -7.600987324380525934e+00 3.184902099512410700e+01 7.931579676816241431e+01 -2.891935011458937765e+01 3.004340438023248794e+00 -2.802376270887569376e+01 1.988557828180125853e+01 -6.198762980056062588e+01 -2.813909776469228063e+01 4.684415744778624457e+01 9.156855191369288605e+00 3.443546074918634758e+01 -4.216229751521396452e+01 8.400034033038872394e+01 -7.197617841807549155e+01 -9.651790941066498419e+01 4.535435919111245084e+01 6.460782370559584820e+01 6.398033422476538590e+01 -3.099817409082888275e+01 5.578077594160617991e+00 2.510500432553553196e+01 -1.140361297669785756e+01 9.753343974442344688e+01 -4.234318281691705010e+01 -4.992571717532044318e+00 -5.468946711267719252e+00 -7.309108551901715600e+00 -9.074463413663337974e+01 -5.515572452040235873e+01 5.967566012433590572e+01 -2.645329481459552312e+01 8.464759602789527548e+01 2.223368323963077842e+01 -1.649173494825589614e+00 -2.043329092715072193e+01 5.101033573029951640e+01 -3.331297734888265438e+01 -3.991376022478587515e+01 -5.715264962724712916e+01 3.916521934872315569e+01 -6.021819803756098821e+01 -8.181965317963877737e+01 9.182748784184474289e+01 -6.862917477523271259e+01 4.479559510193848837e+01 -8.872389862664499560e+01 5.194900854405818791e+01 -9.531731311578334953e+01 -3.655566411411514594e+01 3.804274073502085685e+01
3.172185644366749102e+00 3.422186879193108666e+01 6.534062711075063135e+01 -5.671106647282178415e+01 2.607296128663183765e+01 -1.600015792465670472e+01 -6.562710011333405191e+01 8.819727892010598680e+01 -1.436854549663983960e+01 5.715039898760929304e+01 8.953327776789106451e+01 -4.385205429915563968e+01 -9.969234247213208278e+00 -7.921405845841225357e+01 -6.507552285359673760e+01 6.246059111230576377e+01 -2.793461496216508522e+00 9.534357540346235282e+00 9.511391322426482020e+01 -7.457892107322119557e+01 1.872130591728904392e+01 7.141864454934705009e+01 -5.496337424063018062e+01 -2.447336285804888689e+01 -4.673747113642363615e+00 6.069754330774634354e+01 -2.153979306485820189e+01 -2.306948354656559275e+01 9.753301626696554649e+01 4.960806867592287972e+01 2.084214201567348823e+00 1.922080591160857921e+01 -4.613403458176421168e+00 3.739425553450470829e+01 -4.263069834497128596e+01 -4.977776500500205970e+01 -6.091812746798661493e+01 1.184080484174572234e+01 -1.976061807872572729e+01 9.986317687227412421e+01 -3.802213744971283660e+01 2.500456206588120267e+01 8.514345221345965342e+01 -5.540589819016415163e+01 -7.400021204193771496e+01 -1.108351549277782055e+01 -3.716574808047552381e+01 -3.220732585896752198e+01 9.834776434911273668e+01 -7.155659972886776643e+01 -2.759056531112935318e+01 3.700002842179588924e+01 -2.889089073070046254e+01 9.497426883468853021e+01 7.280964731052839056e+01 6.319385852514665203e+01 -3.526679371746759273e+01 6.213764371731437564e+01 -5.026531308813464705e+01 -8.539964409756555597e+01 4.090179649551552643e+01 7.811151285535751754e+01 5.268252284022949539e+01 -9.660825977951728305e+01 5.875931375683336455e-01 7.158072426902580787e+01 -7.279043564323677629e+01 -8.232793435772380519e+01 -6.843124833850062316e+01 -6.099998389226905715e+01 -7.119737922686513798e+01 9.939325783101250522e+01 -1.874031203650008592e+01 -8.091212835338768627e+01 7.623793028509706460e+01 7.480951690825432365e+01 -8.328752941597177539e+01 -6.423442536261478608e+01 -6.515949728496494231e+01 2.609162115521330350e+01 8.407276445699611145e+01 -2.988149512596953628e+01 -4.894592821592596010e+00 -6.888413144211966710e+01 9.655558843253615464e+01 9.487079289246045732e+01 8.512648978655502674e+01 2.367322996863087781e+01 5.154005484546081561e+01 9.828473944771161541e+01 8.315992646537645783e+01 6.513284262277713310e+01 -3.892928057343492299e+01 -6.082903937246748427e+01 9.917608582925589644e+01 -3.170697382300619438e+01 -2.593498692223870705e+01 -9.411471782485392623e+01 4.852473071094652823e+01 3.445452961025480931e+01
3.005833601592661353e+01 -1.119295114009439374e+01 -9.957984941289102210e+01 7.258089966669211890e+01 8.290010888943194800e+01 2.739203056289399285e+01 7.915564012031015295e+01 -6.158584524185801712e+01 2.682709974261663888e+01 5.985238860377927494e+01 -5.830184835067493054e+01 9.784055116817575026e+01 7.510446896651987458e+01 -4.341207100606808922e+00 -7.130882779825336115e+01 3.116851699294417699e+01 -6.317453608733920589e+01 4.971058831121658272e+01 -5.125776515462210625e+01 -9.615028975230642061e+01 6.702698998238588501e+01 -7.603907144544197649e+01 6.854415352524620175e+01 3.017907697104629960e+01 -3.266995838879334713e+01 -9.485893482567924195e+01 -6.262312576831936894e+01 6.168675512467785893e+01 -8.329576582026163578e+01 2.933053696926438647e+01 8.041466104284137373e+01 4.745158471762792374e+01 -2.289915001136813544e+01 -4.566589435681276399e+01 1.435946036325773889e+00 4.762473456769413360e+01 4.201244284830244169e+01 1.939652073976121471e+01 5.815842083885078750e+01 7.270070635168275430e+01 -2.516938596386691529e+01 1.791145625244881501e+01 1.527874264258500148e+01 2.445247746322954185e+01 -4.889738514782597889e+01 9.178727120203993195e+01 -4.002869462208358442e+01 6.657115203844023199e+01 8.046322918726082207e+01 7.411173601061307181e-01 8.939002771771970401e+01 -8.258140741220259429e+00 8.952925053844745662e+01 -1.236326528359600729e+01 -9.610226843750768921e+01 1.961147886121779038e+00 -5.398441086778429110e+01 9.220277302665252250e+00 5.603147434809940819e+00 5.814465659317059476e+01 -3.185711077729365570e+01 9.676495114814406406e+01 -3.727920911704476481e+01 6.203041258443695938e+01 4.649679878599059180e+01 -7.709364823445400816e+01 3.426246359779696604e+01 6.352730975362550225e+01 -7.627286944011306957e+01 -8.729441196749172605e+01 7.987072772586316205e+01 5.313142550550546162e+01 4.303581519800096089e+01 2.043879023698187325e+01 -2.969618848600823924e+01 -3.329093196438421387e+01 7.398475335152903654e+01 -8.528542994499994734e+01 -7.074923728187228278e+01 -5.985266594330227008e+00 1.584277955146673378e+01 -3.330522274853589693e+01 5.013642793187386815e+01 -9.622482442294042926e+01 -3.684904438437954610e+01 7.806517142591903280e+01 8.073310700033283638e+01 6.451607793471904984e+01 4.995700471324815339e+01 8.538231593638312233e+01 -1.694213186436421381e+01 -5.641902387550206299e+01 -7.282565956046083500e+01 -9.664363232674890014e+01 4.642320969788974594e+01 1.933246475844035217e+01 -1.407751493835067436e+01 -4.664185791455111030e+01 5.951075204430495091e+00 4.931370515025500367e+01
-9.455147035005069256e-01 3.906458462599414361e+01 -1.823629914023037202e+01 -9.257418462356881150e+00 6.400242837789505757e+01 -8.642515101673247102e+01 7.829521878894411202e+01 -8.167582375496063207e+01 -7.869579813683159841e+01 1.408974534174308246e+01 5.124103554273847294e+01 -3.566673101997366757e+00 3.817865821232445001e+01 -9.297827689209654523e+00 4.143703934090993357e+01 2.524515196274776940e+01 -9.960196713287447778e+01 2.588303092100179015e+01 -1.721505827938017319e+00 -2.513595587489409411e+01 -8.866176800437844463e+01 3.879677260005212247e+01 -5.732363761409835234e+01 -8.757021964435776340e+01 -7.250323659775807528e+01 2.448361613179071128e+01 2.525428316319309374e+01 -5.642905624792946639e+01 2.021975219619712050e+01 -3.761590687417533019e+01 -8.726401692918155106e+01 -5.926142355131449335e+01 -2.861166645812926390e+01 5.608928284673496023e+01 5.733700265064001655e+01 -3.145599334634414390e+01 -4.566778924505469917e+01 -4.042992852131841630e+01 8.931078938085809682e+01 4.894495711134572957e+01 5.113032237890161014e+01 -6.544790408825269878e+01 4.230585032453211625e+01 -9.553174646354669619e+01 8.685505801287939676e+01 2.784815147523174517e+01 4.178654331818603396e+01 2.487852843434666283e+01 9.480347584713734932e+01 -6.464984288443771732e+01 9.209287438312102836e+01 3.926230505826723061e+01 1.704539770004444676e+01 4.464045219178410662e+01 -3.650139001056287213e+01 -4.426285071915585689e+01 -9.533807058666970136e+01 8.259782503925225683e+01 -3.197309101946510168e+01 -4.704842812754068859e+01 -4.712823253290026315e+01 1.304985888394458016e+01 7.667523803920326486e+01 -7.850080011967102678e+01 -7.572906684549678857e+00 -7.546216511484205114e+01 -6.603817297396952313e+01 2.067123340471346182e+01 -7.899160396135403062e+01 1.565682204762907759e+01 1.363471291697115362e+01 6.705928545850542832e+01 7.841837674386439971e+00 -9.963673715346968152e+01 -2.315237089895532563e+01 -2.766037363292794282e+01 6.725077767750002522e+01 9.106155540987813879e+01 -9.187422833206201744e+01 -4.663937796616992415e+01 4.211558114831143484e+01 -3.588366335415828701e+01 9.888070572057347363e+01 -6.371756374278629664e+01 3.196932552142101258e+01 -3.487015755948704054e+00 -1.941430569156621289e+01 -2.043945344329785030e+01 8.304793423357631355e+01 -2.271912829084720897e+01 8.459131071208423691e+01 7.580846034847209580e+01 -6.142356213743094173e+01 2.313972532684051941e+01 -3.609969091001752162e+01 -1.771562247123763711e+01 -6.435037082885462212e+01 -8.913116877228759449e-01 8.833361243505163429e+01 5.673005296866404024e+01
-1.754332066101582654e+01 9.879207237246728823e+01 5.604978039198664419e+01 7.714624586462204547e+01 -9.795517671421080763e+01 5.252593451139532021e+01 4.405651348695997171e+01 -8.187675940839781674e+00 5.689905326790884033e+01 6.314650215855840543e+01 2.098500661906483344e+01 2.511952081572952977e+01 8.693199264041334118e+01 5.939853605836688644e+01 8.403548933027622070e+01 -2.076729649257788424e+01 -7.243975244151548054e+01 8.400581644012527249e+01 8.129391980754471092e+01 -6.640814196414297044e+01 5.479797151849192005e+01 8.403176799332408109e+01 4.853653575591337699e+00 -4.343672050163669240e+01 7.091545565800362283e+01 9.571965271615138704e+01 6.901852889633616428e+01 1.274358683354958544e+01 4.503323960047345054e+01 2.302965156226105137e+01 4.794436206842968318e+01 3.616943703891467976e+01 -2.033458921499796190e+01 2.438985273834546774e+01 -8.960089912911952581e+01 -9.598700231517611314e+01 -3.851319739712910462e+01 7.810194278278859770e+01 -9.103190900827431165e+01 8.518550184269409442e+01 -5.657148059859089528e+01 -8.327216981984003041e+01 8.837237411221906314e+01 2.913714369517305158e+01 2.157852595445528721e+01 -5.310217150944651365e+01 3.790702512212698139e+01 -7.823218103490219733e+00 8.201368403272587670e+01 4.879505155304337904e+01 -4.084055041807430797e+01 -5.159646064082907913e+01 -3.709641408731847179e+01 -4.357597803827610505e+01 -3.287703500773983478e+01 2.739506670466114713e+01 6.119992770173959684e+01 8.074177325836407704e+01 3.392870607548707085e+01 -5.125828875720799260e-01 -7.189470563164874761e+00 7.799561359399206140e+01 3.830074895175704341e+01 5.110495992751981476e+01 3.534191348300464597e+01 9.615198440718347683e+01 -1.927289962734602113e+01 -6.595413319557965792e+01 -9.021984051834297702e+01 -8.073394389546260186e+01 8.641457321918352363e+01 7.072313452433104430e+01 1.679354109112090043e+01 9.936868460442147466e+01 6.585673502825858350e+01 -2.869850986363616130e+00 -1.290303145792563555e+01 3.551120694137327405e+01 -3.743873683037228517e+01 5.254553434912602938e+01 4.943887565849206567e+01 1.187474374017618572e+01 3.904424659106652484e+00 -5.514940251242757085e+01 2.728354013223797381e+01 2.005124078256758935e+01 -8.615416800009350595e+01 1.138987719185526259e+01 5.640865529385098398e+01 8.033914116645121339e+01 6.587710863642030290e+01 5.003168002031100059e+01 8.642310052860531755e+01 -8.137916185066760022e+01 9.533925902512484640e+01 -6.993959845529154506e+01 -8.441872628060187367e+01 7.147957255909389573e+01 9.109140354422780206e+01 8.385760557083386857e+01
1.170788293633168564e+01 6.458527263132387475e+01 -3.157094342758483663e+00 -2.819655442543110269e+01 -3.158234968095170814e+01 9.260053893932479241e+01 -5.240660423864979833e+01 -8.834877747408546611e+01 4.049120637471753525e+01 -2.072647714108089190e+01 -4.465957385918682121e+01 -2.506132602702284373e+01 -8.307942939216310663e+01 -8.212365580040432178e+01 -5.691629776648985484e+01 9.995070842198180117e+01 -7.927203844018507084e+01 9.995266197086911575e+01 -9.100830226887572394e+01 1.653124864999600163e+01 7.504856352189491986e+01 6.650324639961215212e+01 -7.633069398852288145e+01 -2.561932135250120268e+01 -4.078584741827886262e+01 5.071037954799081149e+01 7.902260643869215073e+01 -3.367027395327187378e+01 2.769532707086767687e+00 4.657689420559788118e+01 2.830934993068049721e+01 -8.898618553996841740e+01 1.168356927455147343e+01 8.435749065483619802e+01 -6.496602453299547619e+01 6.686931889932884587e+01 -1.982165280730809798e+01 -1.649456214273243404e+01 -2.603406131595579609e+01 6.496927371185148559e+01 -7.693656212660022220e+01 -5.215314343222237170e+01 9.250531175239854065e+01 -3.650785911048350840e+01 -8.478334874502944274e+01 3.827925577816563418e+01 -2.490981187730729118e+01 -4.961612629697768995e+01 -8.914321328030624159e+00 8.708146890769813808e+01 9.076495394609179357e+01 6.753063498925570229e+00 -3.405808701150945694e+00 -2.393104346902580915e+01 8.198240506216023959e+01 7.340603865733356770e+01 -5.334481915216130687e+00 6.821750633128303321e+00 -4.133342592753898970e+01 8.460900824865720438e+01 -3.948014551862182486e+01 9.949569082796676867e+01 -2.796343338394993339e+01 3.329098523447143521e+00 3.723593974774061621e+01 5.148203819044982765e+01 -1.073689458155713794e+01 -1.892367489250746360e+01 -3.567894110655200279e+01 -4.886990970420781366e+01 2.959687067867386645e+01 5.121238415817353484e+01 7.346307662446767495e+01 -5.672359064359640257e+01 -4.909746694113466248e+01 -3.102808411514543252e+01 -4.226947513580612537e+01 4.448265691050471560e+01 -4.320591591220207306e+00 5.127581742326987069e+01 -6.797035128383404867e+01 -3.474839970475993312e+01 -8.268658228221086404e+01 -1.492249986685543206e+01 -1.614111077791508819e+01 -9.718868218861189234e+01 -4.556803718435484996e+01 -7.362325498820736414e+01 -3.222557163779072198e+01 4.586561042286686529e+01 -8.422342073650428063e+01 -7.461616113110289916e+01 7.149393783060392593e+01 6.168350380015775158e+01 2.722918365462247436e+01 -2.323190284787770565e+01 -6.662060439319105853e+01 -2.775489719355897478e+01 3.251637404757957484e+01 -7.205784372767824664e+01
-8.445040649765248020e+01 2.111735267264889160e+01 7.927556864838331308e+01 -4.247131910093775531e+01 7.651232510506440576e+01 -8.895506293209402315e+01 -6.242268892072355868e+01 3.287423887488435525e+01 -5.666757361448105712e+00 -2.956677922458781893e+01 9.654383414938013175e+01 -3.959784705635489388e+01 -2.672046572990609548e+01 2.016654779805016062e+01 1.303271449903888879e+01 -7.735635816108477059e+01 9.191557185329642721e+00 -5.165977067181472648e+00 -3.774861561768669560e+01 3.591785892732548291e+01 7.487370140021926090e+01 3.496677661339347765e+01 1.603296253377628489e+01 7.305521011319936520e+01 5.599788112211660973e+01 -9.292153499075294576e+01 -9.066761867164645139e+01 3.403044818906607816e+00 -1.405520179888806354e+01 8.849344522579974637e+01 4.135937239903014984e+01 5.648767938699145930e+01 5.842862717556414509e+01 5.537690581291519720e+01 -2.379429365642671712e+01 1.791746306464787608e+00 8.868576728518775099e+01 5.489873667304067340e+01 -8.553709974454932308e+01 -2.905386496794064044e+01 -3.693614044023252063e+01 -2.444341485990975116e-01 -3.621128889718045940e+01 -8.912564690054642824e+01 -3.283171407779079232e+01 -2.591567080029686565e+01 3.941083291373479369e+01 -9.726862365497817109e+01 7.726315600913576986e+01 -4.361569171359334263e+01 1.417165590922857632e+01 5.411441696108289534e+01 5.021652002501062384e+01 -8.793411130409964471e+00 -8.786912028596923108e+01 4.585154236824803320e+01 7.841887295170423045e+01 5.619003263976566132e+01 -9.378624978323941264e+01 -4.820620192700610573e+01 2.658913580822772360e+01 6.329753680774425106e+01 9.949105603935535669e+01 -9.502611145442941165e+01 -5.676403745659669653e+00 9.048018094212980600e+01 -2.339611379070424846e+01 6.098418839754427268e+01 -5.558856930008489172e+01 2.423410861777406922e+01 6.283144789241254102e+01 -8.607190977843266921e+01 -2.204459023236719872e+01 -2.634279779363421881e+01 -7.707014711944275120e+01 -4.003935691293851562e+01 9.528069206094329502e+00 3.199663736113322443e+01 4.597444450172687880e+01 3.825880067551992170e+01 -9.384222486405222696e+01 8.925759876214641508e+00 7.681259908879894738e+01 2.149747292826094736e+01 -7.275536171889751813e+01 -1.950259020201805527e+01 -9.455731618593357268e+01 9.912056722526619978e+01 5.002811858799773859e+01 2.602257302503467429e+01 -2.783815369606328716e+01 -3.523604187048681524e+01 4.529322876560485156e+01 6.210493820373068274e+01 -2.695169084268388815e+01 -6.227588021604730528e+01 5.181376727241737967e+01 6.285034073953698908e+01 -2.459390298098971073e+01 -4.017212839663961432e+01
-4.236919787716146857e-01 -6.221115355760531429e+00 -9.537646193902318714e+00 8.048692029813133786e+01 1.906511158078285462e+01 -9.189336304643146036e+01 -6.195951108810054109e+01 -2.979165706757342491e+01 -2.787572736482385949e+01 1.646055548888085696e+00 1.853040964248282307e+01 8.137389384500858114e+01 -9.686842416902088360e+01 -5.750683296194092264e+01 -2.408029196433376740e+01 8.195076815490668309e+01 -9.968641303216607241e+01 -6.499005037013509423e+01 9.936612452173335441e+01 2.513562229126431191e+01 2.789102621427102235e+01 -4.551866848483518879e+01 4.330060696356633798e+01 -2.925379889251260579e+00 1.201500150925977550e+01 -5.300895638572391277e+01 -8.606418236061324478e+01 -6.343341240241555568e+01 -2.642477685777910779e+01 2.535423842081769408e+01 4.822980969411617025e+01 -8.416148533525580433e+01 5.663557913103127817e+01 1.922947208705731725e+01 4.780137253503872330e+01 -5.440349094237397765e+01 1.067795332631294514e+01 -2.924139299800683034e+01 -8.603846762473170884e+01 -4.286070833578175154e+01 -5.424139917022592527e+01 -2.876504441483677965e+01 -7.541851217094846049e+01 -7.436140002271201865e+01 9.250556093722551054e+01 7.968814885527586966e+01 8.743853736368976115e+01 -2.054604174949747630e+01 -1.066828245010582066e+01 -4.891045908108124962e+01 -9.944419313199270505e+01 -6.263387790941474975e+01 8.175621822566824903e+01 -7.382692547828237650e+01 7.370990844978314271e+01 8.734455718660470325e+01 8.894205645386881542e+01 -8.952035553371058541e+01 -7.028356739297919376e+01 4.848596657171071911e+01 -9.299452831266292208e+01 5.358555205817097544e+01 -1.506243704362945834e+01 -6.247043338663282697e+01 -6.208161616746961187e+01 2.861829726339465196e+01 1.608003677463646852e+01 -1.809064427249442986e+01 4.127987648424496570e+01 -5.916831403130111511e+01 9.753187228913259332e+01 7.986198359780232181e+00 -8.861637416000350242e+01 1.669204991423607964e+01 5.671597122567229121e+01 -6.113294093228793713e+01 -8.451118016868738891e+01 8.590248016141890730e+01 -1.571134287570599497e+01 3.871017414717115912e+00 -1.284757588913933546e+01 4.239257441290021688e+01 6.582081762581753992e+01 -1.575538069487959092e+01 1.476828415368771630e-01 -4.536831353686181956e+00 -8.121904728775675153e+00 -8.945915580464500749e+01 5.551330300761335934e+01 -5.125299171352970262e+01 1.501829446812735114e+00 -7.410500407086004770e+01 -7.838094165801490476e+01 7.974414453914852174e+01 1.650306865986847527e+01 -2.618976077608907360e+01 4.370153254801550702e+01 3.313507073712045781e+01 9.759336586167762562e+00 7.129273874248539755e+01
6.982805071645776707e+01 -6.548576446191648870e+01 -8.264136905438519420e+00 -8.424877072399070244e+01 -2.398628537621156909e+01 -1.373614167323968616e+01 9.078701860056750661e+01 -8.412498956688641272e+01 8.942342795956236046e+01 4.854872657812455827e+01 9.935478346912412917e+01 4.595917708405872304e+01 5.558007065637181654e+01 -3.999717218682652486e+01 -3.801925754609212049e+01 -2.980607735692666438e+01 -1.600827468221058325e+01 7.707547878385946660e+01 4.601357443031275807e+01 -4.844669802401300274e+01 1.436119807269497528e+01 -8.492365316650314355e+01 -6.277279732439058080e+01 -9.768776040084115664e+01 7.442775815914447435e+01 4.977135763587213546e+01 5.683184771251058010e+01 2.770801094893438687e+01 9.065723523428829367e+01 4.281283548989105725e+01 5.207732754100319994e+01 -9.906687238032681364e+01 -4.531816603914544572e+01 5.747705365548554823e+01 7.976957834903498679e+01 -9.185088810930997738e+01 -8.571741662038184018e+01 5.612794978521080225e+01 3.156799016873929986e+01 5.885200392343989506e+00 -4.584935483937086786e+01 -9.069513687785617151e+01 4.899214004102813647e+01 -9.407474981517951562e+01 8.035718585614961285e+01 4.925791409548787669e+01 6.754241474205068130e+01 8.511492021773139527e+01 -6.676572343599318060e+01 2.771917613221890520e+01 -4.376631848827254601e+01 -2.785452974859816777e+01 -3.050690109972622110e+01 4.915537142615298194e+01 8.515383222047148593e+01 -9.744444172277070493e+00 -6.235674748743635831e+01 -9.720463236939001206e+01 -2.331850706872482704e+01 8.821372016179549291e+01 -5.933942049441291999e+01 6.801441753167796378e+01 -4.977181493969335691e+01 9.074053686781192596e+01 5.394407850419645456e+01 -4.725179379118231537e+01 6.889247809394527167e+01 -3.147704425068347689e+01 4.310267237887768488e+01 5.947187804241153231e+01 -1.887863607116995013e+01 -1.677096492860187027e+00 -5.461576168193937519e+01 -5.401300822652026312e+01 -4.977988897518130784e+01 -9.312202439261672282e+01 2.543359924926504334e+01 -9.725220124870247673e+00 -5.257277877456132131e+01 -6.196029203565627341e+01 3.741375781733117378e+01 6.414165075936242033e+01 5.632181022001788051e+01 -3.462761235246173896e+01 -5.155849851391838001e+01 6.628397563826158034e+01 -8.092029927697126368e-01 -1.707284273740008018e+01 -8.002743837327307119e+01 -2.377436263937640604e+01 2.625379285297593412e+01 -7.108533194847485959e+01 2.733099924408850256e+01 4.610435613579261371e+01 -7.867828090491101989e+01 -7.695221809296862148e+01 3.244958176767144664e+01 -6.720901478057726308e+00 -5.252546699924318574e+01 -1.730355142880257802e+01
4.925728916294721671e+01 5.566006484256664066e+01 -7.740475012962244250e+01 8.079901555051355899e+01 -2.745669538877442051e+01 2.440897591409969891e+01 -5.764354530424245127e+01 -9.262442937073210203e+01 -6.818805986828829191e+01 -4.608780576608828738e+01 -3.165501607862195499e+01 -8.720103004469828534e+01 -7.781246671221539657e+01 9.916278268438105670e+00 7.631381132309101645e+00 3.653409228221207172e+01 -9.685117542063585461e+01 9.247249551269689505e+01 5.356395174750343813e+01 6.851340227603398603e+01 6.478443845810986090e+01 8.275624181070097052e+01 6.147105600578439066e+01 7.195317299426767477e+01 -5.768584084237231480e+01 5.795109148333318672e+01 -7.142835621041734839e+01 -9.879157675416854545e+01 5.475236101009863887e+01 -5.103582083285418491e+01 2.350353664363350958e+01 -6.502679715596994470e+01 9.109335498287492783e+01 -7.393503195432234065e+01 7.142697713830978046e+01 8.195910945459104369e+01 3.688940070915350589e+01 6.980211032483452982e+01 9.530817009429304676e+01 2.628192144688969734e+01 -9.954245904298902303e+01 4.435165755663206255e-01 4.342692816215668472e+01 -8.938107191316575495e+01 -8.740481084132872525e+01 -8.253508467574246765e+01 -4.111875791744754594e+01 -5.889284321397724398e+00 -4.374759822605387427e+01 -5.232236127844005580e+01 -3.956695122672806519e+01 7.743744202973704205e+01 -4.484850013190031603e+01 -7.034535195914293126e+01 -9.713470562625789739e+01 5.951148474557214740e+01 8.625821308424826839e+01 9.449603639401502164e+01 4.997063317309095964e+01 -3.552999388907302603e+01 8.661328757765008390e+01 -7.728222984478945534e+01 9.208443529526758198e+01 -6.490448605619745592e+01 2.472845931183303492e+01 4.016255979161235246e+01 -1.590072056782216237e+01 -6.659522222296843097e+00 6.129831647374297177e+01 -8.555327054236639128e+01 5.425382123510004817e+01 2.424080534622778771e+01 -6.323274976026562655e+01 -1.252042308638642965e+01 4.638385605201932549e+01 -5.048375311098938312e+01 -6.845348999075156371e+01 7.248920670457977167e+00 3.760728075584566454e+01 -2.357957997246207071e+01 -2.492512036963651667e+01 2.270837389996897571e+01 6.836045352809506426e+00 9.514812673675180577e+00 4.514269294307763403e+01 -3.545210948046783983e+01 6.824373981934951416e+01 3.046282853779933930e+01 1.191864724693279243e+01 5.614498653503329706e+01 -9.328673687285412086e+01 2.815830180280147488e+01 7.608993763180373548e+01 4.467309460432639412e+01 -3.648302100726008490e+01 -1.570554661639107508e-01 4.035142621606141233e+01 7.226990898823126486e+01 -7.222047311345124854e+01 -8.550132782980710999e+00
9.647339784654306527e+01 9.153747806003437404e+01 8.915207044980689943e+01 -8.096772775860409865e+01 -2.735204041924863816e+01 -3.581118651940271036e+01 -9.024869655056993167e+01 -3.048797606216302825e+01 9.303279492255529703e+01 5.951276705577507187e+01 -6.964304320072925236e+01 6.082075300303330323e+00 5.477731537598128853e+01 3.133938163616201678e+01 5.665618351326631341e+01 6.831866643840274378e+01 4.295226033335731586e+01 -4.470507454239331935e+01 9.485493498671962698e+01 -2.018050955604917363e+01 7.558789837958136104e+01 8.289023304136779302e+01 -9.831330090177121406e+01 -5.081962429638569034e+01 -7.630690596188631503e+01 6.738635803356407905e+01 -2.291172039391318549e+01 4.758172817081594985e+01 -4.077181124188662409e+01 1.756110944269642005e+01 1.356850815594521009e+01 8.859920008161870442e+01 -6.975464198336575805e+01 5.478145872056578014e+01 -3.098480539908582898e+01 -6.809426062589687945e+01 -9.303362805880739472e+01 -4.318073183751450017e+01 -2.299210428142740170e+01 3.767499077905230820e+01 -9.528914015344362554e+01 -3.843964289399699652e+01 8.837218579742091151e+01 6.008392923000363339e+01 -1.489481995309085960e+01 7.295216948729375872e+01 9.253204084271726515e+01 6.998397175126640946e+01 1.255037133736382771e+01 2.494510168710925768e+01 4.515438793062355671e+01 -2.659129729754357641e+01 -1.767596921259651310e+01 1.183744014767948727e+01 -4.774280393140233514e+01 7.743371171221923532e+01 -2.512399923915037903e+01 1.379733035356416337e+01 -9.247014030923594419e+01 -9.983645124751365074e+01 7.423023406513519262e+01 -6.707079490688096257e+01 8.505434993087277462e+01 -7.404135765811270176e+01 -5.047001585495143416e+01 4.793503245359133302e+01 4.135998878380596011e+01 6.225134786353703475e+01 2.654794028189201072e+00 7.554998702151777934e+01 -3.021971165675823556e+01 -8.050580457623304653e+01 -6.874297032272664865e-01 -3.592025935138522641e+00 -1.502796183233390082e+01 -7.647305859848785303e-01 4.227761476159693643e+01 6.258008043349732930e+01 -9.806497290420132629e+01 8.969317588721307288e+01 -5.471867969518564223e+01 -9.264152267258234019e+01 1.325379864741572078e+01 1.633521262095968041e+00 4.752187873658843387e+01 -9.277302326589871484e+01 -2.137467155694115206e+01 8.333348269119110796e+01 -5.772619873033291071e+01 -4.602541736191400901e+01 -9.907084270853164298e+01 -2.206146553478194505e+01 -4.309360015928780285e+01 -4.112085990070144703e+01 7.131275523374100089e+01 9.497759124445030920e+01 3.071650575877984579e+01 -5.901052805622963859e+01 1.956768231590434937e+01 -1.482880551173737160e+01
-6.775484736644159511e+00 9.752428786083484624e+01 -8.380257899895124751e+01 -4.109129522010128710e+01 -5.651968918154361887e+01 -9.675861703010365034e+01 8.735923050702697878e+01 2.979553103087431509e+01 4.524229548829211467e+01 3.163246495210356102e+01 2.519855207981539991e+01 8.457113634624059273e+01 -4.783659023049339964e+01 7.512817527275680618e+01 4.815822939024690186e+01 2.316562199135839251e+01 4.378001457147865949e+01 1.289198947480943502e+01 1.591402551991809844e+01 9.692056296111445590e+01 -4.884485443883337297e+01 1.912822861555625309e+01 -4.695799342250978725e+00 -3.147599900023023167e+01 4.181074484400940605e+01 4.297333332539059825e+01 4.896256996485661261e+00 -2.593051852102557575e+01 -8.515434337203177506e+01 -3.781864661231184499e+01 -7.348790045048971820e+01 -1.714582150328089938e+01 6.815263237713597277e+01 -4.857520544252555794e+01 1.043548665337030457e+01 -7.333959982884088902e+01 8.318371128756021449e+01 -2.469642668537694874e+01 -1.366335546411814050e+01 -3.566537939565060356e+01 -5.340765124712660850e+00 -8.477143026114721636e+01 -4.355345741450305042e+01 -8.594544577291094356e+01 6.560089175797924099e+01 -6.459390271485608537e+01 -5.278766201457305840e+01 -4.957080694879421401e+01 6.041658456613618000e+00 3.726217871857491559e+01 7.726634544250950398e+01 9.269772220477264568e+00 9.114205830096332761e+01 2.144362332753246392e+01 -3.152648800128645235e+00 -8.663646412016328213e+01 4.528882332608827710e+01 2.326000437567618917e+01 2.963954258184588753e+01 2.420966684169995631e+01 6.619448709634795591e+00 -4.050135681340896099e+01 4.295992835154390832e+01 4.394288486655941028e+01 -5.842057322911522732e+01 6.756302036902755503e+01 3.753599775524696724e+01 -3.912844448386534424e+01 -2.361936631138441101e+01 -7.529990880156482547e+01 2.901092430955617374e+01 3.543529970265907991e+01 9.555787390303106577e+01 -3.983350889102101888e+01 -7.349904428461286443e+01 2.540473357077060257e+01 2.738020583600113866e+01 -3.536339266627264522e+01 -4.747475845724702026e+01 9.393773192219509838e+01 3.149188329518622709e+01 9.755093406152352031e+01 8.159073471342139783e-01 8.950613449223521911e+01 3.743618385164083406e+01 -5.089911752355915553e+01 3.423164368362483856e+01 -5.243897451310486701e+01 -5.421120371237697810e+01 -4.920381835817195793e+00 7.913495467420881369e+01 -3.461130460716181290e+01 2.088238124369654258e+01 2.173998121575945675e+01 -3.912419469995347754e+01 -7.746580150026861133e+01 -2.076261627437703794e+01 7.295848194010761745e+01 -6.725159893228541819e+01 -4.137272149387393938e+01
9.415945845619725674e+01 -3.834418808918185562e+01 -9.189788728135710016e+00 -7.591651639187247724e+01 -2.798061329608307801e+01 5.413421455830658147e+01 -8.396249752488813556e+01 -9.520345620336763659e+01 -7.727607800760722512e+01 2.954653596179244346e+01 -3.448669463439557603e+00 4.933265034834704466e+00 6.909225822710581610e+01 2.852971425335795175e-01 7.766002610997895772e+01 7.524525227424942386e+01 -5.604185379331227779e+01 -4.523151243116836184e+01 8.372035846182103569e+01 -6.049137388065881282e+01 -9.159146719345827137e+01 -8.154738091248452747e+01 5.063389502418289112e+01 1.932092811002752342e+01 -7.545419909004243664e+01 8.526055472312563666e+01 -9.879691746151924292e+01 -2.426029795953917301e+01 8.763611311420194738e+01 3.129912931685515787e+01 1.441818664232104652e+01 -9.488418494085991028e+00 9.063240595712781555e+01 9.116583062036806950e+01 2.726359157204558414e+01 -5.026309424363124378e+01 -5.163878768565193411e+01 3.953726284736833918e+01 9.653715998149087341e+01 -5.229804242627387367e+01 -2.546238651098646244e+01 3.402984236994410594e+01 -4.500968127615890069e+01 7.006575413396765839e+01 8.215495494367382889e+01 -1.499302174503489482e+01 8.773198754597578386e+01 -1.261329662614608083e+01 -2.911339531626653354e+01 -2.509873638322834211e+01 5.374764181299346433e+01 2.013749011617680651e+01 4.372443172420531710e+01 -6.503301188351045425e+01 6.619470237511652044e+01 -2.223905449198042561e+00 1.113593286345692945e+01 -4.342471289856163708e+00 -8.090209226989546210e+01 -3.346277011572986737e+01 9.670217977317554414e+01 2.378338743899266206e+01 -6.177861925720981873e+01 4.385358193002099370e+01 -9.661203352333009775e+01 -3.613358477057266782e+01 -8.481382024422710231e+01 5.984620481709902151e+01 -8.944352033456522122e+01 -2.929918513776341626e+01 3.742311542058013174e+01 2.419080923948126838e+01 7.005281356408289639e+01 -5.194403493783881487e+01 6.398650364438768179e+01 5.762402043993543543e+01 -4.959460825884065827e+01 -1.277048655571356051e+01 -2.236526171954466236e+00 -8.902701119011398134e+01 -2.114609001981477832e+00 4.074557707128326456e+01 -8.696288492351072819e+00 3.722723103935067002e+01 2.105272006248222283e+01 3.541662636643059159e+01 -6.875866892248171780e+01 1.632658982591446772e+01 8.180123146743198959e+01 -5.812286687550458453e+01 4.398524282323214152e+01 5.738869325785918818e+01 -1.919862794330499867e+01 9.892849351123925317e+01 -5.737065754819865759e+01 6.871686066171847074e+01 -3.794268485495339860e+01 4.850853294498759283e+01 -8.172855242086158967e+01 -6.237951203935245559e+01
-2.066491452456655509e+01 -7.991000454789265461e+01 -6.149671101666038453e+01 3.794623711278205747e+00 3.981970916136700112e+01 1.350208621193269209e+01 7.959429160941115811e+01 9.137676848717887879e+01 -5.954542619580136886e+01 -8.034007282625250923e+01 9.340634159058311070e+01 -4.638357670254815446e+01 6.293136005552287315e+01 -2.282782976339649395e+01 -8.217425998016960875e+01 7.292044597116847626e+01 -8.461208338950882535e+01 -3.586538199780444813e+01 -1.353311079869419586e+01 5.209555817628103114e+01 -6.780859183017102509e+01 -1.684056221083403670e+01 1.379704840618583717e+01 -8.394600144282861720e+00 7.597826413945054469e+01 2.610346353132695185e+01 6.002473603752392250e+00 7.634454919967311071e+00 -8.119832904514201743e+01 2.421012777378828673e+01 7.171929688419587023e+01 -5.186686999854461533e+01 2.825260149703015600e+01 -3.611715433657809626e+01 4.155324164651958085e+00 -8.626014573071867630e+01 -8.320849179756351077e-02 3.733314443758689549e+01 -6.728661452162677392e+01 -9.752725382551849975e+01 8.734464132058297992e+01 1.237101031844230192e+01 -4.714321121661406977e+01 6.950186895480064209e+01 -8.505693001655743046e+01 -4.772355382283437564e+01 8.689259745567824211e+01 -2.721174872506966835e+01 8.024357567722060480e+01 8.948784557746762403e+01 -3.435044169515649060e+00 8.296376609477198372e+01 3.496802502204295138e+01 -2.307188559923332605e+00 4.856424897229422299e+01 9.800705302438188937e+01 4.094451229822681171e+01 5.686715305206595872e+01 7.202252716973603697e+01 7.712236363104716474e+01 3.125934545076691506e+01 2.271482973564818053e+01 7.399639304980294696e+01 7.723980278592173931e+01 6.360187044366554687e+01 -2.316698288581892484e+01 -7.698239495897919937e+01 -5.278176255143635842e+01 -6.515119826055016006e+01 7.756248463566703322e+01 -7.065429786428953207e+01 -6.289708765444257210e+01 -7.563444546850637096e+01 8.904169964619995881e+00 -6.288530209238547286e+01 8.669893314720599165e+01 -4.272479907929778165e+00 9.339365639656242024e+01 4.690506713106447023e+01 2.306304908166019629e+01 -9.112566962558805983e+01 9.951351641286626659e+01 -1.129738444229427330e+01 -6.770177834619595103e+01 -7.207854737005123980e+01 4.288887336252042815e+01 -9.385893989475484034e+01 2.924718559123490991e+00 -2.961071816538463963e+00 4.666430480611552412e+00 6.404630980666644291e+01 -4.366957456688496109e+01 -6.033321751411789080e+01 2.354152286384005777e+01 1.975473021558001108e+01 9.092113644043837439e+01 -2.747638313904812435e+01 -3.328693028488922323e+01 -8.565070565750227161e+01 4.345973362860448219e+01
-8.247700783985187911e+01 -1.195940536565186108e+01 -8.375337470679500029e+01 3.837106041534923406e-01 -9.804050226939943968e+01 -3.711407176132232877e+01 -3.052373875517267265e+01 -9.484032302980966733e+01 9.473626930139749902e+01 -7.161369865436817861e+01 -1.365772030050808894e+01 -2.692014568301435418e+01 -3.381995949752504771e+01 -5.365308492473719326e+01 8.997645610621600554e+01 9.626843480900186023e+01 -6.045274854914095641e+01 -2.498022594474838343e+01 -9.196677478058414579e+01 -1.705670926421565525e+01 3.895773959414731280e+01 4.590544739953315911e+01 -9.170116912516499497e+01 3.407582074015323315e+01 1.313374261606459470e+01 6.701160919350320455e+01 4.041383274153480443e+01 -4.879824322221541877e+01 -8.069508290919351623e+01 -8.802369987443006494e+01 6.642194558015472694e+01 -8.173990980021628161e+00 5.649160897870231679e+01 1.756433710803297288e+01 9.924836515196224696e+01 1.208359713960540205e+01 -3.882818865030830580e+01 9.261619662528909203e+01 -5.435052310663947850e+01 -3.477933209019252558e+01 3.109407675618487588e+01 -5.978041482802125728e+01 -5.427541464323220310e+01 -7.508361195553274570e+01 2.435970404394063848e+01 -7.261612477911083374e+01 -3.074027880259100698e+01 -7.142852189322752565e+01 -4.350555593552356726e+01 4.381740871070914523e+01 -6.794982093096324149e+01 -2.795985711769858995e+01 -1.892869565376651053e+01 8.898816684037993241e+01 -1.785393643720622947e+01 -6.912696675968781790e+01 -4.859790286084493260e+01 3.638833421310135918e+01 -3.570360685654122790e+00 -5.662283380956645118e+01 1.264143700249718449e+00 3.449553728379785866e+01 3.138330527639340062e+01 -2.324801379011705649e+01 -2.158920862008164931e+01 -4.842356330464809844e+00 6.908020889449323931e+01 8.669307305340618086e+01 4.725736725133657501e+00 2.136466526329985527e+01 -7.715037925641328798e+01 -5.917664536433682088e+01 -8.149612603630774288e+01 7.313441989910171515e+01 -7.531063774587110515e+01 -8.770966943846738673e+01 9.854056465348662641e+01 -7.053560107629863296e+01 -2.135047372328540405e+01 -8.116296072323464728e+01 -1.974011737737286865e+01 3.267835475976391990e+01 7.980295354785346262e+01 6.149490454307058940e+01 3.338718664009877557e+01 -8.191459601967625304e+01 -5.795276328320267112e+01 -4.217712027868212488e+01 2.795939988411608113e+01 -6.210913764770200629e+01 -5.753495211156396749e+01 -2.569394901599082459e+01 -1.049469610489235549e+01 6.516230558545080953e+01 -3.410003233757717567e+01 7.905013202084541035e+01 8.075648747120820303e+01 -6.068801916717150391e+01 6.613001234562423747e+01 3.209140172854455386e+01
3.172013009820392426e+01 3.836361053793518749e+01 -5.317252597958448490e+01 -8.734463761507853974e+01 5.573135214263399462e+01 9.952462922170204251e+01 -4.275373044254371280e+01 8.534077308401353434e+01 3.501249583562784551e+01 -8.183439844931501739e+01 8.987502065171551635e+01 6.967905698674101700e+01 3.864483743364129964e+01 6.601696287038703304e+01 4.728049570015178915e+01 -6.875554427232904686e+01 6.703476940267313466e+01 -2.050903104324439141e+01 6.359370014084370837e+01 9.427133890199777966e+01 5.381785122059051218e+01 1.690339697190736956e+01 -3.697534574749408165e+01 -9.928558801307936221e+01 6.546840715872070859e+01 9.083347837009881687e+01 8.129443877161051546e+00 4.458258352607867891e+01 9.210570398004733761e+01 3.693524800679512055e+01 -2.162179336566707377e+01 -8.000743389572693332e+01 -8.926667892027577977e+01 1.387083287343999416e+01 2.011769433883925728e+01 -8.012260873058041000e+01 -5.065333510785406190e+01 8.698053670345936439e+01 6.513040141149986084e+01 -4.420695754275038780e+01 -9.769251304643471201e+01 3.428474662655284533e+01 3.308751460021323965e+01 -6.347439913452181770e+01 3.563985628901488667e+01 -5.182173304473239028e+01 -1.583265050885319170e+01 -7.101362132889930479e+01 9.300175225680723656e+01 6.609446785062203844e+01 6.082088299576179224e+01 2.236282620230795715e+01 6.904412874121419463e+01 -4.221496713805783685e+01 2.233880350211192933e+01 -5.298347013908837511e+01 -9.128732067598866706e+01 7.769080263028612876e+01 -2.938918123824127804e+01 6.577598013996976078e+01 9.366876741629317848e+01 -1.931225910067394125e+01 9.400088964493920685e+01 6.435314075454212457e+01 6.385965915587618724e+01 7.750224163397575694e+01 -5.982526779132577843e+01 4.778316840159328649e+01 4.462066294516776566e+01 7.488530433070695835e+01 -2.278768065509279950e+01 -7.411603662174803731e+01 -2.316064856669200367e+01 3.376555840294176392e+01 6.700922847562361540e+01 -5.666188792957418485e+01 8.759679285489022504e+01 1.557432459005157455e+01 -4.239241647456526607e+01 -3.143158411368641225e+01 2.718679426566299639e+01 5.410168144572844540e+01 7.609732512495958190e+01 9.483550164873713584e+01 3.686444489792748413e+01 -5.873753754865369814e+01 -6.566677391835995081e+01 -2.366265575832350976e+01 -6.435383682260422233e+01 2.043238997896028764e+01 -6.289145533389757503e+01 7.598909499464664918e+01 -8.999166784270067865e+01 5.167896855434332792e+01 -2.206743359112735448e+01 -9.094299902185866813e+00 -5.988054980318362652e+01 1.296112351746390345e+01 -8.145984045363286441e+01 -1.852240326790510494e+01
2.681558500314795879e+01 -1.032055416280022087e+01 7.324854378706461944e+01 4.043278110614423326e+00 5.501217687515114108e+01 5.693894996256543095e+01 -2.935226944163602525e+01 -2.422354719858954297e+01 -8.178253285205263978e+01 3.338841379648752650e+01 -7.242900691528461721e+00 1.049590609390646989e+01 4.724850587462591989e+01 8.226787598905622190e+01 1.857511934724978175e+01 -2.415326124909833538e+01 9.480932018781609827e+01 -6.523277681282422691e+01 -1.415441005580252920e+01 8.643848241852063552e+01 3.121749404084968660e+01 -5.424513220447610706e+01 3.824948758553620110e+01 8.320692352142066284e+01 9.818324616020700546e+01 -7.313494835753802192e+01 7.668288807856797007e+00 -2.747119481405704278e+01 -1.590909905011540104e+01 9.566983879128943613e+01 -3.176516169626502517e+01 3.371306517037282902e+01 5.328751292701244324e+01 -6.523670662885037075e+01 -7.665905208283778904e+01 8.970712851795818210e+01 9.085907095412656531e+01 -7.721034925550051753e+01 7.099857948800590179e+01 -7.226323735083855127e+01 -4.802793936162657218e+01 3.539497802839005658e+01 5.456061099918784407e+01 5.386709736698193751e+00 4.754249620942331944e+00 2.505799083639979585e+01 1.150171210024927859e+01 -4.437961835206763084e+01 -3.713407538807691566e+01 1.006819196200882516e+01 -1.568680326556577143e+01 -8.680318596007268184e+00 4.133532584488969519e+01 -8.282577149541118899e+01 -8.224623369737651046e+01 2.753460897931914531e+01 7.297425821623022557e+00 9.451838902059381553e+01 2.035849286427684035e+01 -5.115975322480694842e+01 7.131372758508749143e+01 9.538375136939040999e+01 -8.370991556661320487e+01 -2.818093763754141889e+01 3.706732994067496634e+01 -1.615879913902624310e+01 9.416873859410475234e+01 8.476616084913160876e+01 3.777978960236509920e+01 -5.023905070899934344e+01 -3.627815349072909612e+01 4.807454269339376651e+01 -4.319782671833263521e+01 -6.980658471532466081e+01 8.574637167443867725e+01 5.658116335109721717e+01 9.327456578212795080e+01 1.522642162885918538e+01 7.665065781866971406e+01 -9.258596563788799472e+01 -7.018107271146045889e+01 -2.956760506477671413e+01 -7.400936075806737335e+01 -3.404736115004986630e+01 8.420382413246935016e+01 5.451231808530747003e+01 1.107786484296116214e+01 8.763829497227803245e+01 -9.540919697490951989e+01 8.889717807276548456e+01 -8.823789535223632186e+01 -6.241270044586579502e+01 -6.827971477115401910e+01 6.896229946723292414e+01 4.130327421722640224e+00 -8.500962800589353208e+01 4.863886266426592897e+01 3.882312031456092427e+01 1.274572770873037086e+01 7.122134481533763051e+01
-3.250107354147490923e+01 1.500215895212718920e+00 2.851042713163383269e+01 -4.978535163497017635e+01 6.463812039812751209e+00 1.369021048039624588e+01 -3.761811410996494232e+01 -1.091006732957542624e+01 -3.297070949828851383e+01 -9.766523964847971229e+01 -8.167146153780124962e+01 -5.656841584648031329e+01 1.147477714141682270e+01 -2.236984504750600422e+01 4.336850138914829245e+01 -5.225353591074528481e+01 6.207847573878254366e+01 -7.646396753737241170e+01 -4.139020839821587572e+01 -1.866106401816608695e+00 5.400281853097590101e+01 2.694265759946674166e+01 -5.162740452093628107e+01 -9.230768738728285427e+01 8.986645806361835298e+01 9.724229492458368895e+01 7.351526355390458889e+01 -3.665617002307859451e+01 9.296551407982528303e+01 -2.504619327519620242e+00 -2.856220166330354004e+01 -4.027452083117126591e+01 8.675785236873863937e+00 -1.168610053533092241e+01 -4.611789733254116896e+01 -4.882697213042035145e+01 3.420678379471027597e+01 6.824928724177206618e+01 2.362314805454572308e+01 -9.230423320218450556e+01 -7.891842840189261210e+01 -5.164233968088814208e+01 5.500772422958158359e+01 -3.240447108485646766e+01 -7.690445855895174532e+01 6.027959221935236656e+01 8.340742993993561072e+01 6.471694432989389156e+01 3.361145161180073160e+01 -8.008297685773626995e+01 -8.131022151934047315e+01 3.211447978258416924e+01 2.155759718048564366e+01 4.851249298597932125e+01 2.172679645562030259e+01 -1.388538433593826937e+01 5.842851327586390653e+01 -6.480557736553114978e+01 9.728112954640351973e+01 -4.100986147044110197e+01 7.239877245907183578e+01 4.299496891943667265e+01 -7.568365357187968812e+01 1.622305052355513055e+01 5.167335288123135228e+01 9.376032892676599317e+01 -1.837296621878191161e+01 5.760141833529857536e+00 7.202703049037793903e+01 -1.095482753582426483e+01 -1.203047711202130188e+01 2.988609735534529932e+01 5.169802003223310294e+01 2.906930078583732779e+01 -3.253589241680607813e+01 6.528795198503459574e+01 -2.188701987930980408e+01 1.994856846552602292e+01 5.254804761721794648e+01 8.888460441468706108e+01 -2.578392507322033111e+01 6.304292511802341892e+01 -8.063388887853768949e+01 -2.043794527633568237e+01 -9.404188024322351680e+00 -8.464723384563221487e+01 7.696198787010916931e+01 -5.716723347450820825e+01 -5.654116043616694753e+01 -4.878467013724389290e+00 1.528592696466554912e+01 5.680260618620243918e+01 -2.269934428890718436e+01 9.503042377537738616e+01 -9.426443673450705774e+00 8.322984841648346332e+01 -1.031152808771558682e+01 7.000629290183240983e+00 8.705713939602887308e+01 -5.692492631576264728e+01
-1.960397275347045820e+01 9.841786535304046879e+01 2.049434677648200420e+01 -7.875493353122277540e+01 -8.992149635713504097e+01 -7.282388242110243937e+01 5.652220828986060042e+00 -5.358985752092577570e+01 4.638932907770211500e+01 -4.818192670078802564e+01 -4.026752030090101897e+01 3.918732947708488723e+01 -3.220361096769612175e+01 8.713788274297544945e+01 8.704979941514469033e+01 8.389143801081988272e+01 9.795121839582188272e+01 3.531713291685551326e+01 6.700149886454175885e+01 -9.928826003135624489e+01 -4.773927696971291823e+01 9.235075253178976595e+01 -4.296539439232643076e+01 9.638047801083939703e+01 -2.288061816215719091e+01 -2.457566298220532985e+01 -1.020060113666312418e+01 7.461764431939892006e+01 -2.125212718941614298e+01 8.255853974414864638e+01 9.744815658703805639e+01 2.959972994619053566e+01 -6.701427329933353860e+01 -5.406513161508598841e+00 8.074767751113438408e+01 2.230318167189557244e+01 -9.665819953848139789e+01 4.143901811712373728e+01 -1.131439833502787451e+01 3.912571842337138150e+01 3.794228603171885084e+01 -4.246951420155342305e+01 -6.692909515132829767e+01 9.704974769675476409e+01 -8.717385533032057765e+00 -7.974054037999557920e+01 6.479695969127882904e+01 2.907725938268089294e+01 1.480813688760960645e+01 -5.602604062184848033e+01 4.619058218893272283e+01 -3.454674318559311530e+01 -2.347124310801235936e+01 -1.331274250257405356e+01 -7.859567096444639844e+01 -1.437928625808117999e+01 -9.897031396567351180e+01 3.020300336692315568e+01 -2.677669737444425380e+01 -8.871638702835753065e+01 -6.753535045853647034e+01 9.872493036441576919e+01 7.294260426405477915e+01 8.444939937817773057e+01 -5.118227890366857480e+01 -7.392834246803985820e+01 3.737528386414200554e+01 9.789177896278030744e+01 -9.985955065084908711e+01 -9.400605237132772629e+01 -3.547254960383725120e+01 2.880174955879169829e+01 8.541596607999252910e+00 2.963775290851273780e+01 -2.809959991491417952e+01 2.475806138670971279e+01 6.892809240115101943e+01 -1.039262500556310442e+01 8.542834337480954332e+00 -7.401663208702817087e+01 -4.800804223680525951e+01 -1.724388626913919609e+01 -4.386341290065210075e+01 -1.324128144142801489e+01 -2.311024482551124493e+01 -8.957754384131111181e+01 -6.634181718995084509e+01 3.344066943250265922e+01 -4.489038305004320506e+01 -1.957322743376852259e+01 8.943648591806811510e+01 -1.690659197604756514e+01 -6.321465144249600598e-01 -1.961914979665910153e+01 -6.051777705529232776e+00 7.441716128228225102e+01 -6.793736466484301673e+01 3.744782129808308468e+01 -3.010775221036993798e+00 4.114371426466757953e+01
-3.557017235058832227e+01 6.399556429255139278e+01 -9.263506242872962559e+01 -1.864918306586696417e+01 -9.055970390288412375e+01 6.200832121048557610e+01 -2.624559691317125498e+01 5.568086784308965775e+01 1.836745019524866507e+01 2.691714034963914060e+01 -1.189118001940265401e+01 5.364250668217900397e+01 6.878999188466707437e+01 -9.054387957074183646e+00 7.438375817436150328e+01 5.486322597440715754e+01 -5.842052047298646755e+01 -7.253570469613224247e+01 2.995185952821387332e+01 -3.491394887815476977e+01 -2.360948377953873489e+01 9.348079303973875653e+00 -9.132373806956854878e+01 -7.725379571206531182e+01 -4.354877752444745909e+01 -2.215464330763856537e+01 -8.644355869231682732e+01 -8.094079231166537625e+01 -5.287660271808960744e+01 -2.050571006325245094e+01 2.153238316408005915e+01 5.994584510232064645e+01 -1.081262755895909322e+01 7.209831207201833081e+01 2.361631913195579102e+01 2.570281463482406537e+01 -6.428099997933827581e+01 5.156206052406108142e+01 -9.088119054863631163e+01 1.641426084242425532e+01 8.905192998935032733e+01 -7.958037325389537386e+01 2.572953560994808697e+01 -8.438896716061677239e+01 2.777195314570019491e+01 4.651170500436731459e+01 -7.958116445626424706e+01 3.541206716810791022e+01 -8.100092787804203454e+01 2.691409925011825521e+00 -7.785132730141832269e+01 -2.008460048593110514e+01 1.207819490263443640e+01 7.095266505064142848e+01 -9.889368210662956926e+01 -2.206139243170571262e+01 6.647884412357086603e+00 1.455208345430962424e+01 -3.180222503836876058e+01 -2.334978067942836333e+01 9.185223577345766444e+00 2.216647442253692191e+01 -4.888791703517752296e+01 -6.505790948090822212e+01 9.965060950157692332e+01 -9.997896276698065776e+01 -1.341807303603570745e+01 5.930215877299644944e-01 6.047308483119471134e+01 -2.275562796278632050e+01 5.363465505430951907e+01 1.091774818710263162e+00 3.137838986758836768e+00 -4.036996611180245509e+01 6.961455958101794295e+01 3.520491738569717199e+00 6.659761541349215008e+01 3.292950049312761962e+01 8.226972620758073163e+01 1.549683014336223152e+01 -4.384467610972746598e+01 -5.844703994783557732e+01 -7.506083787238839022e+01 -6.990360040193550617e+01 -4.425568988656729630e+01 8.695680163604637869e+01 -1.583836133046190753e+01 3.095798536317488470e+00 8.419107324032631823e+01 9.067257002292780044e+01 -1.558226202400597060e+01 -7.565547371670064081e+01 8.097027394169430181e+01 -8.575975012681618637e+01 5.730014134911306201e+01 -6.081653465023464378e+01 4.641043741657767896e+01 -3.300110239434501125e+01 4.012824715054790659e+01 -8.303404123772327239e+01
-8.270237806753837617e+01 -1.932975302172515342e+01 -6.966204106083696956e+01 -2.565872718117783791e+01 -4.123721311388741384e+01 -5.278974144953652115e+01 -9.941769947660561968e+01 -9.502472037972771091e+01 2.254814395252040526e+00 -3.608189912718964365e+01 -1.676640747336337256e+01 2.924726712947187934e+01 6.176955067013082612e+01 2.570437542113528195e+01 1.640176581143033729e+01 7.197305350227370013e+01 7.238803820739389039e+01 1.667168203072976951e+01 8.008875471000038715e+00 3.185848886654051171e+01 6.916245485043947383e+01 5.101079598952230754e+01 -3.955287988512927910e+01 9.480452172384156029e+01 4.818308836269881112e+01 -6.221783929248812228e+01 6.711741008293392952e+01 1.554958268664546495e+01 5.606345035442919311e+01 3.750581319125535629e+01 5.865202208772558379e+01 2.543484302650639961e+01 -7.812002627420730505e+01 8.307264506326777109e+01 -8.643098148693198368e+01 2.808283624671261691e+01 -8.898379789879548696e+01 -6.896468538958275474e+01 4.282346304680359594e+00 -3.235885008129841367e+01 5.090266269721524850e+01 -3.876408567146329887e+01 -4.076833922718603276e+01 -9.976282954622313071e+01 6.743605965972614058e+01 -6.794281555305900611e+00 -6.294238494037563214e+01 3.686924953970753904e+01 2.821395796098141773e+01 -8.841729439029569448e+01 2.196060851630016941e+01 2.071362128558433824e+01 5.615747576889563675e+01 4.545596791182632046e+01 8.658671689086588685e+00 9.382684766207435700e+01 6.274878956046586609e+01 -3.855282408781333459e+01 2.290528956452565978e+01 8.492972566646457722e+01 -3.633808047554825293e+01 -3.300082400364961188e+01 -2.554854230067975607e+01 7.335383120292527792e+01 8.304103441900366533e+01 -9.455955043085293710e+01 -2.655720475144833870e+01 9.147859350460635142e+01 -1.262101515779272631e+01 -2.065896460565876680e+01 5.259967054728085145e+01 3.078721806988298226e+00 -5.373186404017531004e+00 -9.958248065139522964e+01 -1.326075858053592071e+01 1.798198376798242748e+01 -3.593278220945903456e+01 4.391731862663618813e+00 6.363701564376387410e+01 1.796496868173866801e+01 -3.496364649511980360e+01 4.424684741075537886e+00 5.180933600184252441e+01 -3.193546324848348661e+01 1.844223273821152986e+01 -2.199362186471753944e+01 5.940733438929950694e+01 -9.438663064359124633e+01 2.944695182225729013e+01 -5.375922006081457027e+01 7.441723470938421769e+01 -8.434225494857771821e+01 -3.712587890846648264e+01 -9.122201741180595036e+01 6.003528017197237432e+01 -2.274517528214215645e+01 5.128861658936821755e+01 6.125590751442473447e+00 8.767277127910523404e+01 5.373772569345402417e+01
6.548251945757647263e+01 3.859128449327721455e+01 2.503663130745879073e+01 5.628640633972804608e+01 -8.927752325301952396e+01 -1.553538174707993846e+01 9.034772572685614023e+01 1.492472292612517037e+01 6.837204246954641462e+00 7.993149729300307627e+01 -2.528059866048621984e+00 -6.278905406658967792e+01 -6.442351079745616005e+01 4.545235456728053691e+01 -4.504074212257573606e+01 8.704887378449078028e+01 9.003386950674018863e+01 -2.149075577212506971e+01 4.935987218137140076e+01 7.182456156102833233e+01 -7.948746450288153653e+01 -3.767930168168223304e+01 -9.546117839034984343e+01 -9.901567628428509238e+01 -2.579830415015067047e+00 -6.274042679136107381e+01 1.359746355957931030e+01 -7.663392037042871152e+01 -3.597975425401180871e+01 -7.230571448718106353e+01 3.172275373608829341e+01 5.755356006193898111e+01 -7.351465278333044751e+01 7.591083401550648091e+01 -2.125959146799797850e+01 -8.489052223837168754e+01 -6.874912685768063625e+01 7.577116277556399382e+01 9.438204628807312702e+01 -1.665857600552158146e+01 4.837353041660210806e+01 -7.001581119104498896e+01 -5.708151466014186326e+01 9.631929405458780025e+01 -6.261996415165322816e+01 7.760493110755626844e+01 2.543649998739805085e+01 8.781857048780901209e+01 8.836745093253512096e+01 6.523997442010062286e+01 7.871058464175953873e+01 -2.029600102148727103e+01 2.811023817354680432e+00 -3.847806299171381283e+01 -9.097659079959737483e+01 5.287639281793619261e+01 9.618947619721600972e+01 5.723252728383036469e+01 2.823969769159012344e+01 8.863434219438477157e+01 1.109691123100702725e+00 -2.999156606120057234e+01 -2.312471865461888854e+01 -9.939807096328073044e+01 -5.728552896250707249e+01 -9.860507142679564652e+01 -4.680699491899831344e+01 3.148675371875597762e+00 5.994468037369037461e+01 -4.193734004963772577e+00 -8.736801735135313152e+01 9.041438288276040680e+01 5.407650380441620541e+01 -2.682835869226158820e+01 -4.608358338269915322e+01 4.329187417139962690e+01 2.226593346635456783e+01 -7.350287038266615980e+01 8.036833806184341711e+01 -7.778299982903729415e+01 7.780194405838443572e+01 8.717130102348701826e+01 8.620014915644128450e+01 4.367586071455176011e+01 -6.323645888472258036e+01 -5.495880586452044270e+01 -9.428124822661550297e+01 -1.904506653313697484e+01 3.635248924739019571e+01 4.961782034786665463e+01 -1.357288412250798615e+01 -5.442523784280637500e+01 8.098687571042489708e+01 7.684623493303280384e+01 4.483632059213778120e+01 7.096250276994044270e+01 -6.892428063229871782e+01 -3.367215579494057920e+01 5.377766083136376096e+01 -6.753030117068878724e+01
-6.062760995671850139e+01 5.768473471761262772e+01 5.992455298053670276e+01 -7.175400332397769887e+01 2.958020939467098742e+01 3.182789251818616094e+01 3.857701901299324732e+01 -5.290142798679444525e+01 -1.962665566882238011e+01 -3.820788487445938131e+00 -5.026048563246769874e+01 -6.339983637535120664e+01 -6.649508274493746285e+01 -7.808406415987363403e+01 -4.393358807309479630e+01 -4.353118195512308830e+01 6.838777582022922275e+01 6.544727025133255438e+01 -2.880914674457429214e+01 5.222966918309899143e+01 -7.289522352047769971e+01 -6.711873116514027515e+00 9.120998883213405861e+01 2.637838686903451446e+01 -1.531932132989655315e+01 -2.011774881030538609e+01 -7.005672831836801606e+01 6.710860329791000822e+01 -3.486056981557365475e+01 -4.177825599566729409e+01 -2.409831275661520067e+01 -7.220376588274319829e-01 5.981856717188810535e+01 4.242343225265321394e+01 -2.721452124598124556e+01 -8.814582108040937669e+00 -8.832685799399800430e+01 -4.789629011385301283e+01 -4.736550282216964547e+01 3.430459668402221496e-01 -9.671380137361553864e+01 -6.748959404411610308e+01 -2.428277145739482989e+01 5.589254948474794560e+01 -3.063534120683272022e+00 -6.605060194022959763e+01 5.608208026965428417e+00 8.413944224712005848e+01 -6.211819697308764887e+01 9.651988619043478934e+00 -5.877405972614826624e+01 3.317490628278940790e+01 -5.855716128842010448e+01 7.677245987947821959e+01 4.740395613577175027e+01 4.251122077404215815e+01 9.651315209873067147e+01 3.563714416689290942e+01 -5.447840984268908215e+01 -2.194650328948665674e+01 -5.955751064830099040e+01 8.807406809419461524e+01 -5.193353422071012915e+00 4.842750639549069547e+01 -1.466841840736499591e+01 -4.453578447449806532e+01 1.095235068832624847e+01 9.928889270366195774e+01 -4.350352947905835777e+01 6.359109547116702288e+01 -2.222030436936333331e+01 7.161030435251277027e+01 6.741671463562690292e+01 1.748737926421522104e+01 8.404438731090849046e+00 -8.397995636490645666e+01 4.696795164689899593e+01 -7.448177509535199192e+01 -6.446477357894411853e+01 9.065003021856264809e+01 7.533307168580645907e+01 5.148498586376450703e+01 7.665424246583771151e+01 -3.469936610551791034e+01 3.181131091409605460e+01 -6.447749164736507055e+01 6.893894894088342085e+01 -9.402318579774802743e+01 -1.105802130052691723e+01 -9.123732645818742526e+01 -6.679710800550444105e+01 1.892997407806461752e+00 7.514160393076741684e+01 4.673801622802059796e+00 1.769831846116210272e+01 -2.969694141702738932e+01 9.638714754052350031e+01 5.295042952807148140e+01 1.708979667708192096e+01 6.529977973050915807e+01
3.877786654126768440e+01 6.981646174160491114e+01 -2.036775557582815566e+01 3.605318531469566778e+01 5.486767179588130716e+01 -4.330813562971658115e+01 7.080995559573045739e+01 -2.521210794570249902e+01 7.488119769552042726e+01 7.129295340189395347e+01 -9.919441329236897786e+01 7.651864282115931815e+01 -3.296400804163637588e+01 2.482863105187169595e+01 -6.088603409429975954e+01 5.907315635618033411e+00 4.430082240917914760e+01 5.853811366137841787e+01 -1.880522066476019916e+01 -5.268268865959366565e+01 1.698543040779414071e+01 -7.283298395716863638e+01 6.893783434491774642e+01 5.354317283006173511e+01 2.492542435968165648e+01 -9.951039758426919946e+01 -7.685810513303958658e+01 7.837624236213719087e+01 -2.890650639847933689e+01 -1.867475684055519025e+01 7.785350165558509161e+01 3.697552656295161455e+01 7.275004654974023310e+01 -9.909367808349909978e+01 3.850910786483936477e+01 -5.347794699419586095e+01 7.983721590983836336e+01 6.130318749689587321e+01 2.314432618031361244e-01 -4.877835575369881838e+01 4.689897572621580935e+01 9.671670510928549902e+01 -4.950050582495468632e+01 -9.403630178408334928e+00 2.300555981448526666e+01 -5.539340295911478762e+01 -3.655423157727091166e+01 -4.713884105487564824e+01 -2.333702959549172817e+01 -9.744688409549323183e+01 2.475749113141958446e+01 5.133415994069676458e+01 6.813520608402026824e+01 -4.823134961764466055e+01 -7.426502501501062170e-01 5.862700145669319340e+01 2.992949732955963782e+01 1.496580466530592446e+01 -2.926931341682328025e+01 -9.660792612445629857e+01 -3.107258667117417872e+01 5.274629819839188372e+01 -8.094967574357603723e+01 5.493239263358549351e+01 2.495195375500823332e+01 6.561798709272989072e+01 -7.091446532570714112e+01 3.341962404734118763e+01 8.505210606811027674e+01 -3.147692998529805664e+01 9.138479626423398372e+01 1.307570804624744198e+01 -8.103744440107101354e+01 -5.010401454700181745e+01 4.662778301839617257e+01 -9.776339978555859034e+01 5.465669692723065509e+01 -9.284206462939323501e+00 9.679510855737757424e+01 -5.230016213680068660e+01 -2.595384001164238441e+01 5.520066728438635550e+01 -1.534770841415931386e+01 -8.180209552373281667e+01 -2.260924400545928847e+01 -9.901751650025261142e-01 -8.263873457865508954e+01 3.212600231892307079e+01 5.191249610652624824e+01 -4.638939682509600004e+01 -4.066552897590720761e+01 9.328380451899255377e+01 5.282723731466276718e+01 -5.403547858114310287e+01 7.462873321110183156e+01 -3.388178947741053548e+01 -4.516643687778945093e+01 -5.043076337580627921e+01 -3.934864852638864363e+01 3.521073527162442929e+01
-3.607393717563880386e+01 -2.700152734570364998e+01 6.812670310254461015e+01 -6.344871277344923044e+01 3.839655161128382588e+01 -7.759514803126205607e+01 -6.545491042013878769e+00 -3.896782581996953354e+01 9.307525970124507353e+01 -6.656162378455807982e+01 -6.344193230753254653e+01 -6.910607789241515775e+01 5.973796536786514366e+01 -4.304492133484632177e+01 4.885394376670001293e+01 -5.527653745428784759e+01 4.507882728250083915e+01 -6.310821072696293044e+01 -6.667853070012783689e+01 -6.404210839197801874e+01 -7.878589236409563057e+01 -9.461298801805486391e+01 -3.381836998497891500e+01 3.111302157037698635e+00 7.269371105975986325e+01 -2.702077326301758831e+01 -2.432062273636555005e+01 -5.768740923385431074e+01 -6.591713343004272474e+00 -2.105596009900932586e+01 -6.048573344277659203e+01 -8.241036856047803383e+01 2.145681438629505067e+01 -2.401865903533762037e+01 4.478545132908888604e+01 -9.365905815742459595e+01 7.663699675771042052e+01 1.238498425705429895e+01 7.318780658435423447e+01 7.078687818135304610e+01 9.233164534196939144e+01 -4.189725062139513057e+01 9.951179149448122985e+01 6.797857933914289674e+01 -6.908578380229985783e+01 7.971470827191745911e+01 -6.367693450821514034e+01 3.446209755268378672e+01 -2.714160253818742774e+01 2.343137856039258793e+01 -3.173384243268499461e+01 -1.929963207490578725e+01 2.253899280402316663e+01 -6.091550972370822592e+01 2.927856055710387295e+01 -5.668162312263995517e+01 -9.862476256323731150e-01 7.829318493577417826e+00 -5.238965346882336149e+01 2.705554665298366501e+01 -1.855064425256300353e+01 -4.960750243123441550e+01 -3.987875939214404752e+01 -3.006686835762286591e+01 -2.619248739839491691e+00 -4.287953536729247617e+01 -2.924099544451712518e+01 -9.979899637988003747e+01 9.115378383016420116e+01 7.448214377810262476e+01 9.061379913963943977e+01 -5.198899396519433935e+01 -5.556386364287861568e+01 -1.932901118339032109e-01 4.123273148975951585e+01 8.909083488160368347e+01 4.933690507394118185e+01 -3.452757992142313981e+01 6.942240424066170590e+00 -9.674456913006291359e+01 1.668450112512691419e+01 7.957284057161032820e+01 -7.766364975982523333e+01 -2.864748332865418945e+01 1.307229913550781930e+01 6.767228259814717717e+01 -7.955293593652103823e+01 -6.374424376661080771e+01 5.236361101712003574e+01 8.734232822933213924e+01 6.934719095438620684e+01 -4.153694969502181777e+01 -6.956979149351509761e+01 -5.668726590149609024e+01 3.393205910680509874e+01 4.115076436028886064e-01 -1.743596062692770943e+01 -7.711497897561471859e+00 -8.711206331956105942e+00 -1.041363905510499421e+01
-6.648372277343293035e+01 -8.884774835633670875e+01 1.983041392893167654e+01 -2.680591843088086534e+01 -1.382757756776187819e+01 -6.349449350053062346e+01 -5.320022960720825012e+01 4.805899081512959015e+01 1.379549424707622052e+01 9.057413999394452730e+01 -6.664931823034783065e+01 -1.505482234766239458e+01 -7.653314934211499576e+01 5.627458744819946901e+01 -4.533619935714308014e+01 -7.787347340899151504e+01 3.195941301971356552e+01 -6.774656849116347246e+01 7.272062048706652604e+01 4.750954664409420047e+01 -9.043264942794171191e+01 5.427840015352575165e+01 -4.032651096615715858e+01 1.325512620903623429e+01 -4.998944798625863939e+01 5.543869042144012838e+01 2.019568450985660490e+01 -4.164102222620278582e+01 2.430303266298410847e+01 -5.829983528084994049e+01 -1.992210712569284681e+01 1.334354251549308401e+01 -6.442457677623944790e+01 -8.086198152850636234e+01 2.266321101057087617e+00 6.875613842532573017e-01 -1.498801516683725765e+01 -9.114639989549367272e+01 -9.050323257008967914e+01 -4.384785026383406148e+01 -3.415670690448133939e+01 2.475810711752515658e+00 -6.664094458162568912e+01 -2.573501770772656982e+01 -5.311452317820328517e+01 -4.219441526423865696e+01 -1.615780576875236818e+01 6.905424912407218585e+01 5.073989881100007437e+01 -7.381069225678550083e+01 6.671525138438681779e+01 -5.344121771895298423e+01 -7.840168428877140627e+01 9.716704300719737830e+01 -4.262868673994872637e+01 -9.210759274817021947e+00 -8.839574202120199686e+01 -1.132253215522503353e+01 -7.051909889173251145e+01 -2.987511888382741176e+01 1.378757645063257087e+01 -7.077788781064342061e+01 -2.257495865946165736e+01 -7.523485000063664074e+01 -2.389638180724318772e+01 9.304368493488610170e+01 -6.085345740284893168e+01 -6.553809890656634707e+01 -1.220179767547450922e+01 9.555716830629683045e+01 5.305509054347922415e+01 -1.893040148357782471e+01 -5.945480784458568024e+01 4.351641464070056031e+01 -5.504009376500336259e+01 -4.508813537654832260e+01 -5.147273515465747096e+01 -6.635327067774241527e+01 2.676275874622726292e+01 -1.019291603253149958e+01 5.875596845518663258e+01 -9.906937189738513894e+01 -6.417401510221934302e+01 -9.617383585937334090e+01 -4.008420112202044550e+01 -9.807022888984037934e+01 1.005807831364353433e+01 -5.820460624365357916e+01 -7.420810690520852404e+01 9.565986879545093302e+01 2.041307348372542663e+01 -7.963004102137914231e+01 -9.860883017903061898e+01 6.904627939283196270e+01 -3.885176202346073637e+00 -6.811244727755033068e+01 4.292414791159075094e+01 -8.576026138005940425e+01 -9.639915789430078519e+01 -6.115622400579852069e+00
-8.598357724942542291e+01 -5.099242473967316158e+01 8.428506507053657515e+01 -5.435189713928195943e+00 -2.978820404985870596e+01 -8.332453198556171969e+01 -4.976593576699590926e+01 -7.623220476758288555e+01 -2.013521897108911674e+01 6.316280617288390431e+01 -7.560784706476412964e+01 3.961607735933324648e+01 3.084134537809018184e+01 4.056332167982048986e+01 2.470569134334571970e+01 -2.568497959478619919e+01 7.762138896715927672e+01 -1.515057210571686142e+01 9.256692048966613129e+01 5.315805556864958703e+01 -9.211843787310401410e+01 -3.522608752614104333e+00 -6.684006077490451503e+01 2.756186911364653724e+01 7.364547775176339428e+01 -9.440843809094208439e+01 -5.049837198064179944e+01 9.198350015035674687e+01 -4.737754915810008782e+01 2.674984286937758782e+01 3.883235049766659586e+01 3.573286277182771187e+01 1.242845897813715794e+01 -4.842578469122133811e+01 -3.114573756272156402e+01 2.070190291735127630e+01 -7.834253150637384522e+01 3.913299920488267958e+01 -3.851470625301907091e+01 -3.514676857618526640e+01 9.729546054541614808e+01 -3.452035463625398393e+01 6.027938395424260420e+01 -1.303216275527788071e+01 3.801806868299638609e+01 -2.890304317054818739e+01 1.053586804130281962e+01 -3.922676170969026543e+00 3.665636203286356931e+01 -3.255923796269691195e+01 8.865900734524547033e+01 6.775335477631858794e+01 5.689580935569523490e+00 9.396184694520727021e+01 -2.491092645202519407e+01 7.347879887260532428e+01 1.639362899065058343e+01 -7.452842721794981173e+01 7.984530203241254753e+01 1.060104792896308368e+01 2.848395341950217130e+01 5.737388931928711600e+01 -6.381403669353375818e+01 -1.205674240391032015e+01 -6.207094411981366733e+01 3.422732179628695803e-01 -8.475213014156275904e+01 -8.008784077022987447e+01 -9.226865378714568067e+01 2.448216608270359984e+01 8.634309914473359981e+01 -3.115571166271334391e+01 5.051105348841883824e+01 -3.318081676396845126e+01 -3.522193732828201007e+01 1.640597518492990048e+01 5.684880362372624063e+01 9.911734054671873650e+01 -3.280657745888234444e+00 3.336615464177978652e+01 -1.385632195582203963e+00 5.388576517551530287e+01 -2.263143369626037327e+01 -5.558259690594522340e+01 -5.717247442503980892e+01 1.417790373088834599e+01 -9.400477796753740733e+01 -5.790789379647809199e+01 -6.120231077850630896e+01 -3.259905884937586507e+01 -8.783791439189326411e+01 -3.130428707641510755e+01 -3.758567969407642551e+01 4.782580655355320687e+01 7.872864526009428232e+01 -8.204456302800120682e+01 -2.883067323303700391e+01 -8.502644713823687539e+01 -5.097676836751497120e+01 6.727758112551799741e+01
-6.280790057535412529e+00 -9.706731103508919034e+01 -4.281912932441986896e+01 -5.990214392854105085e+01 -6.507908214221787091e+01 -3.884037031326068501e+01 7.861813827355007334e+01 5.724549543054678225e+01 -7.852215408188251899e+01 9.179899626872040130e+01 4.587299845112963226e+01 9.122715550914554683e+01 3.310190117708785351e+01 6.966140996076953229e+01 -2.192329167917084476e+01 -1.220002008043081787e+01 6.609376826611409683e+01 -7.063574097567000365e+01 -7.745983481647456870e+00 6.581939239546477438e+01 9.247910047655753374e+01 -8.433190713219187273e+01 8.079117303122555427e+01 6.483458605848085199e+01 7.965934059043306092e+01 -6.120295876487469400e+01 -6.846521909239559989e+01 -8.951194264025323832e+01 1.184467159194156238e+00 1.280976325231144131e+01 1.654493595961741903e+01 -1.257858863934538363e+01 -8.824952582056964445e+01 -6.635003974392017767e+01 9.596750155739454158e+01 8.390782400764999238e+01 -3.026321412836179547e+01 -5.372983805080835396e+01 8.872263557378531118e+01 -8.988457451247397501e+01 1.082905350894141350e+01 3.522820311251513203e+01 1.044019544584664061e+01 7.177755180359929454e+01 1.223436094343878722e+01 -1.093604591333776455e+01 -1.375142814924544155e+01 -4.574895915817192105e+01 3.048452275559856162e+01 -5.629605143653446930e+01 2.306701604708906927e+01 7.817159368508143302e+01 9.047023175471380796e+01 2.062385544771314017e+01 7.183197635173792150e+01 5.497939256736268021e+01 -1.035582691391201138e+01 1.892071943036685866e+01 -9.907191309082928399e+01 -7.578967160330861930e+00 -3.471509018885994635e+01 7.704970833870689262e+01 8.164769991447536768e+01 5.986428300097819033e+01 8.527258220526775290e+01 -7.408277609089164173e+01 -5.995623308066642210e+01 3.591527725247019021e+00 -6.918085797716520347e+01 -6.480828383065878029e+01 -9.007050668367362789e+01 4.054888382548850245e+01 3.202630495755204265e+01 2.080753842428811140e+01 -1.960420696203328816e+01 3.032499316405628065e+01 -1.768155195788500578e+01 -4.892545552138331999e+01 8.495927464474002022e+01 -1.702640374734880879e+01 8.927948045109249620e+01 5.168284090542036324e+01 -8.414869467836572881e+01 6.681505313629494935e+01 -7.865514499417966476e+01 -8.070572863506669137e+01 -1.669673137318774536e+01 -4.768149886772001622e+01 -6.023923215672893150e+01 -9.342594644337680165e+01 -9.868580920758060415e+01 -7.154974245560721613e+01 4.977463264341380977e+01 -1.222915460964281920e+01 -2.546055292377631929e+01 -9.587554724352426661e+01 2.320957394228454973e+01 -3.753690968034160136e+01 -6.548662873703874254e+01 4.008600705944823517e+01
6.504223791751732620e+01 -1.159140736731052357e+01 8.728773633801188225e+01 -2.316066392281051378e+01 -6.874592345796696691e+01 -2.306319191789442868e+01 -5.577354743631286738e+01 -4.386402392378749937e+01 3.739812180357813531e+01 9.046595884033098400e+01 3.183879651404592437e+01 4.827711165751742328e+01 -6.299393430148925432e+01 -7.684639968521443620e+01 6.705680637391608911e+00 -1.909097930797942411e+01 -4.631245869655514014e+01 7.767652197614438592e+01 8.575465674100129831e+00 -9.395695189617840981e+01 9.244851371729455991e+01 -5.134093956881864074e+01 -4.658634481838499397e+01 7.511065641841094020e+01 7.849702788627283212e+01 6.648591894441352679e+00 -1.429597184043186076e+01 -1.211233001973809564e+00 -9.899892016242588966e+00 -9.318818354242748114e+01 -3.085964124770184469e+01 -5.592831840518588393e+01 -6.235511212937079506e+01 7.375532400513685616e+01 8.249236746410738874e+01 -7.124646025650832826e+00 9.885172640189077242e+01 -2.688297490183219907e+01 -3.500547987865346045e+00 -2.363367949428707959e+01 -9.093778777707026961e+01 -3.366315312979320140e+01 9.024055721916218431e+01 -8.599347160138077584e+01 -5.103986869491925660e+01 -5.285558726290708620e+01 -7.929197666405386258e+00 4.050540692150428868e+01 -7.585666839377090298e+01 6.963516390398797284e+01 5.541350152870506918e+01 -1.220936054936994708e+01 3.809369736480016400e+01 -6.503303315889263558e+01 9.549702486835212767e+01 -7.802100227777646069e+01 1.379083085845356038e+01 4.334370130321124748e+01 9.372037613958698898e+01 -6.665501062901988405e+01 -6.576057694746461380e+01 -5.625259087352760901e+01 3.057425564023785114e+01 -5.619271858641337047e+01 -5.228445211087320388e+01 9.551824596567061576e+01 1.719304270499850418e+01 8.427658554749288555e+01 4.056023616276095822e+01 -8.185925262838127026e+01 -5.357614179019748235e+00 3.352663123595056049e+01 -9.717292685764273585e+01 -1.617532545636647967e+01 -5.890508257443261186e+01 -5.954792768099361666e+01 8.570443916123403483e+01 -9.589465691158045502e+01 8.446929373528092810e+01 -8.121579356600771860e+01 7.561292788464004389e+01 -4.519009856989606533e+01 -4.997681425394289079e+01 -9.064671333755532601e+01 9.190499122092873563e+01 1.575294260957480219e+01 -4.902546595215393666e+01 -1.216302167961408998e+01 -8.472415545165137019e+01 -9.519555880506571555e+01 7.221754587137525050e+01 -5.708400620274611725e+01 -5.832598704761014119e+01 7.032447110652114475e+01 6.361068730255598780e+01 -5.811786844809525832e+01 3.249610268930814527e+01 2.779236724447781626e+01 -3.869348250997457228e+01 -3.263375641939315130e+01
-7.454461908012468996e+01 -8.743678082381536854e+01 4.644000385858976188e+01 -7.748989457984509954e+01 9.615990058162790888e+01 8.490770339944162970e+00 3.425843317792819676e+01 8.224086669661033966e+01 8.453143516271930480e+01 2.331893103243523058e+01 5.673153063193657886e+01 5.180575881888773893e+01 7.088409679876778569e+01 2.445407198160820883e+01 -6.643840930847923687e+01 -4.886187884089672195e+01 -3.981788726458574956e-01 -3.860057704910416021e+01 1.777842029804487822e+01 -6.073337952844033794e+01 3.358576407568406808e+01 -7.360372575161034092e+01 -3.315125105611878098e+01 -6.898381721860133098e+01 -1.479806300145796172e+00 9.782924354291751001e+00 8.611818368858124018e+01 9.885807172359150741e+01 -8.534066183374781644e+01 -5.032549500786029739e+01 -6.682174676173389116e-01 -4.744143221351180273e+01 2.298396194551366989e+01 7.474250144996503309e+00 5.747842030697341897e+01 6.238518321781108966e+01 -8.307531600408120198e+01 5.202127819792011110e+01 3.749140715970099791e+01 3.508325025740305136e+01 -2.187665103522591892e+01 3.212489653448719196e+01 3.742617756582797028e+01 3.146410559662038509e+01 9.509626665297943759e+01 -7.491000342907679510e+01 3.555489136971846165e+01 4.867473090611062503e+01 -3.230437370278767162e+01 1.120745964928670446e+01 9.940150747819728849e+00 -6.136837095531370778e+01 -4.541948019019186233e+01 -7.810963804332671145e+01 -6.553982968796876207e+01 8.719585699186652050e+01 2.766339034465840996e+01 -7.652820160456028020e+01 -8.860276866208116076e+01 9.773882495540885884e+01 7.459933015885795271e+01 8.867971292274296502e+01 4.372112463883269129e+00 -2.322326249649597685e+01 -2.356025886715968909e+01 5.771821657158380958e+01 8.558445988516200487e+01 -9.171582489251628090e+01 1.967287919302953014e+01 2.758758662048688848e+01 3.944003837679196067e+01 1.633253137384589593e+01 6.220381349108581048e+01 -5.054614681434288315e+01 -6.009938995730495037e+01 3.208241690578392991e+01 1.994219670224151741e+01 4.279171107769784044e+01 -4.907742425448547152e+01 6.267725322494618467e+01 -8.382302531846576699e+01 -1.713101065565396652e+01 -4.087539644953519513e+01 1.578745398373465036e+01 -7.524126182460399548e+01 7.653335262723888377e+01 -3.715390929435940848e+00 -1.405563118666202627e+01 -8.440724562128268360e+01 1.848443702088138707e+01 -1.061843102358818669e+01 -3.754167060454545179e+01 -6.557335723035195940e+01 -8.759695990674110533e+01 -7.481581126034606655e+01 2.257934832445087636e+01 -7.261453407786440550e+01 8.914834222705781031e+01 -1.769378928873443613e+01 2.838950375344936106e+00
-7.477429104542873972e+01 9.398444336905419050e+01 -9.432809493507095056e+01 -7.164729480737810263e+01 -7.511406965876550146e+01 7.955387613501912369e+00 4.347069465962354684e+01 -9.030087881922293036e+01 4.836151308380561886e+01 -9.024720447362466302e+01 4.720349370003700074e+01 5.121384389526480163e+01 -5.090168562948580444e+01 -2.404261441244564423e+01 7.686257003746362670e+01 -4.605446263662318529e+01 2.203970101850892149e+01 2.018445871046255036e+01 -8.306203069279025897e+01 6.131221981161186818e+01 1.293513958289737786e+01 3.185950317223634443e+01 -9.914551448953822899e+01 7.959840270372617965e+01 -7.953187777420139071e+01 -7.269309905091873247e+00 -4.436872727409995321e+01 8.363691078269167178e+01 8.484639573615470454e+01 -2.410861648841006399e+00 -6.413206329275612916e+01 -8.325980546971069884e+01 4.393643922804574231e+01 9.554100248576253307e+01 9.819352371929048218e+01 6.683008708204101822e+01 3.066450166859920046e+01 3.997649656185430445e+01 6.922090610072893924e+01 -4.302555744225102785e+01 -7.608458107055879793e+01 2.151534537217787602e+01 -9.339000903595999148e+01 -5.841261110263393874e+01 7.667760596040281484e+00 7.963595550205030804e+01 -4.335386478841110147e+01 -8.653980627549866256e+01 -6.233929401093018896e+01 -9.309034102416879364e+01 8.370257742501593157e+01 -7.271104769350678509e+01 -2.865759298617869888e+01 6.834345580901231187e+01 -9.289403866371681318e+01 7.275867844764360370e+01 4.561417979026214198e+01 7.916035964227518207e+01 5.376707318717075168e+01 -5.746775734339382069e+01 4.840692962728311954e+00 -4.146531910863586745e-01 -8.078543780024109822e+01 -6.941895298544373816e+01 6.101699356072182923e+01 -1.615155651088373645e+01 3.617794446907112160e-01 5.514072172251053416e+01 -2.887838545963651882e+01 -9.009434186143117529e+01 2.792629708942240541e+01 5.390936452549510705e-01 -7.488340533381175135e+01 4.166079632380453290e+01 9.290810288391182326e+01 2.365225252081071972e+01 8.299408695712216399e+01 -6.925966759570421516e+01 -1.722934293055283206e+01 -8.215600534820413259e+01 -2.583756085828692051e+01 -9.671104549444788745e+01 2.551361118758769919e+01 -5.635651756404212165e+01 -6.541339019331340410e+01 -5.882851383846632132e+01 -9.730900750978828739e+01 1.655595359654536480e+01 5.400043647177213302e+01 -6.865719213123324494e+01 -3.812522845007440253e+01 -1.615207280713605087e+00 6.675551507024619013e+01 -7.325150088501683854e+01 -5.883037910223259104e+01 5.356817149995100635e+01 7.427698138076038958e+01 4.841235951917923330e+01 -9.262395059240662931e+01 4.791922022657553271e+01
4.417215621287928684e+01 3.615762907891632949e+01 2.833714141529512176e+00 -4.489047969459574006e+01 8.921928419543220912e+00 -2.562761878604962362e+01 8.711902841724631230e+01 -4.044155949839975506e+00 -7.450490491041665564e+01 9.190518508169415668e+01 1.421480171462434328e+00 6.988614530033362371e+01 5.674418985788059899e+01 -5.093172420050151317e+01 1.387948851787994897e+01 -1.224591283453915480e+01 2.328872720378065253e+01 5.744497300600124845e+01 3.717410724636425812e+01 6.752087365306934430e+01 -5.671368912751801616e+01 -4.720636853146010026e+01 -1.459020421671812073e+01 9.275582165152096081e+01 -5.250576862099664766e+01 2.666041395881771336e+01 3.354154536766685624e+01 -8.280537076401978425e+01 3.134011004241833120e+01 1.580640163703708367e+01 1.995474710927298645e+01 -5.531624119315055310e+01 -9.903965451730292102e+01 4.515467472143433270e+01 3.070984269715350479e+01 -5.257941847239955280e+01 -5.299768740302155834e+00 3.717655237744043006e+01 7.322280985645491569e+01 -1.376606663617016579e+01 5.790394616281278672e+01 -1.517036515897176230e+01 -1.264398950612688566e+01 8.554129960490632811e+01 6.703885644313899661e+01 5.227686929856852771e+01 4.878341527822405510e+01 8.611654521430597242e+01 -1.408958972749130112e+01 3.402695359339628567e+01 -1.532139430344049913e+01 9.537562091035738376e+00 9.528750175911014253e+00 1.943614613561572924e+01 3.245026415509110507e+01 -1.106787677270561687e+01 -2.385702074901743686e+00 -6.049660896574633284e+01 1.514075967820760127e+01 9.433157986820134511e+01 1.700790431110456780e+01 -5.180293394148478114e+00 1.110994853517006220e+01 -8.745263038526964294e+01 -3.731007107528980526e+01 4.903627930270670277e+01 1.937975327480209842e+01 -3.640019330023127964e+01 3.540226393741045285e+01 -3.086557303544181252e+01 -4.769531569926799364e+01 8.032123965136787547e+01 5.651064834409584137e+01 -5.668233433983098735e+01 -6.322311749026198413e+00 -3.939122373993173198e+01 7.403947884249720346e+01 2.813167767538925546e+01 6.761250645746682153e+01 -3.063678343692939166e+01 3.888868558951944010e+01 -6.746847950749175027e+01 -3.934185765147034886e+00 -5.353868208599597267e+01 4.626979771876713698e+01 2.772663600334990974e+01 5.355457918413975449e+01 5.464117340170972170e+01 9.857224664390739122e+01 -6.533619153351703801e+01 -2.005181266103733151e+01 -3.848065460917388947e+01 4.112703839852636634e+01 8.314378913336264532e+01 -1.698939795667335773e+01 -7.166078617194342826e+01 -8.229457054343328082e+00 9.310673264493362922e+01 -6.378395784194468376e+01 -7.967035618143920317e+01
-2.369423429640468726e+01 -1.882828030178491474e+01 -9.295957884067567534e+01 7.997174585769073474e+01 -9.946748485313477772e+00 3.603896339129940429e+01 1.172484709752971810e+01 -3.892490250967737353e+01 -7.646983949668337743e+01 -1.515166333508346952e+00 -8.772919162338179433e+01 -4.573528404597462327e+01 -7.342082465768724830e+01 -9.239842590667140598e+01 -1.541937139692639391e+01 -2.226079292248613228e+00 3.860848799968630374e+01 1.440896538950009642e+01 4.295078299201693994e+01 6.182487091844151905e+01 -6.934061009222875782e+01 -9.855198142964989927e+01 -2.739263419828503743e+00 1.086369860646058783e+00 6.062185807655561121e+01 6.222236536944694762e+01 4.523443512429926727e+01 5.758610697781301724e+01 -2.041726063277087633e+01 8.002198777606616886e+01 9.812832451029760250e+01 -6.461237609199571352e+00 -2.954574577418863157e+01 2.097555570746219189e+01 -1.377107271833209268e+01 7.399615717931192194e+01 -7.142370297631215692e+01 -7.306290884289805376e+01 -7.184058323522228307e+01 -9.155996042349885045e+01 -9.577570065212542261e+01 -3.520228478266720629e+01 -2.747430374757719562e+01 -6.330964684170468360e+01 -8.538771833856628746e+00 9.466614751621034429e+01 -8.471163446956305165e+01 -8.149811556423233583e+01 3.303442084296364101e+01 8.179458795002318539e+00 -8.609064735935035628e+00 5.539032250131930368e+01 -4.931601993079730306e+01 -6.151376555831686943e+01 6.689847541965460209e+01 6.809630286627120199e+01 -8.104730923855420599e+01 -2.356294110237773509e+01 5.893822042609289724e+01 6.703607320983883255e+01 2.581854701766927462e+01 -8.326786793398034092e+01 -5.237806553199823867e+01 7.139763771438325080e+01 -2.983370193682335980e+01 6.662829995411766504e+01 -9.736016518483458526e+01 -2.838159147116454051e+01 3.322820717530782986e+01 5.314865143733243258e+00 -4.301224322005785439e+01 2.493817287060690546e+01 -1.594263930671942830e+00 9.487314436081945246e+01 9.863307819726196612e+01 6.026020302327762579e+01 4.087075222839200705e+01 5.895889632445974371e+01 -2.304236507050680416e+01 -1.217623001433727836e+01 8.117193704296497003e+01 7.917712327109853732e+00 6.444443276235335816e+01 4.326622271694839128e+01 -1.202241132298532023e+01 9.105818832125947893e+01 -9.960259550548926200e+00 9.309781060118945106e+01 5.971706804618804654e+01 7.165231658779882196e+01 -7.611201861744646635e+00 -5.866259890561773460e+01 5.634093892698425066e+01 -9.822842152048998798e+01 8.193857590545945868e+01 7.406485750958913172e+01 3.149041662821736054e+01 -4.372254630018488797e+00 6.825945222422319603e+01 -4.608875477569925039e+01
-3.267674521175779034e+01 1.753326716744172131e+01 -3.532900731902115865e+01 -6.521601310290259335e+01 -2.964581307227966533e+01 -2.054409671660766890e+01 4.124390828908818207e+01 -8.362742926474922456e+00 -6.367155923022080799e+01 -5.149195597301059735e+01 2.108726238512178952e+01 -6.113091774091623165e+01 1.441750566414286538e+01 1.460568003211855626e+01 -2.568012228452820978e+01 -8.654630920399631577e+01 -6.646548825323668552e+01 -2.584962468872851105e+01 7.554894948414093392e+01 5.378572173218231001e+01 1.823394323021241803e+01 -8.163275910333248930e+01 -9.334182828116432518e+01 -7.052368436821654996e+01 9.558987228875224673e+01 -6.600406808701393402e+00 -8.756774454669420038e+01 6.040939231154982281e+01 2.917581239634751000e+01 -2.594900076624576002e+01 2.204864476928469230e+01 -9.640108674296516256e+01 8.312683279700635808e+01 1.645128936281847132e+01 -6.193065632728949055e+01 -1.152932095273970958e+01 -5.381256516888408470e+01 -5.020541782446110801e+01 -9.585176868378368908e+00 4.964141925623670204e+01 -1.567087256840451914e+00 2.879852866637091324e+01 3.302640004424540621e+01 6.553798489161437146e+01 -3.391749954142501622e+01 7.858608288566796318e+01 9.145161689020048357e+01 6.561592040061583475e+01 -7.245738802918846488e+01 -7.722921423368862293e+01 4.748540648945689213e+01 6.831289945526640395e+01 -6.534639016731824768e+01 -5.455583776432959553e+00 1.145381156076055618e+01 -6.880524942674691147e+01 -7.639075096034062540e+01 -5.599355511541985919e+01 8.164356487808242946e+01 3.124643471237703807e+01 6.154566190029697736e-01 -2.684526014306356956e+01 -8.754137170234173482e+00 9.696334329670858665e+01 9.875860669347542853e+01 -3.849633663408675943e+01 4.386100502876436735e+01 5.283446963285840070e+00 9.547437750566274417e-01 -9.789738767041444589e+01 -5.256738797471675895e+01 -8.757501221915586598e+01 3.823837418058619164e+01 5.875213193696339431e+01 -6.365395882644209280e+01 1.155220768151339428e+01 8.145877137104204735e+01 -4.130603118386248696e+01 -6.982401620113697049e+01 -7.507934842107763984e+01 9.855640680433785406e+01 6.412904452709250336e+01 9.241196619837498361e+01 -3.464909868447524843e+01 -4.704268940748737293e+01 5.939564713206038959e+01 3.877579740971509636e+01 -8.922721484484419818e+01 4.961547936487329480e+01 -2.839339905017371279e+01 4.005826820399354915e+01 4.083554611711412008e+01 1.005638873293975166e+00 8.478299388244846568e+01 2.181105886189449450e+01 1.491875834051971594e+01 -3.622453302347430082e+01 -4.743517520336646243e+01 -8.674318924299369371e+01 -4.984118191342061976e+01
7.955386724625481065e+01 -2.506119539538985919e+00 3.362894433558335550e+01 -4.949603338758896598e+01 5.867904237577545246e+01 8.280962472523896167e+01 -5.782056677760370178e+01 -1.245676825384035169e+01 -6.355452204580407738e+01 -4.962161457417136035e+01 -9.351976317853541332e+00 -8.713961240320458046e-01 1.385395521577790134e+01 -3.921307414242363620e+00 -5.944513663876986698e+01 6.732688151601200843e+01 8.703612182157706911e+01 9.943885120465276373e+01 9.752554704573822164e+01 1.128578128688313598e+01 -6.826070247109059608e+01 2.458596399144248323e+01 -3.637193003019374515e+01 7.866877559819567978e+01 -7.946426807218796284e+01 2.565348527361553010e+01 2.754379192930802844e+01 -3.923169494939993029e+01 3.007137104106925563e+01 7.418022296736850762e+00 -1.831310874431795810e+01 -5.677489941089137915e+01 -2.078345715379261094e+01 -5.856971068230510014e+01 -8.377974655895768308e+01 -3.877076734091303933e+00 5.337087901983977645e+01 -8.328036199755658231e+01 -4.606342667976830541e+01 7.861429928732036387e+01 9.525311156099704135e+01 -4.512264062914845653e+01 -8.627080692741733969e+01 -5.368588279534722574e+01 -2.826121069753216375e+01 1.870642763915226681e+01 3.248169924264601605e+00 -5.767891043386747896e+01 5.190545105590379649e+01 8.214721873175315636e+01 -4.049062239197305502e+01 -3.174205781163280449e+00 6.432348003923044644e+01 6.863559095981815972e+01 -4.378829951765818862e+01 -3.583398869468128112e+01 -8.752689019870166476e+01 5.436228983634296696e+01 2.380195139870710364e+01 -7.085927496633601663e+01 -9.436459889808361368e+00 -5.782525656402597036e+01 -8.756142102328033161e+01 7.189148313046254657e+01 7.574793310885320352e+01 -8.913495838344911704e+01 -1.688143959050620424e+01 -1.048621652340638377e+01 4.609299022265898316e+01 7.661334984348272314e+00 5.624966693866431910e+01 7.298341853591324480e+01 -5.637880903669568511e+00 -9.495743963160174417e+01 8.924576437204726176e+01 -1.570284196184829284e+00 -2.386406866791983816e+01 4.133760900550157658e+01 3.550743954725422213e+01 3.208368647737546553e+01 -3.378978355882765072e+01 -9.739921982357672903e+01 7.363819354884611812e+01 -9.829474759237359649e+01 -1.666565183123353222e+00 6.579062933525875678e+01 3.035813275415765133e+01 -7.317251706310156578e+01 -9.924909212079448650e+01 7.971426373249937569e+01 -5.505897677122419509e+00 7.444182072852251508e+01 3.641228256538656183e+01 8.596397269131182384e+01 -7.294568702235557112e+01 3.805131433600899982e+01 -2.200754582848807672e+01 1.269115795499493515e+01 -7.541787334506410900e+01 -5.425894733745830933e+01
4.132323897521635558e+01 -2.630601034609097155e+01 5.541899491619801665e-01 4.860431964869860622e+01 -7.222673156650074588e-01 4.141506095258523601e+01 -2.979460239995847814e+01 -6.147150199352910960e+01 -4.375922837453772019e+01 -5.191241921498463796e+01 -9.991340988885066565e+01 4.149066066589176671e+01 4.161517749264089616e+01 -7.200965702257477119e+00 6.689114102204715095e+01 1.541278007013831086e+01 8.307623198262584197e+01 -9.046043404122826814e+00 -3.166253653678472801e+01 -7.276796584371368226e+01 -5.719572199714505700e+00 -4.000878102884936993e+01 -2.141104906152632736e+01 8.200711206604816539e+01 2.221145905800383957e+01 7.000886142232010911e+01 1.955573062315920652e-01 -5.646215934266990644e+00 9.296357423843340939e+01 1.749918941925287186e+00 3.513743164960493459e+01 2.510995373733402403e+01 -6.347499212030980686e+01 -6.988341513252433401e+01 6.329767922988486362e+01 1.804563092951971726e+01 -9.027627516327036972e+01 -2.305375466561565645e+01 -3.258519018813885282e+01 8.870438614450830528e+01 5.487022578167335496e+01 5.668919570188762691e+01 9.862163643244045375e+01 8.906377901229637928e+01 -2.245645526204297937e+01 -2.384272290944993244e+01 2.931621569173981356e+01 2.096143631062889767e+01 3.860247803245130171e+01 3.812477380283723960e+00 -9.411319586686160221e+01 -9.860707961777757191e+01 8.053471615598851940e+01 -9.170803227301315985e+01 2.283595728182025653e+01 -2.652441037839186322e+01 -9.293344571751467242e+01 -6.987332010696999873e+01 -8.769366961029602692e+01 8.845114309851862799e+01 8.898868393946378319e+01 4.309049319663287747e+01 -3.975261178633813586e+01 -4.060918651078191033e+01 -9.991214627885184996e+01 5.491553347903251847e+01 -1.931567436032520391e+01 -4.550282485972843460e+00 -9.969392570348867366e+01 -8.560155359481314008e+00 -1.955070132418525475e+01 3.380326118689208670e+01 1.460820161685303731e+01 -1.178825963621747519e+01 -4.701161937594179108e+00 6.171645927207555360e+01 9.477523000195438385e+01 3.012214303291241890e+01 3.385424492362844262e+01 2.168288690599287349e+01 8.457173255686137736e+01 5.232409268231711508e+01 -4.934205288934691680e+00 7.582498402566761797e+01 8.431426442143305167e+01 1.626595987352087036e+01 5.179747235824706308e+00 -5.756159877350184217e+01 4.534208065873355054e+01 4.395159641866334255e+01 8.048736734917321201e+01 -1.627854322277846677e+01 8.991427207689577017e+01 -1.880620143293350566e+01 -2.466251792833745071e+01 9.372980653898551395e+01 -4.599167743261796204e+01 6.560284585086509423e+01 -1.546059141053628139e+01 5.349885623797351286e+01
-2.062855342353415722e+01 3.400711531168204260e+01 -8.915700951179552192e+01 -9.050777579124876127e+01 8.068851306201602824e+01 6.859898126655988904e+01 1.097041705401767331e+01 -1.463781937146018208e+01 -2.017853289546059159e+01 -3.508984073589090258e+01 -1.347615712816778455e+01 -9.674983009677082180e+01 8.054404791473709224e+01 6.453216485786597900e+01 2.986358493368899758e+01 -5.719372791624222430e+01 5.534868958727741983e+01 8.806330851507979673e+01 7.469259803653278595e+01 -7.426113629773331581e+01 -9.219129170045172827e+01 -7.951518918010751236e+01 -8.734747596178694096e+01 7.986283400533918098e+01 -5.999723020049949440e+01 -3.149302869862498255e+01 1.652940342447163857e+01 7.414030555989157278e+01 -7.220340172193905914e+01 -9.092340855464095739e+01 -5.917818804465131421e+01 3.283905255141536372e+01 -9.500871140922146196e+01 6.417161793181733742e+01 8.593191160330030698e+01 -3.096887994292609392e+01 -7.512403120520853861e+01 6.306372437842532008e+01 -3.437865869725985135e+01 5.781865664101695756e+01 -6.022479861711056515e+01 3.801773112694803558e+01 -7.069659471247673821e+01 -9.001221778965089015e+00 -5.845393447018174271e+01 4.565693469139407057e+01 -6.490167432770303435e+01 9.699437986680038648e+01 -5.543968221557362597e+01 -1.205390133201271397e+01 -2.543940013750487594e+01 2.826019502244147930e+01 -3.278012702558335434e+01 8.538831737517463694e+01 -9.981757937390590030e+01 3.910860728621258886e+01 -4.738197645459024443e+00 5.778596159429824297e+01 4.039704840234978178e+01 1.626074766514994963e+01 -9.223667716709138631e+01 3.366453835128905325e+01 4.959034976941609330e+00 -8.665386536057562239e+01 7.599680015218112317e+00 -2.301914724671696888e+01 -6.345767526513803602e+01 4.100703804197337377e+01 6.437760767716380883e+01 5.307944158417365088e+01 4.903919717355938701e+01 -5.961261637532160051e+01 -8.382991377044793069e+01 -3.225464458965493009e+01 -4.610960091561204877e+01 4.460592709556635782e+00 6.725675616105525023e+01 5.566248032979885352e+01 -6.845058866351247673e+01 7.402256731212972340e+01 -3.867503324229881656e+01 8.951758265987061236e+01 -6.733986594964434858e+01 -5.990106862779612129e+00 6.013531572251736179e+01 1.712016049307914045e+01 -4.914350909826992364e+01 7.960654074890601350e+01 -5.159519687671294719e+01 -3.331610229344489937e+01 7.454703429569840978e+01 4.106599594323617453e+01 -6.018848943763532588e+01 -8.426086534840693787e+01 -6.183156131041111792e+01 4.534329800612553640e+01 -8.563890342194126504e+01 4.358717913028891644e+01 4.447629750385723924e+01 5.904723081825471809e+01
-3.772998399536680125e+01 -6.703205416267590522e+01 7.483286743362384641e+00 4.736448389363715705e+01 1.112208009199171954e+01 -7.975312323368143552e+01 4.129296836431339557e+01 -6.906834384926540338e+00 2.446849516247966960e+01 -4.679623577371654619e+01 5.878269730941815396e+01 5.567065979763523842e+01 6.487286918848491268e+01 -1.572218526782023673e+01 9.044375716315781233e+01 8.627851194807863067e+01 7.703989552903649951e+01 -1.471599192010377521e+01 1.210969085444877180e+01 3.670808931343631798e+01 -3.403865406421596163e+01 -4.440434399714727931e+01 -7.777463769327883369e+01 1.855896697989756206e+01 3.950103017314791032e+01 8.058784358074538545e+01 -7.377107283906619273e+01 -7.085020909991223448e+01 -3.670790869034341597e+01 -1.703142044411526967e+01 -5.380249045837388877e+01 -9.601566945911825712e+01 -6.221062705215872057e+01 7.123523759748891848e+00 -4.592476513692547258e+01 -8.185779998065403618e+01 8.142576353605861073e+01 2.061686930936146211e+01 -2.281093275165082446e+01 -5.392821903761772973e+01 -2.303004883217438703e+01 -9.140523145800230509e+00 -4.957536208674213185e+00 4.946181903830444071e+01 -3.551401895083347426e+01 4.921390200489051381e+01 -3.857906934776309527e+01 -5.186335192246003345e+01 -9.083283134700471351e+01 2.302280252962576412e+01 3.397405862427370948e+01 8.259788418478024141e+01 2.512014845027488263e+01 -2.815093495127727863e+01 -4.202760553426146117e+01 -1.710428043183995328e+00 5.569752933911479431e+01 6.146870805954088723e+01 4.198133391697510319e+01 2.737030497591565847e+01 9.360881479590238996e+01 -9.138596380802368913e+00 -6.331142757871383964e+01 6.641417656883186282e+01 -6.798293215273125156e+01 4.165795946505357961e+01 -8.655898632240538859e+01 9.372839155093888053e+01 6.394775284573660201e+01 4.002991088146714560e+01 1.068302643791048467e+01 -8.711548000845567685e+00 -7.439795491673689298e+01 -5.171432753020235396e+01 -5.490159786618031745e+01 -9.141643350222337006e+01 -6.625126896248478658e+01 5.677515132225755679e+01 6.577460296195084766e+00 5.128494892071583422e+01 -8.742257553484198240e+01 -9.203009597202040482e+01 -3.020517458675993794e+01 7.870916181442021298e+01 8.214392019055128458e+01 -5.362958251179477998e+00 -2.307518209364818063e+01 -2.973180115664415268e+01 4.253824708897994356e+01 4.121908277602204862e+01 -8.380434804212566746e+01 8.688605167348885061e+01 3.388295019528626995e+01 -3.445916468142900158e+01 -3.287414138625712212e+01 -8.355528672927295020e+01 -4.680999393635485717e+01 -2.618035563412884414e+01 8.266589694587037229e+01 4.425893982412233640e+01
-5.752647392420892913e+01 2.514407674234679746e+01 -8.641305819045940950e+01 -1.929681897539529700e+01 1.620743072536529894e+01 7.654014457983117836e+01 1.664463912268846002e+01 -5.092048945224831868e-01 4.965916407654535192e+01 -7.042082184827444280e+01 -6.022537438361447926e+01 4.702390301287758234e+01 -2.116076614052605009e+01 -9.874329199706053828e+00 3.224462825750367756e+01 -9.508905991612435571e+01 -5.089412180066332780e+01 -6.738025908374574158e+01 -1.897836398580651007e+00 -7.144806070530873399e+01 -6.103882153683848344e+01 9.640636224490623363e+01 4.374571639852297267e+01 7.622351087494888588e+01 3.626882842647631833e+00 -7.941328220550040839e+01 1.679878178339070871e+01 -8.201892448839483052e+01 -3.523524355073388392e+01 3.145234467556048230e+01 -1.373610799304843511e+01 -8.212230701901080465e+01 -4.263047373167534460e+01 4.227978012770674354e+01 -4.418656706066263951e+01 -4.166974201047474935e+01 -1.791999546401734733e+01 -4.821480292685627234e+01 9.372868986473011432e+01 -3.638896812843663753e+01 -9.766018181778757423e+01 -1.274014277200635092e+00 8.977538686636646048e+01 -8.745545104187499419e+00 4.688964878641192513e+01 5.271842705261144602e+01 -8.243882264832045337e+01 -1.533384209316319868e+01 -2.520933305224801302e+01 8.452912046131515922e+01 5.405981623547449999e+01 8.749668493985396367e+00 8.068163728209805186e+01 7.217840439390897700e+01 6.893994153796012370e+01 3.990348935689053178e+01 3.751390138485567149e+01 3.682268745932333331e+01 -4.198219426664833520e+01 2.471774369682542272e+01 -5.337828422045323151e+01 7.482188077615180077e+01 -3.106036526483531190e+01 -5.012249703075551110e+01 8.084508304709709137e+01 -8.399854147475312516e+01 -1.271968336762452623e+01 -7.575976877853558733e+01 -3.714588114925361140e+01 4.666643193651495380e+01 2.624888075796224030e+01 -8.303403487198397670e+01 -4.320694541535814182e+01 4.528085059421258052e+00 3.017427488053715479e+01 1.097154701099549357e+01 -4.930971554420584368e+01 -6.959041062223658969e+01 -7.953469353447341916e+01 5.810532421234810840e+01 -1.198771498941330549e+01 4.680569846336641149e+01 -2.815106393052175804e+01 -5.681163564395049548e+00 8.939663128543713810e+01 8.259778655482895715e+01 -3.804760057418496899e+01 4.473369327194629363e+01 4.557211832952773989e+01 1.511684930647226111e+01 7.631948170670014520e+00 -4.886941346443251888e+01 1.974514406636544095e+00 1.403087033185961729e+01 9.591294828315830046e+01 -6.876564873470596240e+01 -3.589437850231315963e+01 -8.790635479415898601e+01 -6.675346444600793916e+01 3.058121648900541345e+01
-7.344214691104818371e+01 -2.058375406799939356e+01 3.134058802059516324e+01 8.955514657848286220e+01 8.777965849151240718e+01 -6.454287699288532565e+01 -3.220896178835076284e+00 8.364192387618743396e+01 -2.610668949301791031e+01 5.307474641347781130e+00 -7.693037864231587264e+01 -8.590685858962550014e+01 -9.937432767085006446e+01 3.011303849268401223e+01 -6.470471577784010719e+01 -8.650974423564451854e+01 3.273921698190679308e+01 -1.703845980841236951e+01 -7.906998006977707405e+01 6.913593591148011797e+01 4.749160555748218826e+01 5.931370650994327320e+01 5.318731216253854654e+01 7.293163531650031928e+01 -1.148197664915961980e+01 7.711145524464927803e+01 2.433778023658874190e+01 7.518728837295896028e+00 -4.100730347832024592e+01 -4.925358392714120725e+01 6.543456897709049258e+01 -5.988430708163821237e+01 6.606075529513910283e+01 8.147222466361782267e+01 2.918778387287636633e+01 7.727769535638395837e+01 4.351886822767326635e+00 7.992503214813368118e+00 9.546758194894110261e+01 6.265466743387065662e+01 -5.735466136964924289e+01 -4.395271481241882583e+01 4.166723301649506084e+01 2.422805767991501114e+01 -3.481300454944783951e+01 8.643411487871935606e+01 -5.716616197647923059e+00 -2.947207465182466990e+01 3.391077102093765916e+01 -7.893296893783225698e+01 7.117317868773528744e+01 6.028884850649203031e+01 9.133487565295811805e+01 9.982597450176405118e+01 8.651557793664437668e+01 8.725562434522498734e+01 -9.213629754690944651e+01 3.849633152187877272e+01 2.533322216986707076e+01 6.474848234809863357e+01 2.984338730218976821e+01 -1.777620864900157471e+01 9.976140871942428134e+01 -8.497100498610079455e+01 1.177305963528321797e+01 7.995514476360753520e+01 3.495540455136668356e+01 -3.041091339055026310e+01 -6.374957351746752465e+01 -2.282580272628831608e+01 -4.502711597156962853e+01 -2.916483410863904169e+00 -9.882461416639065988e+01 -7.558552056518550444e+01 9.608840410787294672e+01 9.109228125422012567e+01 5.483507902852008442e+01 9.164601425852976035e+01 7.453933065084910936e+01 5.671099646385331994e+01 -5.116496912199479397e+01 -7.268064720164886694e+01 1.229438726502685597e+01 -5.858234491320803983e+01 -5.259895956638516168e+00 2.234870230868537533e+01 -8.480092338952758269e+01 5.294312469472441762e+01 1.476408625422595833e+01 -5.171196452540512212e+01 -6.437686144203101435e+01 -5.402670948990447641e+00 -7.276873671216996797e+01 -5.876465225783677937e+01 -1.076654858133375114e+01 9.429718954895545835e+01 -9.632769600610610894e+01 6.081217692925989127e+01 -2.035593463263538183e+00 7.218620456965766152e+01
-7.434960815745345997e+01 3.323199820871678867e+01 9.677628769675635567e+01 -1.233533995286477136e+01 -9.525115529418970084e+01 6.050540153410898370e+01 9.141208744032809363e-01 -7.424290568053413608e+01 4.489780381671764076e+01 -5.437874074640120625e+00 -5.522897827146824312e+01 1.161995685819093183e+01 -4.836892402670547142e+01 7.086133276775348122e+01 4.640388998713532942e+01 -9.982224773397472006e+01 6.173503417532643311e+01 1.963351267793530042e+01 -3.829345243094692819e+01 1.892814714401893639e+01 9.297593256132580564e+01 -5.177110477803250888e+01 3.769802021151818394e+01 -1.820588713051940033e+01 -6.744145614512683551e+01 -4.898689688708706313e+01 -7.538080657291166631e+01 -9.343086034094825720e+01 -1.018110697527185948e+01 1.916053257094645801e+00 8.207983062103784277e+01 6.731210444577283170e+01 -7.346968957702677017e+01 -2.259204273477277525e+01 -4.826921986936800835e+01 -5.326576845167336671e+01 9.628211233354642218e+01 -7.730523292503588095e+01 -2.188653811522129899e-01 -9.137229261917974554e+01 3.280873860858204694e+01 -3.267506388220041913e+00 -8.716445462936053445e+01 -6.201601255108379718e+01 9.728974469499380007e+01 -3.038504181118601366e+01 -1.125646786675208944e+01 1.029891758472794550e+01 6.507171522865814950e+01 -2.232554679779772755e+01 1.888006015387699676e+01 7.524723602493145336e+01 -6.260315269219185552e+01 4.204586326858907341e+01 9.032740733012326473e+01 6.682020232368529378e+00 3.131242448935503830e+01 -6.475177406638366051e+00 -7.586867126316840881e+01 6.665754351417066914e+01 1.047834089902359267e+01 -6.143867387041557038e+01 -7.775296301312819480e+01 -9.549175173600849575e+01 -7.559524905222224334e+01 8.665845991280355065e+01 -5.308052577940400596e+01 4.551099300367565093e+01 -9.643662151651513170e+01 2.807249669663312375e+01 -3.723379007745901959e+01 6.887604502684865793e+01 -7.008440069075413703e+01 3.845373060824871914e+01 6.733515076721107562e+01 8.809780088059596892e+01 7.215328176082203981e+01 -7.295328883814164556e+01 1.447893559307445344e+01 -9.450706918655819777e+01 -2.654104768615231080e+01 6.427349697775684945e+01 7.010784671559412118e+01 9.050436846263559687e+01 -7.097824302567489951e+01 9.572309513848787788e+01 -8.332082500076090525e+01 -3.169522247443363483e+01 6.735274527704564207e+01 -5.232352855458479723e+01 -6.822667008796956623e+01 -1.131207063559863002e+01 7.484024747830585511e+01 9.435439958162604057e+00 -4.953641089526854557e+00 -2.339582844652893812e+01 -7.488477900361070283e+01 -8.038763615530714901e+01 -6.122445650621249058e+01 -4.282858727859373005e+01
-8.166195786704759030e+01 1.101416781305684367e+01 -1.604210976881910256e+01 2.940494853114699936e+01 -3.648590371608786143e+01 2.870995134234348711e+00 -2.607985358145188570e+01 6.364387791253395221e+01 7.160674136556644953e+01 -3.549393675556792971e+01 9.799238768485793116e+01 4.919091275922241380e+01 -1.471337572796210225e+01 -2.690138207762500144e+01 8.478885657959486366e+01 9.235751284447738385e+01 1.475158698209459374e+01 7.805490761586847270e+01 -3.948118954798520974e+01 -5.657927924983214751e+01 3.216478545928944754e+01 8.676072754265550202e+01 1.740460847084209206e+01 -6.658091403133228425e+01 -8.154264350735141420e+01 -4.584484949396001241e+01 -2.935784312863766843e+01 -4.461597993178823174e+01 9.511817634848739544e+01 -3.219764809954487816e+01 -6.904889085685677230e+01 1.305950912102879613e+01 8.642559681063536914e+01 2.045806220129844633e+01 8.179455272137550992e+01 -8.653549721685722318e+01 8.340217333463888849e+01 -5.590937583482828899e+01 -8.378182045053677030e+01 8.127730749378429209e+01 9.973538754498019898e+01 3.094186031947768356e+01 -4.484958263033718140e+01 -3.716668812458922844e+01 -7.836159038121999743e+01 1.189631009346301482e+01 4.059048063918470461e+01 2.250846602484479320e+01 3.156683049401306107e+01 7.544992069994032136e+01 7.524888279521505297e+01 -9.808989901903103714e+00 -8.740060527466894769e+00 7.638986439458864197e+01 -7.191837386620052541e+01 6.817608675331032941e+01 -8.791744071107167713e+01 1.891261750342061987e+01 -4.795598056818219845e+01 -7.342163804642291325e+01 -8.852232025712271479e+01 5.114136341298723210e+01 -6.707058863486571454e+01 -9.855646205183370512e+01 -9.764900017335969551e+01 -4.580705402126172743e+01 4.092248034025607240e+01 -1.498148015701063684e+01 -4.863128019892290865e+01 4.755354286360591232e+01 -1.521340590255316272e+01 9.926170308061159631e-01 -2.493497044240653793e+01 1.443811564861545094e+01 -5.870786281451110256e+01 -7.138382677827519274e+01 8.622853661079145127e+01 -7.512320041197668274e+00 -4.343152031953321313e+01 -2.399421267282923509e+01 -7.458225225065612563e+01 5.413213694808860055e+01 1.610904307633774124e+00 5.253691151346549759e+01 8.111052301468379255e+01 9.940063137002178451e+01 -7.767277505594611853e+01 5.998226475257609991e+01 -4.096475669856008039e+01 -2.870619380744494720e+01 -5.996593190658771277e+00 -5.698873057081228666e+01 6.622295021493906120e+01 -2.279451960671596566e+01 4.374670216119343991e+01 4.332084606156610107e+01 -6.493227169797349063e+01 1.229195717416256173e+01 8.135649385637293562e+00 8.593965401589133535e+01
3.908874969616235262e+01 9.116426941312695931e+01 5.249789790785519017e+01 -1.615240569494618228e+01 -3.238816156855317274e+01 2.668009711748476320e+01 -2.995019486451697333e+01 2.390812620314220283e+01 -1.590473625173227390e+01 -6.159242822953687835e+01 2.536578081997693346e+01 -9.674651823236644077e+01 6.587581426487562908e+01 1.216232866775821719e+01 -3.954253078704088864e+01 -4.806350531755365552e+01 -4.141326858580001158e+00 5.716475373400257354e+01 8.075501334229286954e+01 1.983138685139027757e+01 -9.665291766640302740e+01 -9.057087092660773919e+01 4.240923898283489279e+01 -5.557303545315291160e+01 9.444545852866303903e+01 8.777720861896000315e+01 7.938425431495576845e+01 7.990865351454519327e+01 -8.930846196810624349e+01 7.844471914258147649e+01 -5.135671934580727793e-01 -1.101933154783635871e+01 -6.138249705711946547e+01 -9.845368652813615995e+01 8.691992295824871917e+01 3.730771721540028807e+01 -4.730915028802862565e+01 -8.639399477849356401e+01 4.263113081281687755e+01 6.752993215899562074e+01 5.240924238491709275e+01 -5.665248705253862482e+01 -1.516201909475655896e+01 3.181104686922012093e+00 -3.672659374418019240e+01 5.864269699840306771e+01 2.493270123578110997e+01 6.688254159800521848e+00 3.561255396805464102e+01 -4.056444129907988128e+01 -7.321542670531889030e+01 1.883832893629322314e+01 -9.989625353559672760e+01 1.808571077583309261e+01 -6.312210296435034707e+01 9.199167532628544564e+01 -9.965798044003189204e+01 9.220244041667774582e+01 6.339722981219847497e+01 -1.992377034775610412e+01 -5.161133290680235319e+01 7.593605303797590977e+01 -2.647135421236382058e+01 -1.106587134143840956e+01 -8.847080903100732030e+00 -1.176208488980381617e+01 -2.105873531232218454e+01 -8.183808438954964970e+01 -3.942737238735693950e+01 -4.873979819131599811e+01 8.190958184787717755e-01 -8.117083566281009155e+01 -5.191977223653556450e+01 -8.856137527297403267e+01 -2.640964036076454136e+00 1.436414973297215170e+01 -6.126671821655662598e+01 4.428533347371541140e+01 5.668651750738163742e+00 2.306624535716576929e+01 5.329234658354496901e+01 -3.140901449061288986e+00 7.812288504368351028e+01 -8.377467688602033036e+01 1.429457136519015137e+01 3.075206775958702110e+01 5.009082882134029546e+01 6.028369326982789289e+01 -1.014450744089549517e+01 -7.455445572720492464e+00 -3.283536732782246759e+01 4.898612409035010273e+01 -9.343624695705227623e+01 -6.011799921894309762e+01 -4.479766388388679843e+01 -5.578532922780290448e+01 -4.297020391164070219e+01 7.949044052487843715e+01 6.017576028209427363e+01 6.346342584142377063e-01
4.156372074605366151e+01 -1.563305517534354294e+01 3.928839895788286185e+01 -5.502720307565973457e+01 3.327041575207161372e+01 -1.532271422233364433e+01 9.798758632224848952e+01 -2.830043084721738467e+01 -5.424451733195319036e+01 5.580981777859173576e+01 -6.149798734654767429e+01 6.636340220701154635e+01 -7.748826582136473462e+00 8.111488047816212088e+01 -5.487003851922631270e+01 3.407578533898265505e+01 -9.275675383338762003e+01 -6.073947762677456552e+01 1.147213070330028017e+01 3.409745686026442968e+01 8.916012134324807903e+01 -9.958744624737687445e+01 -4.289387096386798248e+01 -1.360806766176538929e+01 8.808237767479440095e+01 5.510718083059646233e+01 -1.281761913738372982e+01 9.341344527391657948e+01 -2.175633607095588218e+01 9.373027043031240169e+01 6.967424502153659205e+01 -8.820209291142077745e+01 4.585400786550184193e+01 7.381281618015563595e+00 7.034944553347713736e+01 -7.572372587031992452e-01 -5.140989755144143203e+01 7.997925562105905328e-01 -7.377168245820712400e+01 5.787078190898171215e+00 -3.213312589853802592e+01 -2.729392447007256806e+00 -8.162260903313436700e+01 -4.279863520870836879e+01 -7.727812812493857564e+01 -8.919471842047079235e+01 -9.555338444581160218e+01 -7.651360954643710954e+01 -1.575415593577889695e+01 -7.964251909817963337e+01 -9.463078772205875566e+00 -2.303548295685777703e+01 9.481724687995637169e+01 -8.783908813111088421e+01 -9.753488647311358761e+01 1.359848797115554930e+01 -1.808655302769916773e+01 -3.902880681174399058e+01 -4.488809192146646865e+00 5.660264377931923718e+00 -6.813897481558888103e+01 -2.956282374368338139e+01 -3.209081875326953082e+01 4.082495747678473208e+01 -7.291032949589539669e+01 3.548967583683696603e+01 4.404015106996962459e+01 -2.502332272225089582e+00 -4.927603657272949533e+01 -3.843319203808928108e+01 6.587069484949790876e+01 -3.638725653094094525e+01 5.326918661993147452e+01 5.205843641016053880e+01 -5.767801568835706405e+01 -4.221212181609737257e+01 -1.194544553901357631e+01 6.255222906015231388e+01 2.252224571742489445e+01 -6.335021078837937125e+01 -6.469695286138022539e+01 -4.121615747775617677e+01 -2.100460172940105963e+01 -8.467550845258764980e+01 9.080594307512603791e+01 -7.026722385920052716e+01 -2.089608024261164587e+01 -7.463365474343555661e+01 2.156067855117460397e+01 1.344277057169949785e+01 -5.439483886184473249e+01 9.221198868630943934e+01 -4.411654952726478029e+01 -1.435862818276103781e+01 2.937544890079993820e+01 -5.056457054701260034e+01 4.698718870084886134e+01 4.203917197111167070e+00 2.343586552748016061e+01 -4.695443046937008802e+01
2.216805445837222521e+01 8.656605256133894954e+01 1.691296662075494339e+01 -9.626720964197895114e+01 1.400317026899691086e+01 -8.281294837349086890e+01 -8.045808838534014740e+00 4.896603735160493898e+01 6.648170398245571278e+01 -2.260433689174412564e+01 -6.038295722170894209e+01 -7.629155201545228238e+01 -2.042072910572538547e+01 -1.827464377306755239e+01 9.791892503612598375e+01 9.206984569223561721e+01 7.703855474382999091e+01 8.982756480015581246e-01 7.418425503992202152e+01 -3.079276027189060017e+01 -8.291184555830750469e+01 -9.862542064583882961e+01 -6.238442258518497141e+01 -9.920181846329001019e+01 -9.688976423987823239e+01 8.265580936909827869e+01 -5.590441615964842725e+01 6.948623029329706924e+01 -4.125016757262653755e+01 -8.073139931141363945e+01 6.306309388841023633e+01 -4.873882056598309021e+01 -2.121095122172729930e+01 -6.702521379320779715e+01 -7.464228423931314182e+01 1.084888978070978283e+00 -4.876266024755535966e+01 -7.304129662763145348e+01 6.772059613044359594e+01 2.407808596506238530e+01 5.737149279980732786e+01 -9.309266830234319912e+01 5.004808682259357511e+01 8.512042634865395030e+00 -3.404156346701097391e+01 -3.637972298955212125e+01 -9.870034527296938620e+01 -9.248634910277529286e+01 8.524151668917170355e+01 -7.068960532239802319e+01 6.880468101459700847e+01 -5.329552581041701131e+01 -3.416013017522267603e+01 -9.517294353508538052e+01 2.186016769553269512e+01 4.218044214195253971e+01 -2.024462644790739319e+01 5.673744748581123076e+01 2.311847526687040499e+01 2.315447226720991125e+00 8.644710999528223283e+01 -1.102828492641970115e+01 4.362555784893115174e+01 5.467807064691592700e+01 -4.184627543909456193e+01 7.380959017345912798e+01 6.680124881282893057e+01 5.001321032049881410e+01 -1.316564056207603528e+01 9.194312134608964016e-01 -2.136120226278809753e+01 1.143363456136306411e+01 -2.432783298870897681e+01 2.994062171297565556e+01 -6.669633138538655714e+01 -1.627267088570813769e+01 5.719063422952081055e+01 9.409834085291242900e+01 -2.031499697378448843e+01 -2.316821858933110434e+00 -1.782303526919221781e+01 -7.313386481490167057e+01 -2.711486619053569314e+01 -5.021938209664200770e+01 8.357335730859088585e+01 -6.979676321745009204e+01 -7.929820750463480294e+01 -2.795886431386745130e+01 2.208220081680877911e+01 3.442280170330522537e+01 4.321602201799427689e+01 7.692948043264593139e+00 -8.670674652121172699e+01 -9.809143383485815093e+01 3.361027038727769423e+01 1.570812744885114398e+01 8.578682981752587011e+01 -8.303558644587731408e+01 -9.723295164239020494e+01 2.412341827218342871e+01
5.609401611697478529e+01 -3.754390830495128739e+01 1.572566697592220919e+01 -1.330815701564912956e+01 -5.808708379247278231e+01 -7.176771656699212087e+01 -5.071797518672729410e+01 6.661454949970621442e+01 -8.342853391803934926e+01 -1.452779494881440314e+01 -9.668123616608653492e+00 -5.066627472921238962e+01 9.078614971664708833e+01 -1.113351165768688134e+01 -9.370452891401728834e+01 -4.063712986931078319e+01 5.870713317996367664e+01 -4.868185352983880421e+01 -6.118074238353856487e+01 -9.600750735522980506e+01 1.021384465176156198e+01 -1.532147070724982996e+01 1.877913773782529461e+01 5.143640836740138411e+01 7.911136860750022493e+01 -9.946770228660727753e+01 -2.092510710786832817e+01 9.810601365660073725e+01 -5.486845856966684210e+01 8.735093745120187236e+01 3.692005591881201099e+01 -9.309243903646529361e+01 -4.463566483740528668e+01 -7.516415128042190474e+01 -1.796387940857999865e+01 8.442936260631600476e+01 3.895300991401398960e+01 3.837767225573963970e+01 6.578648704298086614e+01 9.391196657233356859e+01 -4.497382860823282158e+01 -2.434395150663715413e+01 -2.834241446666479192e+01 -6.979698761864059975e+01 1.214547924455160910e+00 4.395429804045235755e+01 8.382296677928141548e+01 -4.125620329059091773e+01 3.294738862786337563e+01 -9.986383613353397948e+01 -5.598354490332118161e+01 3.646297601932809584e+01 9.566621399416624172e+01 -3.880361561192857778e+01 -9.762722022995149018e+01 -4.696622322701074381e+00 3.221279753892122244e+01 -4.507781423333230464e+01 3.733932344076558252e+01 1.199637502286302038e+01 6.525199803995062098e+01 -6.652978463957032318e+01 5.613331305277330330e+01 -5.622758171655777204e+01 2.098146710000436599e+01 3.602283067834937924e+01 -1.330819601656234852e+01 -7.248746806003569532e+01 -8.329525256142161993e+01 -2.811736105928832785e+01 7.608557506950498350e+01 -2.355583373196878938e+01 -3.823043891360884317e+01 6.656390442835956378e+01 3.543815853716046149e+01 -5.505515175790589666e+01 -6.040171852203435066e+01 4.128973660098117193e+01 7.615030443209127498e+01 -5.877095639968770513e+01 8.809931765373718804e+00 -9.297834117778464247e+00 7.872566872943599492e+01 8.509451291595308930e+01 -8.728090765463713296e+01 4.789030581447121904e+00 -6.862147220994094710e+01 -5.183020844312007114e+01 -2.708901355408816869e+01 -5.757163903453800913e+00 -4.356760995220751909e+01 -9.326002080888156343e+01 9.539142765983115169e+00 -6.021089903326819126e+01 5.597740678395837222e+01 4.833249400913771865e+01 -8.322475318980148984e+01 5.322378691810203577e+01 -6.155165448204955680e+01 -5.659789114784301489e+01
-5.458586758086809709e+01 1.171236000333433935e+01 -5.557861646242330522e+01 9.823393296246419482e+01 -7.441340218653476768e+01 5.804961897855065445e+00 -3.657682149946855077e+01 -7.217782752103609312e+01 -7.486644788515803839e+01 -4.166873820520564919e+01 -3.045400908677422080e+01 3.700245488121993276e+00 5.377719628151552911e+01 3.234340223646813683e+01 -7.342252492675562792e+01 -1.918829084370123894e+01 -2.802739870242933762e+01 8.566377338772809935e+01 9.692027011014778282e+01 9.153671856759194725e+01 4.105279945113079521e+01 -5.751452721808667690e+01 -2.525379231780377154e+00 7.006846071891698102e+01 -9.476548729765227108e+00 -1.134049588200475966e+01 -2.132243080145164527e+01 2.958530039777249954e+01 -9.087875724194007887e+01 3.920434785592362914e+00 1.257665159618790085e+01 -3.103204918077085495e+01 -3.433832486954628394e+01 1.311826425828726883e+00 2.025477122432661758e+01 5.632590363944700584e+00 -8.675174421754425680e+01 -9.290360091346468607e+01 -9.064239830282576804e+01 -3.875346802495727161e+01 1.310810797870871625e+00 -1.534896618273631930e+01 -5.869958815271161257e+01 3.877227427914309033e+01 -7.854201953364125188e+00 -2.142949897000822546e+01 -9.961530375973035234e+01 4.267625897847401006e+01 4.491844925257129262e+01 -5.676756213506095605e+00 -9.346831496183312993e+00 6.220444793481763668e+01 -2.585764425093395857e+01 7.798354364622204571e+01 8.937838159595702336e+01 -1.361454878096154175e+00 -8.356019481996644060e+01 5.892662412407543115e+01 -4.922579785215958736e+00 -5.731363046894180258e+01 -7.776179043922088852e+01 -5.855637747042381136e+01 4.478202852642826315e+01 -9.039848687016842632e-01 1.755345066191283365e+01 -1.809710621846633671e+01 1.852878375579317094e+01 -1.738752273316983121e+01 9.976969194867325541e+01 -2.051498592401071619e+01 -6.638495766493321071e+01 -7.398456289609735848e+01 2.240424173250701756e+00 -1.555436640890506794e+01 -5.272284260573312054e+01 -3.262676302662165995e+01 -4.552213506510680929e+01 4.922859619316383828e+01 4.492744616532428381e+01 3.636194222944263288e+01 -8.033915768082667341e+01 -8.339818426904612636e+01 4.856470286868906783e+01 -9.614232040964910198e+01 -9.892744437802991797e+01 1.786412749529375787e+00 -2.637123755297778871e-01 3.646939649162865749e+01 5.439732656547363376e+00 8.877427451786962820e+01 -8.057479561185920147e+01 -2.249092259067799660e+01 -6.391629223533246318e+01 -2.600292872325999838e+01 -3.031040291277787446e+01 -5.518554270874780343e+01 -6.512048862405721650e+01 1.850419791567867378e+01 -8.697720716284172227e+01 9.090643613111211607e+01
5.966372080784739751e+01 7.002274931100350841e+01 -4.493116929181402242e+01 -2.280175729298434817e-01 -9.065003794572577078e+01 -8.684539365742978134e+01 -2.852846002260854164e+01 9.193561673525417177e+01 2.431997774554046998e+01 -5.902618008765720958e+01 2.067315641262483439e+01 2.934307426742677194e+00 -6.824249578584522169e+01 -2.526612822466280761e+01 -5.279388714642858815e+01 -9.001566655900204239e+01 -8.500918309305089338e+01 8.927437606251842794e+01 -1.175050443182954041e+01 1.996078140784422317e+01 1.058635515802835414e+01 -5.022559820323252211e+00 6.599005880525729140e+01 -7.860098773907677128e+01 -7.207591517663338720e+01 4.629765961042829758e+01 5.913934342741725914e+01 -1.751085687210793651e+01 3.770918870587641436e+01 7.212030308705422499e+01 6.109528181606810904e+01 -9.356978625485639611e+01 7.311026185672901079e+01 -8.982405747880584101e+01 7.131240820360170574e+01 3.098065790596965030e+01 -7.401003554098082304e-01 -8.739772777577067586e+01 -1.387912952043302539e+01 1.954638651543430683e+01 -4.507127902827594568e+01 -1.823936649166566326e+01 -1.853691812233668657e+01 8.257927984235854524e+01 5.933023839692623369e+00 9.533067128354670672e+01 6.201128164416712707e+01 -8.859265206783733504e+01 2.004360605246691307e+01 5.960561238286237540e+01 8.730918385208212840e+01 -6.596900285243050632e+01 9.734611401840624012e+00 6.459035168068388089e+01 2.046249893261527575e+01 6.712645189837712678e+01 -4.697373849553272152e+01 5.471923346123600140e+01 -8.779456911004122333e+01 7.709643484089855292e+01 -1.591996822543096357e+01 5.849120204041042825e+00 9.157843287615355621e+01 8.719195448112097324e+01 -6.880896527315400135e+01 5.086692334030141183e+01 7.420077990087531816e+01 3.697594062640484935e+01 -5.920509041634440450e+01 -7.843903572393102763e+00 6.118445838774354684e+01 -1.588775931744545744e+01 4.221925444727148147e+01 8.417432114743922966e+01 -4.572062249618231533e+01 8.868782006503315074e+01 4.629338647785124294e+01 8.711950315245732668e+01 6.821983766000892047e+01 2.734876087435938530e+01 -9.841558077192757992e-02 3.365490855201252884e+01 8.653258006530302282e+01 -4.742419910936344252e+01 -8.900932511057379770e+01 3.079488704973786639e+01 -5.307415504635443426e+00 -2.411499717691351918e+01 5.673406554232974486e+01 -9.545976025505126472e+00 9.744341469786809284e+01 -3.651603029015024759e+01 1.213954132973225342e+01 3.646284483584830127e+01 -5.172877152754931274e+01 7.642035116234040970e+01 3.167186173953467687e+01 6.113766274780473964e+01 8.670322728005081103e+01 -7.423114369638719268e+01
-9.167288063888619831e+00 3.258206893702754314e+01 -2.489269616830149801e+01 -3.410721660999416827e+01 6.366051654437549701e+01 -2.700302086762044951e+01 -3.152177085352809627e+01 5.634615525978361461e+01 -8.771617335615292177e+01 -8.888563647042255411e+01 9.257405880904025253e+01 7.000375697714244438e+01 -7.309685263725727111e+01 -5.954265392185158134e+01 -5.788422613522388360e+01 9.047225296054870114e+01 -9.442644120528356666e+00 -4.978326860340416715e+00 8.839913824625776329e+01 2.073644755232936632e+01 9.356271439966761250e+00 4.326426084688327478e+01 1.966223600482331335e+01 -7.000953279721076683e+01 2.564833802580798761e+01 6.678934039312295567e+00 4.149895683315523343e+01 5.573641943991569292e+01 8.168901093578199379e+01 -6.082301768786686580e+01 4.810263013609917948e+01 -1.948110509774807042e+01 1.905280352686480683e+01 -2.434463725972450732e+01 8.645601583965444092e+01 6.533804281637983991e+01 -7.191810464458365004e+01 9.718628384880764770e+01 1.697629707429675250e+01 -4.199914555968986463e+01 9.670684522271707806e+01 -7.506315489249848838e+01 -9.785488421373756296e+01 4.287336428565808433e+01 7.374411092055626682e+01 -9.733926698036032121e+01 8.256808339005547737e+01 5.697959062958619825e+01 8.276277439164047678e+01 6.359677021870561475e+01 8.509701857129010705e+01 -7.966786219479457998e+01 -5.517953530061221556e+01 -9.115089237516092169e+01 3.900541162240023141e+01 2.030984426101842644e+01 3.858127676796127048e+01 -3.502621770736202222e+01 -1.699026398804122095e+00 -9.957514721612230346e+01 6.082929001244511369e+01 4.038251976518836273e+00 -3.862590628620645816e+01 -6.872288143470413502e+01 4.646779419554164292e+00 7.053007526254887694e+01 9.505279796106819390e+01 -6.378124429178952681e+01 1.800095858438773178e+01 -4.187629900796381577e+01 -2.657853423962322381e+01 -1.169694003163877483e+01 3.733729412662117397e+01 -8.896958016638527056e+01 2.590588013279371182e+01 -4.638525567767099744e+01 -4.103982358752548976e+01 -7.150832927267865102e+01 4.117310629772586594e+01 5.573458447959509954e+01 -1.999536418087541279e+01 -7.210737531919008347e+00 7.055770718449397805e+01 -5.017457839369014749e+01 5.249018999313645395e+01 -5.498092516507051641e+01 3.370720423851031455e+01 2.152415013464246840e+01 3.409791323422842879e+01 7.160638784698576842e+01 2.932455413469199357e+00 -7.955541973887953588e+01 1.674720128103301420e+01 -9.945410438877540571e+01 -1.251214207250208688e+01 -6.905345208383637612e+01 2.536801480695322653e+01 -2.114680270530993766e+01 1.357639786627645151e+01 1.556753465070201514e+01
6.955135724089183213e+01 -1.166538666961429271e+01 9.375137092516484927e+01 -5.950726520965494615e+01 4.409363568115088583e+01 5.401873915981693131e+01 -2.632590471526357589e+01 -7.121905885633623257e+01 -2.859580055724335068e+01 -6.086963669329789894e+01 7.142218644207673606e+01 4.153500681415567897e+01 4.100783033483509143e+00 -6.085599447163802722e+01 -2.010009339516780358e+01 -3.177662541445542388e+00 -8.983142291964385606e+01 -1.025117072032809062e+01 -3.394550443302183851e+01 -1.539744278664791466e+01 -3.291604294409719955e+01 4.359682189202436575e+01 2.280665470714711773e+01 7.610096424850530639e+01 -3.668118031680094759e+00 -4.922626575603224097e+01 -2.352391015281638431e+01 1.155718611002349405e+01 -9.819717811766932414e+01 5.176668502207084543e+01 4.162681628405235301e+01 5.096403098366857876e+01 -5.697897610152957526e+01 6.016299486936821950e+01 7.992127655051965007e+01 7.805198425553953712e+01 -3.700978298919068976e+01 -8.361581796794510524e+01 4.709374377647773713e+01 2.506865645717452651e+01 5.982746793810736108e+01 -1.777044487492453584e+01 9.774800159858438064e+01 7.832230976900419250e+01 -5.111525724346839183e+01 -7.539001269738460564e+01 4.076406785010351541e+01 -7.311662997509782258e+01 7.890774110795172192e+01 -6.352439310385793192e+01 -5.432671343738502401e+01 2.570335487041258204e+01 5.266023983601084524e+01 -8.116670653638300337e+01 -7.466891129688181650e+01 -1.804213177988167160e+01 9.259598676472492684e+01 -9.616980906754623959e+01 -9.943188118137646825e+01 -8.053456032758498395e+01 -2.208116278865661286e+01 3.181958214412819075e+01 -2.455565512129325612e+00 5.240670994210574918e+01 7.720044831980544586e+01 5.906832671689869585e+00 -7.701111350879368445e+01 -3.326297389043028829e+01 8.083742217200432378e+01 7.880443208125450383e+01 7.067809269084386870e+01 -5.589000846377290088e+01 -1.204335860083942578e+01 3.461230832059169416e+01 2.913632248551905946e+00 9.633999759817712061e+00 -7.064272725285979959e+01 -9.874878844920105792e+01 -9.165457986404635449e+01 6.334873289286508680e+01 -5.685894539367453149e+00 4.077888953665765825e+01 6.670704511313476814e+01 4.734894717352588600e+01 -2.514220505918913773e+01 3.897126416660506720e+01 -2.406554455725256503e+01 6.211323787494623616e+01 -6.915153742576336526e+00 -1.800078624473083266e+01 -3.174082848754764541e+01 6.132085626214674789e+01 8.931453699571864036e+01 9.880361277088132965e+01 7.388728626983828462e+01 -4.611081766654538683e+01 -1.803964752273601846e+01 -8.808028509589789223e+01 7.073801393474940369e+01 7.710434517821843770e+01
1.467025815703813407e+01 4.554436224874351069e+01 -6.124413225790927839e+01 5.306000543294700833e+01 6.450438452514734422e+01 4.527526279585032398e+01 1.583198912990258123e+01 -2.003080003847379942e+01 -6.708644677790420019e+01 -4.731349052562535462e+00 3.835120794239770703e+01 7.438597270109238480e+01 4.657361878517144760e+01 7.546009786745563019e+01 -2.886533302392528810e+01 2.756705777867236407e+01 8.185940437563743899e+01 1.844754830012611535e+01 3.652593392510306103e+01 -1.246062167012524924e+01 8.045997433009358701e+01 7.270491918154047539e+01 2.041222910491470088e+00 2.783949993669835976e+00 1.544036192407578767e+01 6.320490794540299362e+01 -4.475110158113808723e+01 -5.720368607973327357e+01 -6.856873967380184354e+01 -3.112396538890720876e+01 7.531207799181731843e+01 1.759062377054476656e-01 -2.017835572992736104e+01 8.352628414320054162e+01 3.742899175438580528e+00 -4.805429145634047927e+01 6.117613324531379249e+01 -7.913360234565152496e+01 -5.931795967004704551e+01 1.175093372571174655e+01 4.848764398634165218e+01 3.319604264801270688e+01 7.251624627421790592e+01 -5.295482431400131418e+01 2.169499851326892781e+01 -7.750792071071792577e+01 6.335396819917761491e+01 -4.367403537551533077e+01 -2.210366717416376048e+01 7.598381950385524419e+01 -2.490128286790908874e+01 -6.026899163973402551e+01 -2.613644992812919554e+01 -7.905914795918158688e+01 -6.708282887043053222e+01 -8.423973470365930893e+01 -3.324732545721840893e+01 6.698872223865527076e+01 2.819556223516696036e+01 -7.692308549344511448e+01 5.667869170359750797e+00 4.059526257801621796e+01 -9.841003444027779778e+01 7.944796438772871738e+01 6.842686772251232696e+01 -6.415069881918162764e+01 5.078314843826564129e+01 7.516090516646647757e+01 -7.957443398491284370e+01 8.705108809525862057e+01 -6.350853850401556855e+01 6.397128336980901508e+01 -8.312668099727457616e+01 -2.179642231748178460e+01 9.809748862357764665e+01 9.305719178436825700e+01 -1.301598250868816820e+01 3.212118980462079776e+00 6.566083908089262877e+01 -7.705064309361753772e+01 5.342772701300449967e+01 -1.249563511074076416e+01 -5.293523786411526544e+00 3.116500189772651197e+00 8.205554683612132294e+01 -1.992538796091729125e+01 5.120693431622493108e+01 3.938286142403748613e+01 2.157180619880175243e+01 -1.737515236755599801e+01 -5.603256522265125739e+01 5.767073560053009373e+01 -4.109823875048592612e+01 -4.663924708733810576e+01 5.207578600279859415e+01 7.482181739397486808e+01 -6.710860854872115056e+01 2.033523500762628089e+01 -7.257833629527168284e+01 -7.139175457699873562e+01
-4.351365632647314641e+01 -9.571764661840431643e+01 -6.944224890316647247e+00 -8.756638493984429772e+01 7.167371878064002999e+01 -2.633438195708053797e+01 -3.753081603210295469e+01 5.330073278936021097e+01 6.030092563096650338e+01 5.827523758458150382e+01 -7.374713121446774267e-01 -3.020810511293036882e+01 8.853690165830641945e+01 2.974347740041750399e+00 -2.762667351023726781e+01 8.469182959627008245e+01 2.814123895315930213e+00 -5.159383794826993608e+00 -2.011853220238847939e+00 -2.084374112055395756e+01 -1.036063019360500448e+01 8.839343013334874399e+01 2.682681999374936765e+01 -4.071783362243181870e+01 8.532645636406084577e+01 -1.781829979698400734e+00 5.601093495956698121e+01 -3.762389726314169991e+01 7.905632375646447940e+00 9.686226137794992042e+01 3.617043002930006423e+01 7.520077547103593929e+01 -5.645056923291391371e+01 -5.539932281458040109e+01 3.355829467434000435e+01 -4.976577232871524359e+01 1.929284373197235425e+01 9.283261085149209180e+01 -8.881778031624904202e+00 3.882716515884362707e+01 -7.285358358048843286e+01 -1.745432522150865395e+01 -7.171438108289211755e+01 2.761698904700035939e+01 6.831086973562511844e+01 7.793312109530057796e+01 9.600014423478836534e+01 7.234940156589729554e+01 -1.891488401301451461e+01 7.566087010033311344e+01 3.843340477611752704e+01 5.604579919101055907e+00 -9.530099672243838427e+01 2.720165536173946919e+01 3.262193329929993979e+01 1.680961072457627381e+01 2.679085244699379587e+00 -5.645361775789614711e+01 5.228819260906641375e+01 1.621482398566568861e+01 -3.464052216724621758e+01 -2.805070617951956535e+01 -3.982726154997882162e+01 2.660650452434639135e+01 6.494416040961723979e+00 2.324545588177512911e+01 3.859818587154433089e+01 -6.271863348204700372e+01 -7.676767466902281001e+01 -1.811439652779924359e+00 8.846245723288433283e+00 6.047503891427200529e+01 6.296598173079209460e+01 -3.490915382632901753e+01 2.642549591373315820e+01 -6.144791473418600702e+01 8.583383356047778534e+01 -4.018392548742806270e+01 9.292678196645925937e+01 5.419212392146198454e+01 -7.600439608149535786e+01 2.090630993686994543e+01 2.063810431618155405e+01 1.216806812042490549e+01 7.690968950904340318e+01 -7.966756111692365039e+01 -7.457541587836794861e+01 -9.464741411316649078e+01 -3.263098456779185597e+01 -3.104139333203501394e+01 -4.436299237090139513e+00 -9.003815122135692661e+01 -8.107740602580624056e+01 6.132398823077372185e+01 7.219932303798734097e+01 -2.070449383074057437e+01 -5.522768281126244716e+01 -6.275945601100654159e+01 5.242892476466482776e+01 2.341355642950486526e+01
-9.666642502425857231e+01 -9.270111434934631234e+01 -6.296050450299232892e+01 5.337631228960998442e+01 4.644860742826668343e+01 -5.739489720597396882e+01 6.904131656466279310e+01 9.056632870472020613e+01 -5.637299029992433930e+00 7.246475721620640797e+01 4.897085049657465561e+01 -4.606346167963126703e+01 4.844927415278567651e+01 9.466592669500965940e+01 1.076944436436968999e+01 -8.089477718420351948e+01 1.726060499706582618e+01 -5.898970408866319559e+01 5.890256177127619708e+01 7.149794537281346152e+01 -4.340193107510265946e+01 -5.742598433230882904e+01 1.772395353460058232e+01 6.083206761993236000e+01 -3.107803358254528803e+00 3.086269215593836179e+01 5.547869172985969044e+01 -4.238117716451619543e+01 2.547350436975357013e+01 8.565091625807738751e+01 -6.028542650588679663e+01 -9.674682442374317759e+01 1.621535081780491794e+01 -4.897918601179591747e+01 9.165768706034248225e+01 -5.048077266993018242e+01 -3.864528453795761465e+01 -7.466303170093418373e+01 2.032633340847323211e+01 7.107502483975864038e+01 -7.894292069756534147e+01 -5.256934351413959661e+01 9.925575053896071154e+01 9.625158515827430961e+01 -7.241370724709295814e+01 4.219862075994697648e+00 -1.942830691454140890e+01 8.446709884626523035e+01 5.129274496686849716e+01 6.280913241082197374e+01 8.050262984788327003e+01 4.242275631737788899e+01 -8.153305740870962381e+01 5.037615681071406470e+01 -2.768026866076024817e+01 -2.620177993089913571e+01 -2.374650231526480582e+01 6.328606623121149255e+01 8.139289868239828252e+01 -1.940784577746784123e+01 4.489897369360178914e+00 5.602217230651817204e+00 3.834600712450054516e+01 5.289385507677798159e+01 8.662764132106062220e+01 6.689857294473881666e+01 -7.018106941039621915e+01 9.166096925960172825e+01 1.202784096697793359e+01 2.353455520750470953e+01 1.612508840371901897e+00 -9.488808221807599352e+01 -1.709490868432170885e+01 -6.391163438950486864e+01 2.950394385176019796e+01 -1.876480939256339298e+01 2.808789191975918698e+01 -9.695746125394748560e+00 -7.147836849703688245e+01 9.038789384106044622e+01 -8.239201547341608034e+00 9.249300049459750994e+01 -6.276611292306106549e+01 6.510747489089757778e+01 -9.520053277317710183e+01 -1.407328610447547135e+01 1.381685851843057833e+01 2.824359630052015291e+01 -4.074063148602284912e+01 8.505153374077480066e+01 -2.646903545297402616e+01 8.995936592517199415e+01 2.670380593539248082e+01 -3.546441038725444628e+01 7.542827010024558376e+01 3.539318277192961659e+01 1.042604309384915950e+01 4.582601535858947273e+01 -4.884972638808534384e+00 -8.371326068408282595e+01
3.789521150702256591e+01 -8.025399324563940695e+01 2.805089451128600331e+01 -7.114496191504507294e+01 -9.050843787985249378e+01 2.169511050111687211e+01 8.597701049206861512e+01 -1.207323298876828233e+01 2.630651309446278674e+01 5.339950807686869894e+01 -1.836447295386926726e+01 -4.030574372278643835e+01 7.196750440976003915e+01 -9.829765270060781290e+01 -3.548887504542517490e+01 -1.383676969676557178e+01 -9.116736302376827439e+01 -8.137171035006336695e+01 -8.469772316796979794e+01 8.761180966548963056e+00 7.502183829261448977e+01 6.164288450862869695e+00 -6.254129612950474382e+01 6.170063064670441122e+01 -2.491194582537413282e+01 -3.333366086073179702e+01 1.108837960178767901e+01 -5.919077698844756696e+01 -8.419161800246570238e+01 -1.896611960754405857e+01 2.372981007273433818e+01 -7.323720131383578291e+01 -2.030954905306062130e+01 9.076419249142091417e+01 4.957493022958686879e+00 -4.634450440501431956e+01 -6.912877843448221427e+01 -9.202322324919532548e+01 6.673497431492324949e+01 -6.509570505972030219e+01 -3.643466517412716854e+01 3.818365145020788987e+01 6.785394687239690370e+01 8.574317254783278486e+01 2.570686406918363787e+01 -9.354741472212377573e+01 -5.686653051940966463e+01 7.591153314024083443e+01 -9.991199288198366446e+01 -4.798324466209285077e+01 1.150734509917081994e+01 7.315636733951919268e+01 -9.016664692177283769e+01 4.797316715672025111e+01 9.960729776664612700e+01 -2.592592384125107685e+01 1.712750119786612402e+01 1.412034205121534569e+01 -6.812706655715888360e+01 6.557208962201372060e+01 4.700943388226860975e+00 -6.106089127549068252e+01 -1.565402389780405201e+01 -8.550927309856348302e+01 -1.013147435286553844e+01 9.962097026741295736e+01 5.738704446454963204e+01 -3.204692668904878872e+01 5.806361821891366048e+01 -9.973886424492670244e+01 -2.693600004530816250e+01 -6.433624933769428367e+01 8.916732817678646938e+01 -1.371631480976371620e+01 6.965692624835116931e+01 -6.595968065648600032e+01 8.216978011382968816e+01 -1.307762320309355175e+01 -2.477702015437827754e+00 4.898934303576857019e+01 1.509753811616442931e+01 5.250072326800122369e+00 7.664361614972409598e+01 -5.585918309851673769e+01 1.036475328034586596e+01 6.696657919540191983e+01 6.284716075417250636e+01 3.234680241816613488e+01 -3.021307334970883574e+01 3.741487019293856520e+01 6.815696068695424970e+01 1.803475711667945802e+01 -9.744076105923286946e+01 -4.999599343723006939e+01 3.022481818060219894e+01 -4.187670053200174181e+01 -4.548880566474249321e+01 -9.618821829628441833e+01 2.676764972947391641e+01 -6.073454463981029505e+01
7.980972028195702705e+01 3.292547868345101847e+01 -7.913512192046417226e+01 4.679397095211689361e+01 3.126670342194452701e+01 -3.877277690792055864e+01 1.423463861180107415e+01 -3.810445485027847212e+01 6.002181283223961827e+01 -8.851093614394140729e+01 -6.017009269804292160e+01 6.076798265836177393e+01 1.553213129396905856e+01 -5.583958855646598352e+01 3.417970701312540882e+01 -4.649557327611959323e+01 6.178481037714882973e+01 8.188110028555283293e+01 -3.579313551692615647e+01 4.453875718209533829e+01 5.807879098873672774e+01 -4.027390069485148416e+01 -2.979983635933479036e+01 7.205815596975918425e+01 8.485041665608713402e+01 -9.236824632456048789e+00 4.034077684209080417e+01 3.822093113311564139e+01 8.445572357645855277e+01 1.895526098182634200e+01 -5.464773731606354090e+01 -9.007666606811616816e+01 4.989940611434207085e+01 5.786074235132412014e+01 4.193843380566900692e+01 5.479663412644285359e+01 2.350696995408823398e+01 3.368945642282105268e+01 -8.034387324365525274e+00 4.675583018154009096e+01 -5.088384419734850184e+01 -8.163657736323287395e+00 -7.735671725393306986e+01 2.859138368746164360e+01 3.966999982242833767e+01 -3.285275913951693383e+00 -6.642297451537832842e+01 -1.029254089667466587e+01 6.746970707968799275e+01 -4.941647231187895528e+01 9.742903204250160343e+01 5.905061319539902343e+01 -2.187923933066251436e+01 3.979543773138189522e+00 3.629204143930977011e+01 4.553728141935826557e+01 9.830160004819356345e+01 8.414531048495882715e+01 6.999473215810394322e+01 4.574908913954843115e+00 2.798911477101000855e+00 7.467055334461747407e+00 6.425780015449416283e+01 -4.115888543426628843e+01 -2.746141235985466267e+01 -7.895927794136244415e+01 6.964623246723121497e+01 -4.819658194102885318e+00 3.908791204236973726e+01 1.722230108530067128e+01 -1.360745571460036274e+01 -2.807913266516894168e+01 5.110253537657405332e+01 1.616502113802404494e+01 -3.939570941913315494e+01 7.635870401013963260e+01 -5.709128068557944857e+01 -3.045537506704820885e+01 -2.437383561746094074e+01 1.075071666555990646e+01 -8.882666276208823319e+01 -2.809010833807819552e+01 -5.041430971585872101e+01 7.850314363830227649e+01 -6.220182987816409081e+01 6.502921486006766827e+01 1.356183969556784064e+01 7.652763072501670649e+01 8.957949219147101871e+01 2.746134023652444967e+00 -1.351279290440434977e+01 2.918415102945996864e+01 5.577056408415330679e+00 6.168580149025146397e+00 -1.177136084788384096e+01 -4.909591528870502941e+01 8.779789349922046426e+01 -3.573254723748542006e+01 9.604774264179295074e+01 5.429814603653341010e+01
