307.64763410285906 2.68552066475313 3.8872592534121115 2.458964083847663 2.0934765171780962 2.948165008010894 1.4871041807498382 4.4626316658720295 2.820657642697702 2.2028027019525345 4.8481501558517035 1.255630504331048 1.4158839712960893 4.824680084681045 3.8390608890854616 3.7225878900565266 4.41443597580058 2.745680882534144 4.2806234506627465 1.124640793453278 4.3797330540575325 4.224552468485188 4.572395931389849 1.1052365682753185 1.266219778552252 3.6037236408090765 1.5229996564295454 3.936483663663219 4.166898618393127 2.553440089346468 2.526404784896202 2.0689962180453407 3.317683295180241 2.6236631860113317 4.662211185744056 2.7863096814771957 1.964284689113231 3.49376735016813 4.310801875209282 2.3414658970799107 3.1179562931800717 2.0331769658406755 2.48871277900797 3.959837286578006 4.241987047142812 3.7126294900925454 3.6594231464134723 1.2917246369929938 1.3802683275368102 3.356599288827103 2.216703662121777 3.680866250752225 1.0563876438328355 1.942554149073528 1.6745288230149544 4.694894258062828 3.411810217893216 3.7780840042350965 2.8623362830616665 3.4081055144203534 4.303258392232685 1.8861696748396106 2.2257486021761665 2.6847992593988796 3.49747584878726 3.2008206971982456 3.368212668165063 4.007316008569035 3.73671542749365 2.479756588846363 4.040176622524916 2.8882884881710695 2.5896183522837397 4.2880057130792135 2.6101849335982363 2.8165704882882068 1.8908040774998889 2.729103832363211 2.139553370012145 1.7985316122531851 4.440335367543154 1.4401134511668396 4.855301353727437 4.974667045920981 2.1288610438100433 2.7121155660175833 4.960863151509816 2.4731389133762356 4.287740463008333 2.3965291555841146 3.690057682752087 4.491070155373613 2.0832416235711144 4.762840980494071 3.0922220446577042 3.0570938120657 1.8612127757403312 1.0759053172509074 1.1572928008835333 2.3874986288117364
2.4441551212871215 284.016406360679 1.2722081968265098 2.762034082105291 1.4882636351054224 2.904938197697955 1.7723096430977536 2.715242953860686 3.7886424319758176 1.6028425946842466 2.4484795793633998 1.085218060855563 3.594322059789454 2.2039912937137998 4.094357555779445 2.859694827047402 1.7924343284712636 2.20607087307534 1.763653330565568 2.304464081817738 3.0093953067365526 3.3079542676930753 2.5338793906885737 1.1393225855914135 2.3470117480418313 1.1190543470461942 2.107121577059294 3.9223965785351154 4.064312687470675 2.4839465186048417 2.3834279754219385 4.488713748128385 1.553621862534253 4.758641376424714 2.7412373630827007 4.2239863490671 3.2515076838904875 4.113910439623121 1.3580507283081733 1.5084219677772026 2.5841881591686073 4.283789899295337 1.2430400472942544 2.631961650463329 1.9191138515619688 3.7730196217404677 4.89347403405623 1.77559298156093 2.0676878373223926 3.586989093841331 3.353670359226939 2.4476483551879467 3.140879203798045 2.231875146012505 4.8019117867822985 3.086729584818226 4.564139533918155 3.4233639276015615 4.331346004339147 2.590134648221757 3.7237151341171524 3.8945244294711436 3.0828242586850023 2.6869091628409154 4.464473847951878 4.10946667107393 4.040387307351514 3.8894931919462805 1.1956736933521257 2.705926100963418 3.7981896030753854 3.8624186074310076 1.4348792168126878 4.303736937496805 3.4179361395437704 3.1180274507685066 1.5587025599089261 1.7371932023565266 3.7142248206204513 1.1395716485402478 1.8031937594323826 4.611528714143711 2.1457000366938073 4.217174766739699 4.955812817513179 2.9057514423880297 2.47385551316687 2.221669798841715 1.4816198370049554 4.590508446907421 4.795520196358497 1.3779618911490346 2.984903047230752 3.190442283001544 1.344626974306931 1.0448500822098241 1.178274247867722 4.612099695595079 1.4485416809429439 3.2602188461992423
3.868571479243857 3.057676554501323 318.1762157852228 1.2951962124246252 2.411559612716208 3.5999875310619496 2.157745334887657 2.377591615163211 4.038245057569768 4.5091177394137505 4.711993841197477 4.776680628202952 4.494588315420846 1.4071770044804088 1.8633832703301536 2.7001020065400123 2.2940403067081387 1.830850162611708 2.2793149725322484 1.3936719573043033 2.1402133617800954 4.571372962916544 4.6822406223770265 4.8536618129978155 1.7431132479187683 4.107096710263868 2.382608449090796 1.4260585022311387 2.310195754336919 3.1539499694871003 1.1454048849850178 3.353520521152984 2.5070211556798454 4.445041108958346 4.5043076706673695 1.9151555379191856 2.833707692525327 4.231370645795411 3.693933664647913 4.037724607183612 3.0458574033359893 3.8350092954125277 4.530112018944236 4.23301698957105 1.930678353387151 1.4609011735841322 1.1485477374536162 1.6083676142449086 2.854531057141436 4.436228025348786 4.499838180405144 2.332668171486729 4.604084140771949 1.8954786868516802 1.8856408965690563 3.1868334159851264 3.27638467561467 4.463705873554993 3.1540997864393767 1.1704631868266153 3.7685416559523373 3.88607490870958 1.2374371159991693 1.9176140149960208 4.633488167535984 1.4702817735591727 2.4871729403729033 3.2012755725922397 3.736037017478725 4.732896793980405 3.326500153725801 4.930715401494854 3.9204411645872477 1.3873877602594438 3.962892682954268 4.088946912617178 4.429783722894401 3.0228524450541205 4.590147558325397 2.4366757425612833 4.018416380579003 1.9466193451256828 4.970376115098373 4.269374349937415 2.3113907679636494 3.027446146089138 1.6210436552189473 3.1188910228509057 3.5354089745147115 2.2882748605499565 2.315213947930701 2.3759154878747464 3.9832845678923707 2.4972693587362276 4.455283690650908 4.260667012168161 2.4625842327763765 4.596982683584237 4.950486312601557 3.4606923197005064
3.7001703354421873 3.426548479646468 4.861786552883483 307.8512745228785 2.104020766663881 3.174969748857042 2.65157673698259 3.0577297768014637 2.017694121194174 1.5331290614610866 1.7248941727115796 2.6432673229412744 2.6845403734821778 3.847170554314123 4.968681269164106 2.1643387100969664 1.299290692850509 1.2075772440041446 2.910187281519068 2.4859964278886744 3.1875137241683356 4.3267147725707265 1.974581380692348 1.7873818162965578 3.370028225040884 1.7045947131640524 3.361533514610408 1.0912199187958436 3.2332950041147135 1.6981969356759539 3.285737940452362 2.590466428523063 2.5017284233038737 4.546516434914368 4.3065735657737845 2.4656354848348254 1.0831396420891228 4.643563166251603 3.4459855831848505 1.537031418320184 4.576772008150709 4.003261995097015 2.1576942534878647 4.183024679933812 3.6536746797525916 2.4456981878708723 4.249229170165293 4.048669654146637 1.0811362544238863 3.231393854528898 4.693438757147897 1.4904329943057086 3.637337774868686 1.6154220032436113 4.75412883349191 3.4233105985393877 4.270126808857313 3.9993585709718964 4.488814361872842 3.894535069301189 4.829633526207185 1.5448368244171484 2.6549149737758495 1.1588442415048612 2.5468017451836653 1.7565174526142875 3.5254863941604437 1.5179913229520312 3.410298024764306 3.189963937425233 2.5483647879393763 3.880857948425798 2.9132376770334645 4.563453359828571 2.811239432893369 2.5291423935437094 4.114602556113862 4.179320260669752 3.7828165001395404 4.569711816180034 2.7767185901356637 1.6662143140879189 1.4793737666370332 4.50694870034973 1.3071494741929697 3.1990873515957 4.48073492137111 4.656718095105518 4.747592618426384 2.57434471414181 1.238153220071124 2.4638160181354047 2.578318382057749 3.869698939780047 2.09770852901688 4.609768621171934 3.0038638479518007 2.526014664528174 3.2626058277613805 3.645482054652329
1.7055403818580612 3.000276444958214 2.231758464475586 1.8397197781082548 300.0605856934617 1.7227596486883772 4.366074891504399 2.5161063592259265 4.079963264619826 3.4278060255556935 4.130150681064958 2.2024062772159976 1.448131487016481 4.216987272070925 1.5637464427068908 3.551992395453065 2.087441517587224 4.234307570203215 1.076606868258045 3.094088770476526 4.635288085631478 2.4832559416432316 4.618509438726733 4.11414442157186 2.602936461846372 3.1011038003584757 2.3522296045660753 3.5187459526130946 1.2619348789659193 1.662821973195367 4.23169791270276 2.8193152485821447 1.723600365501614 4.305434052706762 3.0291316389284653 4.75987027918322 1.1495833679699201 4.636368896140274 1.750057203374579 1.6134507818395734 3.322652472662545 4.666257215766479 4.94042834202966 1.6625237098683088 3.885092929544027 4.721290290753542 1.7816803940693706 3.861058863736674 1.0174836617771432 3.8827601882161917 3.409328805345997 3.906179229556896 4.117647187039821 1.8293418734474547 2.2479707361288828 4.546275008738159 1.8003990467756363 1.6559267436733012 4.676539523579409 2.200471470880948 3.0053750552150147 2.28312195290129 3.967689461922507 3.4286763338265978 4.945005134628315 2.08984990202773 2.723672534663915 4.845056535800415 3.6052972978364495 2.436054573746041 1.9429112263188943 1.8025685586649125 4.131961154657606 4.806309987443188 2.9221414389030316 2.7383031527782484 2.4071221451317926 2.088864841218316 1.4687865095822907 3.258510760082528 2.946889536395527 4.965232943989541 1.8983089683217593 1.3119658583870515 1.1090384471252266 3.895454158350875 3.8636061070562056 1.2805234957237825 4.462016856318659 3.4311662722019776 3.957028550538719 4.052351855417566 1.3517025070121274 4.055519841496627 2.5643218662171514 1.0791760367648058 4.997249028392547 2.512962164714705 2.2829092340387067 1.6256984799386944
1.6279336896499976 2.3283823496622826 3.7333799689068297 3.1801964896185004 1.2989002426700829 297.8723048172202 2.606334418601203 3.3124841875893583 3.534721812208926 3.075062157559632 3.7822210450947047 2.5196368220407512 2.305392750026715 3.7960049663645776 2.7575278952902216 3.4897413549922267 2.2002859341598886 2.06882930197672 1.7342917890392893 1.683946182527574 3.0173052497131296 1.9500289579022154 4.976637281977369 2.267889009740037 4.2647829688334005 3.0228125566774144 3.3001181629581766 4.307595872232267 3.767341826947896 4.649720917583084 1.1749931774254185 2.977799342435388 4.467406301346362 3.940304787494584 1.491925698367902 3.7443388508215105 4.384848952110959 2.1331538833947103 1.8236148023547032 2.545979695947846 4.494800404613569 1.1397241523575925 2.188259257816808 3.529925369989739 1.8549174789057088 1.347413158236769 4.986852774859424 4.655755372863602 4.6743251369515315 4.942983570159862 4.617604716179692 2.8370323525986416 1.3111915001608625 1.1622312440567493 4.103506772379842 3.1460683729576573 4.379725008066746 3.18392981862617 1.1354806299311133 4.913955094298874 1.4277016389119517 4.704632042741623 4.714084576729952 1.2740599491986608 1.5640297093897795 1.0481504449659074 1.1188623695741993 4.973201170770318 3.73086492963905 3.38681027604556 1.1184434387042312 3.6558273573919213 4.3214215916688925 4.07901380493154 4.482505875167427 1.1190715656696582 3.7904836398081327 4.983140667809486 3.2604751014306523 2.759510610280439 4.151020451926485 3.4305039840019447 2.6065622803500577 1.4103468013532732 3.889216610477866 3.967066030485795 4.11981421241021 2.030088832826501 1.8788286117111435 3.575088554590088 1.98068942421152 2.060022177122023 1.6977425324284598 1.076211460493194 1.3398874188958358 4.955074504878505 1.1896861535754826 1.033536609860282 3.785013070364933 4.854952928496118
3.1513176323399152 1.84379203391959 3.881157589330517 2.7611622381844745 3.223626597634677 2.3515577854821887 312.75194243666584 1.9531269117828094 3.283332214852651 4.243772156174559 1.7250025707706627 4.657612177992133 1.6247711882248739 4.296967110724628 1.9185557077392552 3.421748012438918 3.226932566015046 2.1919895511593683 1.239762831441741 2.05731444061484 3.9999512085789433 2.497625299901719 3.671509549621796 3.368427335941653 4.897109340186011 1.1025582106640548 2.5363526814416915 3.7233637310448158 2.228685104214049 3.1816352447454803 4.629328308801826 1.6017469838563443 4.3985413913149145 2.5324236104860365 4.685123553460164 2.319735813409853 4.716036442781128 1.1014753159587114 2.4655359676638726 2.7904966123440818 2.049055913456281 1.9711052490168575 4.219301033395421 4.853448342076844 2.565050295179624 2.7211407179219065 1.1928180999030378 4.735273183435811 2.9835760109456007 4.716584463245082 3.784344567858462 4.816142783815295 2.633830991645715 4.174050966635307 4.8830230288694985 4.506245548814398 4.022385394851311 4.843571432179903 2.6011684258478076 2.46231501595022 3.8360054626491316 2.9438419588546414 2.5416965532406075 3.0469275836825966 3.1117792705926526 1.2394393171744382 4.780762672615582 3.224120749039497 2.5124142808387786 1.8768859539028675 2.581341489442483 3.5518191149571736 1.9071094171995986 2.427693402906424 3.1037825830015557 2.9501829779951496 4.829683235333798 1.841691158490185 4.00307228199784 3.8714053260038517 2.7167134337307597 3.7286405057340795 4.54857656330767 4.3353351376442415 4.523291859188854 2.990242993102412 3.18190373636521 2.4420634339579332 1.7209438174420297 2.091113360287767 2.8473798237272367 3.1837901829266237 4.777978682701873 4.867344733386551 3.4836333986594097 1.1809091363967195 3.3789408363919624 2.8744492120146985 1.321008371176981 2.401359439069927
4.504470818910484 2.994310565465054 3.1523075927415904 3.4650239805370076 4.432733106205841 3.3289732364740594 2.150618068312812 301.06467870600625 2.7204447647715586 4.129037207231008 2.001208625414075 3.591782224940645 2.2653256855111867 3.5111020300825535 4.973374035690005 1.3149949727189645 1.7287499825161028 3.332079179643163 3.711267316827127 1.5896460379370922 2.5653672387380873 2.829642295012831 2.176200785344066 1.1269109615578858 2.2696399037392427 4.784723600436012 1.589949710186422 3.0222224605888406 1.0032526205219532 4.314459598640436 3.7873955539830075 3.4592651169094686 3.5431935030598845 2.9970754786479192 1.2054169736805673 4.054863980887243 4.309329230260474 4.264026335750366 1.736768249429626 2.585469948151329 3.7669769871019225 4.287784892859339 2.9803493865269903 2.45305016688941 1.873923406696448 1.922692947946873 4.678424895288945 3.451207361146077 2.624995601804395 1.3079125414408033 3.0853593930129013 3.327626198431997 1.6532307688621075 3.028976061090383 4.661143555567559 1.3518829295824806 3.894575129891436 4.677881515270601 2.606077419834805 2.63886906618994 1.309710935700811 3.405901399390724 4.380619292742 1.8184334151032315 1.7290899052037538 2.292403537585632 3.4687275637584536 1.937384990767284 2.491083536180139 1.4232087846221066 4.223392089700707 4.595166911414946 4.762037779802792 1.7828831634694828 4.180678224339479 4.631600480359286 2.0690299316520324 1.16243518986516 3.0794968360164314 4.030554244029567 3.854727054689496 3.288421021757801 1.6995201308697392 3.6699155863347004 3.8806555913793197 2.416235505697985 4.827528153774569 3.8459120196946888 3.1577034536911515 2.0653121267151784 2.276533543646503 4.071829993185385 3.2413613742967797 1.3052391910748224 3.4309094975597025 2.3794135649602186 1.4870782785503418 3.7670382821304464 4.017956720604585 1.0452811547272902
3.872665726547797 2.549387503239943 4.3378155415823265 4.617959410110222 4.724311095840418 3.8732349097841943 4.937982293906915 1.5684170969982079 330.85684606141996 3.868542589706662 2.3514222939078757 3.215366263685849 2.9976484173862072 3.398847467775109 2.9821778498522487 4.106546762989616 1.5984906677721962 4.965101051180504 3.1921529285724644 4.0636485563394285 2.774634643416187 3.4757925813532493 4.5926809469457135 4.373811690719352 1.9059019566160647 3.653119195845911 4.329409664267363 4.347506420680846 4.166293079665516 2.6108916345110265 2.9578829140760265 3.595186636159701 4.267645197049701 4.291868883233866 1.9295863861489204 3.3361734828668363 1.5256046329315391 3.9873743166478013 4.685914394886726 4.24106043038381 1.4305573303950303 2.738593189701577 2.3029407185240682 4.717165545579041 2.3368235212219712 1.2463021219303698 4.0602872595697 4.735288957624729 1.061395887406758 2.9428609817092646 3.3045043031231662 1.816334621543005 3.3021972787572036 3.129300146964063 2.7288324319921453 2.8310296002616013 3.7586680973506534 4.226203250301073 2.7465164763608065 1.3765615646765323 2.861058974211383 1.748153226429404 4.079435963254831 2.9861296040678558 2.8561937341693775 1.2776253145921803 2.162924653903386 3.666217409906284 3.41433063607593 3.6982394180207288 2.3067971202575643 4.36819743838321 3.475434717747794 3.3012715958782315 3.861297085079307 3.5507269176918985 3.6185887457809716 1.4546255893612576 4.528502913214235 1.8191030039545502 1.7999167130506701 2.509700041530014 2.053228066701592 2.2907905649326574 4.177650112426988 1.7450455387984554 3.217432750021609 4.095280124517249 4.129125640862825 3.369944050284331 4.812682365159407 3.5328770581960387 4.401269945250112 3.3233542387864086 1.837660849962698 3.2750998980151915 4.859554886760758 4.958027525190471 4.818028198323443 4.042135147062007
4.224088118624 3.0347245698858036 1.7751388210044317 3.152876720157068 2.3015489286418203 4.1867217101848615 3.452262320881617 3.4118579770416644 3.3064970524336754 305.7086462137601 1.5937027478074 1.8737487285623207 4.794422646951217 1.4826627608228438 4.540346488876764 1.0028520418086213 4.6143034409791985 3.338965198059041 1.812158099803443 4.621646807167331 1.7173512199467185 3.150495087549856 1.4172326736435439 2.9777385457651238 4.945722080564098 4.703489120788584 3.22347079463587 3.7676331320529237 3.5972960299109635 3.2824853030370784 1.800659104381499 1.3088325683290591 3.8096937905839985 3.6652623028235354 2.583070679162218 2.2688272838735863 3.85757094619929 3.8765908865369627 4.8117644865623035 2.311978047765911 2.764977133040343 1.832387059860947 1.4958834788769293 1.5717032225281145 2.858219266606812 1.2837458352047864 2.9173194744460895 3.663281711578764 1.1911168702532415 4.608835929952965 2.8052338487213673 3.2954077404746136 2.115271544290214 4.800870274183975 2.290587650019661 2.4385746279035447 3.4083305504879773 4.016272325950904 2.9807897758822888 3.7282963887325025 2.0229514104738193 4.516674451418533 2.7883115927463424 1.0525057194126886 3.925493028455891 3.0269563236648196 3.6255551733547886 4.7700995303702225 4.445089485215801 1.6079322850145732 2.2139894822574475 4.47628179067728 3.055879072613236 4.524220902346869 3.576041251834368 1.161690267466959 2.1055215777469316 4.4685493376974605 3.0598107219957265 3.0420113239172943 2.752551909134991 4.964067990227839 4.265264566542182 1.6456243934201633 1.8347461937929577 3.48639662505153 1.5408192502557232 3.5648095789972953 1.6917303211695534 3.3569413090086253 3.4540666713048416 2.990308698950219 2.3625602310325897 2.4478976554932967 3.776933596104268 3.447238557818589 1.8160528776944456 2.724485010607662 4.921746584572356 4.568621717374894
1.3373823265209221 4.5361554683207235 4.542992043817863 1.112961042287862 1.7852705046538055 1.4886187546983463 3.677000595429341 2.6587608973508483 4.815740000631354 1.018733079075012 305.1507955846533 1.0602260929048084 3.756711384672878 1.205392372043276 2.838795285097406 4.8471226077353435 2.0624707870967076 4.724971919268681 3.1377887630861623 3.8542131554534618 3.7482431834413252 4.528090818056602 3.356419368708424 2.962031924650341 2.746777859174993 2.070634822658892 3.885309911990933 3.1023176890600555 2.8140259893198265 1.1760866819349105 2.9460874227381093 3.1326781653716704 4.611850637136958 4.43753893358973 1.362242185124436 1.597960421245924 1.4851294357587475 3.252447349900136 1.340500593831036 3.3827487948429065 2.353042003921129 2.21405422824937 2.097502019972861 2.808280332787511 3.9184001521393346 3.6177398411358745 3.96952917503213 4.590242749021372 4.131910975303692 1.7145204345613996 1.401103786497285 1.613442553852535 3.4332924597772156 3.751665589574555 4.155391185876823 3.373645639619916 2.9711318631715247 4.774664107963083 2.867285841002295 1.750339993586556 1.8568183093522403 1.9944893828888888 2.8631957629122655 3.1947916089653985 1.9460728316532547 1.245184774331309 3.2061271819485264 4.697106147214369 2.746046702028609 1.6029604808010665 2.949132362023769 4.729580918644448 4.4588974374141985 4.016717897758231 4.433537205394286 4.1827811330087385 3.1824078447936275 1.90702675417849 3.828642282936925 4.647979930451557 4.641668334197972 2.1594524641386994 4.045504346399278 1.1464351894148566 3.939205005923033 4.586668124292421 1.8072088602574614 1.22025366793738 4.238603399414638 4.683260008509995 1.9553604921994885 1.0385393549899433 1.9622238415452617 1.8171376497167477 4.859870502042577 4.292082176823804 3.2342280351262485 3.3797570046939427 4.008628611197247 1.4772794646914145
3.696835055813936 4.304156763602121 4.019151163997273 1.0412403126196783 3.2210844112209966 4.44464374698398 2.525816736884728 4.774834129499217 4.769548929634017 4.790679161089651 4.481138603850006 296.5214106116422 3.3527968075496224 2.6397029664280582 1.544486616667153 1.7789869646593357 4.522254283399336 1.4964711112594666 1.7591556726600297 1.191097298610869 2.9589807698448394 4.414446451755261 3.0966332787450375 3.216974016286559 2.3009738640513935 1.5593777925980445 2.7694696634312086 4.456156858646766 1.3823276285950348 1.9697278795617694 1.3623491645950216 4.463821936042713 1.3211808023754226 1.9788534031033542 2.2902001867535575 4.168080865460709 3.480580114248131 1.1885658376377375 1.781941811688419 4.774567737069853 3.346748836987401 3.150187650726054 2.2687860155287365 1.0131331227090725 1.8638999169646717 3.549703139117782 3.743781436671543 2.117070988626248 4.065541125534754 3.9430448039874464 1.1756988912176531 2.5144110502086785 4.727597752342787 3.6765630017061994 2.3834714807301958 2.20967314320731 2.547417596687695 1.339345275066806 3.0931596580329153 2.4910243590578225 2.970180681875962 2.6097871984237604 1.7065997411731564 2.1339234205023 2.6239165849285455 2.10707541432385 1.4000199363313204 1.0000816343536254 3.3287168961832587 1.9242328291331772 3.516053551439005 2.629686658632888 3.0266242334206437 4.040697708811915 3.526799309671237 1.2455115862157524 3.5193191236252863 4.838847130931498 4.23038519512631 1.8994794685463203 3.3582960816751917 2.9632878206178863 4.032543354135499 1.1298207287285096 1.674306200068528 2.2257674988118032 3.7003729262694485 2.5293312430661006 3.554510446408978 4.2811963570442 4.573033451937464 4.129733901319383 4.117155122881716 1.3140329169359042 3.7314054336181814 2.1459765966497995 3.7494242527229806 4.910057364434468 3.407764167384478 2.5380199419372387
2.9494934749231745 3.9438300013796077 2.822238731777008 3.8885638351132514 3.263710917466373 4.570453086296473 4.751774664612869 1.5855648792667458 4.711566996630513 2.6111885110238675 3.2938792776559866 2.3709782698892576 302.71920025550276 1.495311537816363 4.626681503602086 4.212054577005379 4.248658713460246 2.2787115312011816 2.7340395885642685 2.0307474448679446 3.0367061100132955 1.2067637990167026 2.5029476318050623 1.8850343814674746 2.7769037814161805 2.4300350268307804 3.4029318892943308 1.7346517719485979 1.8271520508246963 1.908904117939631 4.549009241482237 2.1677435340731885 2.974620728986748 4.42049914327534 1.1652301975420296 4.497884016422422 2.7985707490311773 2.828467454745381 2.2867742565979006 1.5898632398470034 2.916587267104645 1.4798329713905396 4.075227292634127 4.004146351284344 1.9473462799959345 2.912871485378506 4.103850280767796 1.2911127461219034 1.765871844101658 1.5351436024827363 4.122891684549702 3.8629898186537033 3.045216037719905 3.502337846812125 1.9770777955277734 1.0776768511887957 1.6157588604344237 4.679142627312801 3.460661796064624 4.780344205249497 4.4927898703713325 2.041132411228868 3.741109375291945 3.4612432274071687 4.524823826790438 2.818985519522023 1.1228420821980833 4.895597367776677 1.9282595827614704 4.100863087440221 2.728513123819682 3.421416829837291 1.6980795135710869 4.679375148861876 4.211483244393941 2.292366986602182 4.229809989037036 4.556692843885088 1.6782677857111579 1.1000559422648344 2.700600169711275 1.0406633981902549 3.842325680900395 3.111554159159076 1.4626179923966247 2.1329519533830656 4.436895451310928 4.835414954099296 3.7634980949785977 4.659301669752766 4.485967681745203 1.1947420775914281 2.6485570284793787 4.5759634482522 2.195988663881801 3.479055168910737 1.1549329119336411 4.210479674885219 1.852714679990148 3.924295066267142
2.1812944491343322 3.85616293163886 2.6683681162023563 4.256423003698016 4.907672749597069 3.414543077618575 4.979660295227619 3.0290370091873795 3.4810690070912713 1.0898579331838936 1.692596810236752 2.0365726146427074 3.020284851365225 301.4448072303059 2.504143932286584 2.909189101680509 1.4731213846016549 1.963736983805708 1.5343867735854104 1.6893892911269286 1.8969470421459205 4.972306453372264 2.9517348694002217 4.403140105324167 1.1988180267421473 4.237320130778441 2.6246948246759056 3.671694529526581 2.3298821782076833 2.276842022910087 3.0590979195112014 1.01215480185604 3.6377426459813624 1.2042455384411035 2.7415617989922323 4.864092047844677 1.1890508810830007 3.1989919209084277 4.198736037695479 4.281955911702247 3.8212707942127344 4.890388513480014 2.552921455825806 4.607204740176478 4.888101244819508 1.6778845984177977 2.1058190897355864 2.2969426630836374 1.8732497992110764 1.6387303111665834 4.453536551560209 3.7742054858132827 3.6904898502333188 2.7930044705071686 3.728166386946028 1.8894290559231735 4.527062589103413 2.012912219436979 2.973009480376702 3.5397546254935115 1.2790495047103003 1.477884520184253 3.0222983505478473 3.9508727070269587 3.3538713915981413 3.8103430398954163 4.387159986863722 4.5257873079015525 3.461654442928365 2.1593658573905796 3.197947545710062 4.071846781285833 3.423109501323058 1.836658557945864 3.086959973019181 4.37797387894746 4.626550576407832 3.10681200950569 4.735869551561306 2.38713028014387 2.9296863761805705 4.962509641962642 4.562590737887444 1.3441609410871536 3.6744356409370984 2.786434328473314 3.887957300360608 1.265606369469022 4.189179244232382 1.851609657637324 1.7871087834488546 3.1424698714022625 1.9286481344749666 1.488029923599278 1.2671366965269786 4.331236579875428 3.222561322193997 1.6114144440773468 1.9076143083405181 4.326147126377002
1.312056718118042 4.841055109980436 1.3087670596542864 4.5509760454927335 3.9483777747747504 4.964983542701503 4.131324764796897 4.79258432009655 2.457879898042796 1.0573609450841435 2.0429799960578086 4.874147241843308 1.9544643899768763 3.043413176412783 290.8697133775109 4.507450178168564 1.818277146069856 2.281966343107476 4.251881301059356 3.036769702426717 4.384062062338339 3.620504417904377 4.98377727200671 2.5171819463629115 3.178660200992253 2.7836682037085616 3.9129259213889735 2.9469630079161466 3.9646534976598624 1.1176542202270676 1.9435058021108333 1.3638078303520755 2.5211732308894916 4.983092169745657 1.0408799563072648 3.8958757766900254 3.617092066216334 3.173962468859118 1.858669433737206 3.6863387459956383 4.892856186480928 2.1832872774679952 3.1711877127176322 2.423207763022361 4.308416248211569 3.4748648222875773 1.120923900126075 1.189322024685464 1.7331952081679676 2.618872668050884 4.478953320612231 4.3705931470095445 2.8899425777035783 1.6754718738326684 2.7715121159359652 4.725000307666255 3.6686979320528037 1.6875928426404228 2.0512799980254632 1.7497871650709227 1.2395542626764442 3.1821443374932956 1.9875367880521329 1.1900036792543056 1.587440450677052 1.3706564180870822 4.6467515116117895 3.9258616611134456 2.481525721034083 3.550536648304645 2.550273799674878 2.2011978173164093 3.3106338279241494 2.7875780474842737 1.5897019428658306 1.1232363710015925 2.7035272883898585 2.4549414116497097 3.0432164396655774 3.2130641140435956 3.2375852248967147 1.5646687183860108 2.709325296658754 2.4200228749518162 3.157025039305925 3.630442075817693 2.767830597342516 2.419393601969469 4.549346325964272 4.993064389870701 1.7657404288795466 2.1448673095651682 1.7345512119131477 4.918175119841774 2.2265598773824626 2.998362776104435 3.6804050807873985 4.529272704855887 2.3934994826619826 1.159649118941021
4.302873952347721 3.403946209143537 3.8113758447610055 3.5773527794325948 1.3253998185308387 3.3650692031406466 4.289818147890745 3.07310005939974 1.970095678002234 2.6656370633705793 2.2356017399968797 4.795782856336892 3.4047487529639273 4.246242287056021 4.88423840340774 303.18809851908424 4.502777870276087 2.238397169063857 1.2158774454757824 1.0531030304414086 3.649643927627515 1.1444082229504153 4.652422378789696 2.25933391882122 3.405751338067463 1.4876426404358027 2.577985002980037 3.785480587523712 3.1695430557783153 3.2670054813706635 1.9644595454849374 1.3540039707138964 2.1450480171475834 1.0909219255955063 4.83103283450009 3.97372109608586 4.646038686039481 1.9202138027562956 3.3612016072173434 4.686079033975389 4.488653978270831 4.884892707754195 3.0127324894352054 4.218579593698151 1.4884587740065123 4.062249040733978 3.156251363254901 2.7376233048634337 3.242385578106091 3.2384802471214194 3.1284905005814454 1.6740214518143306 2.773462542151221 2.7041262731911617 1.2898634167092102 3.8601365064548476 3.72175947794139 2.5461066177136997 2.441024387604266 2.228927440413135 4.193847626121137 1.4696672734785823 1.59833958093478 3.904668010911323 3.345426311607605 4.661663796443943 1.0364139797029668 2.530396571728052 4.921496831826464 4.682060725698378 2.49916125304855 1.2081019095983931 3.948581397654367 1.7688190734271871 4.7281711125853185 4.508516522871418 4.08406787112551 4.676273654991796 2.6831719378743433 1.0945897357792065 2.9566906986821104 1.833049608682587 2.8845667336077074 4.313566410540252 4.950619931406624 2.3171349294844585 1.3600153701375834 3.991366905967617 4.803246764223319 3.9414986399527656 3.726918480126878 4.192538762265054 1.1986005604834569 1.41212470612582 2.3440427441610945 1.3298325457826414 1.186043946539288 3.933228810938383 1.9180965705531197 2.037291911375745
3.941118847456877 2.3889954988343876 4.890556561273051 1.2516740045305492 1.0803172357176827 1.4076855797638204 1.500595174674348 4.931977689958989 1.3111392848267154 2.963423879250043 1.180533295244119 1.700272998229646 1.771110553161189 3.351701781598189 1.960372242776005 3.4294740957692453 288.84579963528694 1.773909869694748 1.1140440986330047 3.5938635942028085 1.90059029739376 2.1002160925955646 4.7342924828288115 3.057316867318136 2.8104978942542673 4.780834539803309 1.3007721005906032 3.982176272502433 2.759587572183063 4.3311784737097625 3.5796928384723974 1.6762443514163405 1.824069200721416 3.6297686092368875 2.3751503738823643 2.3228782627933477 3.3185807629600457 1.6565566061940111 4.2104675884449705 2.0648111616454012 2.3252135157240645 3.008540675999391 3.6040057415981397 3.813009103967455 3.8852414613670283 3.1681976263995573 2.754295367537586 2.782949979332183 4.672730522858341 1.122859471862145 1.9517237218696235 4.519664064122521 4.4955223569825185 3.6614838002081984 1.1397657739257339 4.274844706843869 4.080744481003799 4.866531022431801 3.546610036561166 3.5696764076453995 1.6391042747936155 2.7556394208163573 1.7086846545793075 2.8470528909638237 4.783000452343975 3.786551934919082 1.1907126900732097 3.8697843499509204 1.0541368048779587 3.870209800805035 2.442029569815507 2.899210777249996 2.521679665962073 4.7448984366322025 2.20715188580814 2.6508256272702906 3.239298379932721 1.4280680940810582 4.709239526704091 1.4793122551257136 1.6318198280306642 1.674166691022943 4.646276368194649 2.0633734975886324 3.626740600530768 1.914520468671642 1.4508855059491972 1.3411773971999685 3.1875789033205963 4.337945142175178 2.4992872883782984 3.551466403359259 1.9681087345132253 2.6136911115676065 1.2621397616344914 3.1361394937877667 4.393498730733048 4.887088762406655 3.6409552165624905 1.019820457865869
4.8969554966702 3.522009394615954 3.7387558578912867 2.221832579681511 3.4936210627191255 1.6005270648058993 2.598644061007524 1.8748236362649182 3.6996214953229107 3.1305235360423933 1.00702450692022 1.0988927822424217 1.5365245868480382 3.9827352075890308 4.908050402233303 1.9202302079108238 2.596254169472538 302.32727484651093 1.6391670182880347 1.6005908695815148 3.0637100539397424 2.5296884518088856 4.725521801323557 1.7840292564706322 2.6565943120845055 3.602584841997189 4.613859853063446 1.1162061839963773 3.5788335433469802 4.475064364886396 2.8805136145816705 3.564846160856728 1.3807607042714989 2.1301230345387974 3.0452416819290233 1.0257580052587953 2.188306472857595 4.410218987521791 4.7537373239019995 4.128234988987421 1.5853586560934159 2.589826368549553 3.782718623335705 2.445697075678733 3.969408957780629 2.9275194729332337 4.17688147900229 4.584702030226871 2.305957113261373 1.5296687676181242 1.3690066700168981 4.828938848777017 2.8475228635163146 1.8906307228784183 1.497751925503143 3.795869869323257 1.312748489938421 3.0144427651246763 1.9745022870971307 4.26505320472833 2.15716213786697 3.361032047490699 2.135566912392567 4.865474282125935 3.6934668943925693 4.343478036970614 1.8140330641421265 2.779490821879859 4.539627230394771 3.169302557019575 4.586895096728131 2.1167031137769303 2.243240260774825 4.073315287826139 2.183956480382219 3.3366614381469515 1.5554516050113105 1.0590819042674564 4.2902257192545035 2.209295474918687 2.763967583586117 1.4743381317572655 1.752485576837553 4.5504167258771755 2.9744783358791804 4.8394903253493355 4.357195082683834 3.8086542780791715 2.490252355229305 3.346200216648105 3.40468238689017 1.928657920769282 3.8121702329782896 2.0177038787657575 2.648009822580163 2.849969859319206 3.385657004004143 2.5773014741646967 4.91925009928717 3.0621282225446764
4.088794553307337 1.9758018634632628 4.952060949128972 4.635774782420806 3.5411343049440753 4.539528794921855 2.5861202215526786 4.091354333729541 4.542476087810303 3.0891675066529833 3.063283704014729 3.8946379868185352 4.313054802001286 3.5832777693537166 2.590671323282961 3.743465394638262 3.3551664551677653 4.861468281437323 317.4708440740242 4.490801037632759 4.972653962109241 2.559280056093352 3.7975692930140377 3.6949110006684776 1.9695796670296284 3.476492700563129 1.020598944952038 4.795543093204813 4.547129576679045 3.1251057775646665 4.559170356219358 4.503470668571583 2.2943980232095686 3.669907913755654 2.616405204289391 3.624771813743765 3.9869118905500356 3.7303231439704247 1.1283760910494096 2.5504692019554054 2.720666302903453 3.524749427016954 1.5926731621843757 1.0397072640436082 4.25251639406412 3.8514903344275404 2.6430468758354313 1.248000472873494 1.0001090765710345 4.150182433868829 1.294282336564891 3.9938389532313545 3.7161063365859444 2.657422833998539 1.0998290202514918 2.114247541645041 3.440279745578153 1.5832748287660263 1.6938233392053514 4.365347529706046 3.16207085631599 3.078012873889525 1.310537836974 3.1606881207906357 4.377537585262674 3.115490071073465 3.9599814876409716 1.410082719011824 1.7169082990134217 2.039762201880288 4.137753843232005 3.5006897821409604 2.8165686424889786 3.285204582998171 1.10214556931858 2.8545695626808767 3.846213299027114 3.276196211579163 2.4917876928268976 2.253537016287408 2.9754786852520794 3.7126966549040894 4.415377531343625 2.5550220401037564 3.635015618030625 1.119892632725212 3.6048295835720543 3.5745242701883333 3.1691137712043855 1.1659202445330332 3.4997841081438303 4.476138899973165 1.9091506959500815 2.7285212584994136 4.104178306148048 4.2322584379661485 1.5984241562780763 3.740889107385951 3.131457673106985 4.754583259532343
3.3399354781318955 3.095864735793722 4.643207377187029 1.7791282219538775 3.2071145901569045 2.0259702201129257 1.8007744333180398 2.5346838247615606 1.0917549331795087 3.714755334596501 1.548005385148231 1.2712954343236609 1.5553562111866945 4.7240119545366355 2.2845415922331016 2.5469248314571895 2.8333704135434643 4.636270393708016 1.3458398965475675 309.52576725736833 2.1982504039525974 2.1721974268232147 3.583037713272642 2.313775207013868 4.301425431525889 3.958442005800976 1.0397151472076058 1.1213432326939343 1.7068967711186604 1.0902319306955954 1.9936953117662117 3.777864685553631 4.08862016678264 4.989330815695073 2.3512274096700576 2.8121946939396003 1.5660416002572766 3.856067902377607 1.3844619188108638 1.6512962026515208 4.9638687342180035 3.775035259056439 1.8711666120659203 2.0369713101094233 1.3902518075141588 4.758326759728522 4.693659002714861 1.7313055086839833 3.5081195790174378 4.671247985069674 3.0128768888983495 4.1015125569883235 4.864757096813813 2.0923534688032555 2.3075678450226174 4.6974911053115616 3.2908581572769067 2.5444006506690537 4.065610618753946 3.5748493592911146 3.5277438389614293 4.454480870978038 4.521761901898933 1.4272043056899109 4.5822603469641 3.473997029517941 4.54243564026668 2.886073976054077 4.236105785661979 2.0498657934228293 3.5565429868879606 4.539263103210342 4.859171056429542 3.041237815524094 3.449732008713424 2.576698637941357 4.565660214489343 4.619242216313715 1.5858894238901695 4.824569662813337 2.912593261249037 1.0461304794131503 2.7809562809882755 2.506042255455175 3.7359974589927063 3.848364034314887 2.437262186625803 3.6392601704481726 4.628754225183606 1.333281078145264 1.5577268148841772 4.719280142331465 4.983232666060264 4.806348060350125 2.8599058448699135 4.644474973117243 3.7116950212737647 1.47588684048611 3.3076701811038847 3.335636809651657
4.9513633667102255 3.9061611875288134 1.7721276545065123 1.0636983458881661 2.8216591599741125 1.1967617128723957 2.3913976380546673 2.8909444361287626 4.095128548857648 2.631542124972146 1.278615894804989 3.584904906500992 3.1099732877693476 1.8310450508548168 4.778115801016589 2.632001894458691 3.401371728496292 1.404683278274943 2.4754806822668365 3.8611504137967994 303.7258310955566 4.8662323663406255 2.123553340582477 1.8534160118547178 4.813067419021641 4.295593714538452 3.2395286806085313 4.591696089755416 1.3686719452187561 3.3253282951613152 2.4609568852798556 2.202693396227858 2.9119223055470886 2.2599425634221237 2.219835851965317 1.3050037187079035 3.7402914289941447 4.018518105923862 2.7545208198970164 4.445734246546864 3.017263339842834 4.167359957954128 1.9385688390707156 1.100874610680537 3.3331503515354832 4.7571677738131966 1.3249281844083018 4.363918533970082 4.776576937197158 3.821726239072569 1.1132225902373287 3.9465683410239407 1.4838295090663123 1.706678666086431 4.933555224831749 1.6471860480311662 1.7854306321780982 3.068359794916984 4.27805142521121 4.340063969418299 1.3423113629509857 3.513732999684057 2.1063386896949297 4.237835935248097 3.0803609097460383 3.555149778985148 2.7231796809397006 2.960047393181114 3.54435664886036 1.1499527691840328 4.947025293915214 4.852911239379915 3.7376391339532153 4.662248847569074 3.5859649965610956 3.204077497391261 3.053859929384268 1.4510823010699885 4.349203016956334 2.5448401931767437 2.7668637241903125 1.1595183276431302 1.23068174631941 3.2925817738919716 4.310463668105646 2.3304853612288894 3.227956830147895 4.301963841862666 2.0541204479667576 2.9720519770829124 4.663146387290321 4.044665333889347 1.6626663632823626 2.0388658487427564 4.28168722222767 2.7369550931136444 4.201367772390847 3.9590333960568937 3.1476442155883553 1.5011008786608642
1.6717555535387087 1.93155372866371 3.443624957714142 3.138240050870843 2.060144829422439 4.813932976650394 1.5736731428319297 2.7827352765316444 4.73051930009503 3.333496259397735 1.5997090464797785 3.3030111064488157 2.638796257871937 1.9311581506856066 3.1556628468866053 1.455552223879324 2.1164086125981485 1.3885886213552756 2.655195137044696 3.9914138945633004 3.2581695003720084 304.2467262947911 4.587960098210477 4.115612222442166 1.0362594895470245 4.706709181058191 3.388831855272342 4.460268750921051 1.5025055420404065 3.2686932343023676 4.533096220871531 1.4491408456215233 4.1801084076453225 3.7365889024892636 3.972564086104239 3.3354151499063893 1.2262981057257276 4.398296034656532 4.920583728996306 2.916906270501429 2.899562532373673 3.8470735938485925 4.603662777831189 2.1076529164843003 3.0281125326303737 3.6371498018548434 1.1237184353850709 2.523547726459914 3.8554431475150315 1.8212582679563267 1.039315151803958 1.050940368156526 2.1597494113345186 4.691660570115742 1.7298292317657067 1.0516264666217037 2.520393690248527 1.6032915229919293 4.360828475093109 4.633072243919188 4.273271811956882 1.2864968612753227 4.2165187090703675 1.8746513009270345 3.800023100269042 2.724225131627011 2.0109285538185935 4.149423599077025 1.8117351581643053 3.929538520929268 3.623173846414573 3.001971335073015 3.812893847714227 3.8545966302743766 4.088776677463751 3.8867866306609486 2.4922374840784447 3.1916898639466122 2.7473469265939436 3.774074695483831 1.0271223497883732 2.041282462429688 2.7832029352757788 2.6606541232947483 4.298222592886508 2.3996444995349027 3.9942852738310637 2.3693536724660373 1.996788400223557 4.8883197307472654 3.95928911130942 1.028662904435779 4.707643396099378 4.150881053167778 3.5338850360442793 4.92059309751108 4.084791161304148 2.9443430571539744 1.707901422956985 4.932109840950359
1.141481827492024 4.240061111505332 4.36359806546565 3.6695572834536843 3.1758019937397717 4.412044255118257 2.514421021530292 3.2146587363982864 2.0113494371237923 1.2733583723459496 3.1453505061700064 3.6188413306396723 4.354979711165248 4.558417435528435 3.748062226866207 3.6534723879266897 2.3723285753083507 4.391055421211697 2.776761611517287 4.424653982868754 1.3739852572790374 3.3041752501576616 306.00886306856614 4.886611131836052 2.9092207692315393 2.747564019092068 3.901067439509944 1.7730511738968495 1.6601469517959173 3.3021862363317354 4.669429461143275 4.3849982490342825 1.2333712391409257 2.74426734376639 1.4697813406683538 1.7381441828787496 3.4141864569472617 3.0821603228788055 1.0608064397114547 3.3946829152033935 3.2096281063876213 2.0611333239603016 4.717217497825519 1.8514520756520305 2.022596591902283 1.2773834789422711 3.6601638742539517 4.712156678621353 3.0860612514089945 4.423756011730454 3.2164955167453915 3.7346965350937564 4.0000198031921865 1.3816347730726277 1.01834564740177 2.5060383316710033 1.9815687602203655 4.402602210960412 4.5789952098579825 3.4137377478905 4.7614194182252625 3.7821294967164314 2.0196550672100937 4.246364508944533 3.014634670177322 3.288373413411835 3.242000149511494 3.628735293775488 2.6753860089515857 1.1472955963408573 1.5710458679299837 4.052968798151713 4.0207704919638525 2.4241972206204214 3.1356175345679094 2.1272424388015585 2.2144886183624526 1.2673784406699022 4.563468620526944 4.100557824378104 1.6858659761085053 3.120526332302973 1.8425751131743082 2.383406510329309 1.1223899102286685 2.12559320773107 3.4438639482728086 1.316346714562385 2.9418104802100795 1.8167101534181689 2.6146060669795546 4.128027111089154 2.833287948208098 2.9807933887100924 4.652659986075995 4.967998465552512 1.9852925700386703 4.52941284668389 3.752921761249905 4.761999896063687
1.242897628844363 3.1227506134213194 2.362851610432966 1.8248414118815983 4.333729787910731 1.7639351425690912 2.0069105330375185 2.0223822488865237 3.487189741284487 4.333241797691549 4.829978671504344 3.152583576331031 4.448576721820132 3.132280214288389 3.109890054823332 3.603670201976748 4.705139988589376 2.088056871123151 2.4516792628783315 1.8643875423462006 1.3766489155526789 2.1447824843476546 1.4579244005051009 297.3832989862861 2.811006492296152 4.658699558315338 4.801943897236741 4.747783102499044 1.714895419370984 2.465982828944845 3.0624035483179113 4.997247117365514 1.2843477228099327 4.099530107447105 1.9693967798135406 4.756090944271293 1.0223201842296032 3.1207333134620385 2.6183856000130583 1.0982522858328672 1.9023299726771201 3.8452091487566635 4.32646088496519 3.2588323177705067 1.3872775158963373 3.5241624187251057 4.498301074238215 4.150648098603726 1.9400528890062878 3.065913185510587 4.5497440180671225 1.1970183581832177 2.6593497012347034 3.8344031373691654 3.1390420886720642 3.192682012064256 1.4104669380621369 3.0954115603941337 3.415393349150293 2.479188197748086 4.357198793434959 3.8433068616201727 4.709242418570135 2.2168122418056675 4.89684182470892 2.50664895591577 3.1143596713458193 4.05586103714429 3.3937038286404477 2.434894941814941 1.2056542495416154 2.7759472073587608 1.4979981595897174 1.0392394669559057 3.6825982903639587 4.696940352906113 2.4247270650477244 3.1868924209026295 3.662766185407042 3.024412146747102 2.7532777906521284 3.4188937838009092 3.576526487974014 1.3086769574766355 2.951376104152652 1.4477360168624047 1.8153441954759173 4.9914690990823365 3.2172332701614055 1.28472009835225 3.4487839485707235 3.5864415380277497 2.1696632842853023 3.702838666413118 3.8329294254764683 1.302650636716391 3.9717872542012485 2.9137774949030617 1.6777068595402356 3.3835912133960506
3.1128765105718537 1.613856214081045 1.975014938574203 1.321258031387496 2.7096498724478133 3.1111468239740296 3.6409427625564152 4.450958618693059 1.9361302348007494 4.150976025210381 2.012329739475916 3.0227235258360485 4.846022009088461 4.810273249663332 2.4825981438227003 2.0413066569353258 2.097678697126756 1.121804533076388 2.490065158010964 4.449946007522527 1.8030270138357012 2.473259468252549 4.2461430000273825 2.2414182015464372 304.6569203787747 4.495213970926592 1.8262712562236607 2.171842825056863 1.5598862944021303 4.090826749465139 2.6042175582169174 1.9287479192193975 2.7338652675171224 4.332538130034379 1.537102382736299 4.26726511011242 4.543844371095375 4.118136756177014 1.3400601545420283 3.106687068188076 2.4365341567123133 3.117512629195178 2.0533302903890664 4.405617781204201 3.6022523055731845 3.7565342859424535 3.808963522912218 4.191470862653519 1.889105516350822 3.483972754775477 3.3060256727720896 1.7150371639728972 2.5749169583094687 4.274263025652044 1.760184288252789 2.5803581001851548 1.3171883704843048 2.3102169897947187 1.0044662588325641 4.715881844522993 3.177710547039165 3.5725275626047948 1.9538103221994336 1.6193518801178683 1.629346338014488 2.7115234889596995 3.7727706894017654 3.684223972558519 3.3828303145647918 2.3919795268290223 3.048525535428497 4.696104806935146 3.2142125692484287 4.168329753965292 1.5154274926927993 4.796016607453057 1.0253429595104286 3.5983088962689274 4.137128906009101 3.811517187865376 3.7186798746954963 1.3852778442674762 4.6064289796638604 4.417107309741066 1.7767530201728254 2.939271804898414 1.5065706620059336 3.9456747441823268 3.0452505700400185 2.6798470607110967 4.270787950877979 4.881574924214682 3.8744447824416834 3.8765176576189853 3.736693438942006 1.2729424944627552 3.265141838269497 2.981468444272118 2.4004049639589544 3.6924462492606454
1.1052775372736479 2.9657326489050515 1.0307315864278537 2.4560503337652175 1.365480902898514 4.08690702736593 3.630967559964816 3.1077161304170113 1.8254548572147882 4.69942124841413 2.6991976912783433 2.232930441110615 2.7964859683427394 4.4046328771558105 2.421970072917977 4.169603636736257 1.0015092055372592 1.591434772129512 4.552827521502719 3.1632907752073214 4.336564958542954 3.4455639509937375 4.225173651808444 3.833239788361758 2.828321819984902 307.7699881486231 2.2691921909390564 3.347629272950686 2.6703258302835717 2.266424004465241 3.1666761040961364 4.977390875539333 3.118499807283749 1.9565301813625076 3.043594093699103 1.1971017083958309 4.046927734199842 4.538680968535985 1.9527096262426906 2.100717029840722 2.511450584807736 1.947007385615572 2.2036518984252913 1.8873678593915044 1.5039293428519667 3.4821124878689895 2.6549093287419754 1.9704092281282395 4.373314267108995 4.988839065130595 2.8210546149887077 4.0990666489344765 1.5986398861320255 2.386277654055938 3.6169642778663857 2.7592009030037126 3.6843719799130494 4.445776046101867 4.170753160403727 1.9744793162131304 3.245683474315663 3.2668698590509133 1.99258721543471 1.3928670526663858 4.708319200527202 1.6399806651436961 1.28750436822255 4.543809487281501 3.6284904055708993 3.683706065544325 1.8016629482174977 2.456725630266314 1.1222983576950458 4.151220773307232 4.457533492686574 3.8457143608366273 1.656911370509785 2.0278902594792227 1.0796679072851325 3.3736977690369456 3.120625095036356 1.6900192918545582 3.4204222101108215 2.9895468099610647 4.6647931897765345 2.0655278927384564 1.856890262560202 1.7434903033392573 2.874784329152715 4.367350112938956 4.401710736127741 4.979191979222336 4.932912470158437 3.762523334557123 1.2821831381989082 4.519080572763148 3.7597724853286194 3.8182526787928404 4.494664293397877 4.199857853817271
3.112679469593304 4.462003983604904 1.2636390008336718 4.128349604053101 3.559015198711129 2.293501724583498 4.748642392597061 3.5879170478015747 2.9312104915093085 1.2104182107373145 1.5212046731069462 2.163129705372927 3.6144268167569242 4.726585177950534 3.675873843172979 1.5260844770756328 2.111502319056446 4.412785903782294 1.976591347295717 1.839022671355366 3.1927183600127433 4.023763944238029 3.924699936785688 1.9650564394405126 3.745058921408918 2.0776959237418655 290.01428144468684 2.8805987866680276 2.6517486835058337 2.1721402166508668 1.8648222507175554 4.288984661065211 2.191002844156605 1.974746281524682 2.9963804033604573 1.387689694529119 3.1177912231309537 3.2744168566221767 4.927671161737526 2.7023181608907465 4.573400304022563 4.838990491513429 3.0328803032604386 3.2421249185351844 1.178096948873654 1.1833734495092028 2.029378239373852 3.6206915491992073 3.453892029089824 4.994176265122961 1.6293269747954215 1.0577041137795118 1.1300742697970207 2.198692529889159 3.5884058145439313 1.9368339079744272 4.2668293760837 1.4980127541724655 2.446412994018103 2.33757048207649 2.1889281511558827 2.330240838421354 3.0094704139722306 3.8636013681848524 4.541368999927209 1.6465999374445799 1.2031936913985897 4.445285833313589 4.294327814412167 1.1098745293431884 2.7564255111636187 4.325888814836054 4.110995241571501 3.2241397258553537 2.0027926364733095 3.967477488199969 4.13764913165744 1.6972532765588824 2.088478525431613 2.0010313925489536 3.2684794105762975 3.295596083185585 2.7743154040442106 1.9704168764829517 1.9491896896385281 2.4444097249295504 2.237647334565749 3.334407100892156 3.2866602469082236 4.791409082565991 1.2594859929603164 1.6307081938983843 1.9479451438927242 2.6831910631893776 1.2043247635970005 4.5761936057779735 2.6857129339542416 3.511831298411178 2.522896566617416 3.9427183638592105
3.637025625489468 1.579638965848639 4.539538221032674 1.541177532822446 1.4156580377408954 3.528574183576726 3.3418918583904595 4.721919722341877 2.349109407667946 2.5061749593847504 2.634283658632348 1.1798679068885622 3.695812422973665 4.268825573617835 1.2013952414249696 3.7096080834235305 1.895104823806201 1.8155026469305957 4.402004883675563 4.757306668054241 1.613043581730762 4.682509760838384 1.2456200093580376 2.94491152540143 4.0579500116993374 2.9145628626489555 1.6523198824315624 288.90747474073487 4.6890222178316066 3.19694109926503 2.873194846438121 4.890918863353623 4.142251644063855 2.5886298212637513 4.909356608126892 1.2400688093639696 1.0513536082509525 3.00475040591269 3.08154824669558 2.918075107151195 1.5582646072281086 3.328679581433252 1.902993784098563 3.2694633357358187 1.1705795566445492 2.77460723837761 3.1076974008241263 4.464085697647751 1.1655306559783178 1.7449645620221421 2.6428048501939694 4.804387280330399 4.642688632902493 4.084844982721803 1.8685626994637698 1.5069258679787265 2.0109265047579483 3.763969191940682 2.323757112965282 1.3566338246073886 1.3960965493540218 3.61267672583074 4.046057067094874 1.8914151497297063 4.8244587036299365 3.8833331619372964 4.216912607790745 4.018922708361772 3.2154956778501136 1.0308038565066346 2.0280941307376357 3.478554491819586 3.9083539795225897 4.282905935553394 2.5705763445077716 2.348147368333136 3.2201209088711362 1.4437587203374402 4.378936559479655 1.4019497100875027 1.99264993884607 2.8750004659009845 1.2734488437997258 1.916760617707435 2.5389583970730816 3.5525085139895314 2.5876313245739557 3.4495503311615914 1.6305317312397456 3.5741994693856447 2.480659952078756 2.6294062571055536 2.03123482707956 4.717108813418774 1.4056654468640564 1.1978803417729988 1.0473986509345088 4.143901433346962 4.553962018256655 3.2514462010917233
3.5896122493637175 4.237477412550486 1.9552663049998986 4.140897931844901 2.561470945194021 1.285398825528064 4.63569508859827 2.5623145263762415 4.6796907862841435 1.247133039186207 3.0821876139961435 2.4406789169318586 1.1555374846886486 2.186795517467769 3.8660025580064974 1.8029933117633368 3.018091568384486 2.6091767996193123 3.720092069490848 1.2504254647036732 2.8688534539007833 4.441858962306448 4.855506944177293 4.760270046730466 2.516795036358666 4.690417706263013 2.0432502264790373 1.824129500259807 304.12086321622945 1.7559911421957386 3.4762759864625887 3.0495366006523144 2.363327354195902 1.9985150978063277 3.3370041336763894 4.440851311677466 3.7403481983271525 3.2296300299166245 1.455345620855188 1.4102736908908842 4.70131126915077 4.0802930417233725 4.306995369060056 3.9815014973473253 2.885212657264451 4.4835799734526605 2.314746391025855 4.862442910640733 2.6785276697595526 1.8457917083664865 3.7061150836721177 4.665845113200964 2.735227710282631 4.766560059270059 3.6947260421205543 4.533691749105568 3.8736541754638765 1.5991369929283716 2.4662314811400323 2.2781608743097066 3.8056665798777267 1.0579062564877182 4.693454573286086 4.651616687835617 1.381655002011859 2.5988125953895294 4.090909843218392 3.8646590797748237 3.7427023151004657 3.1716725602381293 2.4987483375337414 1.4108422826803757 1.080632222234914 2.2930319883687393 1.1041450227740093 3.377855941251098 4.470712402388028 1.8650989886859457 4.324412215261158 1.3856753445433925 3.376587438747384 2.1817634700966706 1.208186413950691 1.2956601927785418 1.1524622820002812 2.332235954952809 3.5793851643571166 4.58402590563468 4.925597517000085 3.9711311946180725 1.8589086460266744 3.558175950151508 1.674800855405167 4.09821270832735 2.14963328500291 1.2517822922354966 1.1036621176336499 4.035179101477178 2.05383725186968 2.6316764126059256
3.9413120162891966 2.6764525500481753 4.12523192871112 3.6949555514100823 3.7896303894315277 1.2229034733605313 4.54797306438199 1.716091749726559 3.158154031970446 1.7800437412344552 4.361738297349325 2.5071960277737073 4.664394964302194 2.4558224421177886 1.6044096371451153 4.357895039283039 2.1681521681519613 3.846046318055904 2.3255915531989224 4.460849757162498 3.914123318965926 3.4402434561667707 2.9811768034547423 2.8314696927061367 1.7910555568582835 4.900873983637082 2.4121473349505447 1.3726693590958865 3.7736599328118543 289.05013356017884 2.8463295898759817 3.551441367963145 2.255455038743952 3.802329063569929 2.6239743046046367 4.796443518319928 2.6154111313710096 1.7339956514149857 1.5803281718068725 1.2933985348593406 4.583562145604264 2.3062417919195064 3.2139866331959173 3.0506057730326357 4.690371124382613 3.636065020825358 3.1110722633545422 1.5373016445960075 1.5536568647127815 2.1764501755767416 1.3488997475796314 4.603827025308796 1.1806394338837345 3.243665799503227 2.3480185557473385 1.0203661118262821 1.5373072692711078 1.449909842614284 4.216270745536555 1.867851298570466 1.6827703815306911 2.6430773621333543 3.71811099678605 2.740467140626241 2.0518694398602966 3.350960950830855 2.64306746043307 2.4102692981151055 2.1685649303840524 2.261182777733664 1.2713203300282112 2.5374844145879623 3.6843237410269785 1.8354929404376197 2.9815418011897323 4.007331790767824 2.3386427638602494 3.47340525604242 4.810495042483394 1.0014188817952019 1.1691390160896273 2.540648810129003 2.1313880632416513 4.701546208161645 3.355020862346169 4.799613612239494 3.644572411037985 4.831202201841764 3.475826292397615 4.818326104373267 1.1387451601358767 3.204513317953833 2.9788024315316872 1.9689096300684463 4.703067642004166 2.7766586551700625 2.354969601066075 2.2613313735686487 2.8424492576483185 2.774946856041056
4.001250004086373 1.1527186943849639 3.240223817559366 4.011172890837614 1.1894993796942037 3.0593579321387456 3.017958507727557 3.422875826666722 4.892675674387246 2.2827489755139645 2.004271800325473 4.694332698691686 2.280967340437844 2.2384444150255836 2.74527107197081 4.781368170094116 1.6812191833063923 2.332157328213781 1.8121235746569444 1.319150890257657 3.386339486585929 4.79665990806423 4.238943252169826 2.446738332053776 2.6275650212755672 3.621866510511563 2.690417095000276 4.5332400639284405 1.702986914770079 4.529459322008685 296.029156258179 2.9697139306133553 1.3151592495018396 3.369138540967327 3.3915908205509067 2.5221844042892325 1.727536685140012 2.2123144442134666 2.1556241432898604 3.8518205269798744 3.6834352117184785 1.8086176570467645 1.1142468581717697 2.131374573641531 3.176638415387784 4.515934119148753 4.48776333720021 4.762234370981002 4.804200435212702 4.3256407968549215 4.4193741634703905 4.6753848935477205 2.0641410194875176 2.881065863716533 1.9647951755290118 2.446127413415215 1.6078026958829232 2.2013763626334213 2.3342774385869824 2.802049783408461 4.94753299914659 3.220905350105471 2.8442185020501665 4.048067554902815 4.008545815857312 3.858560976780038 4.441585047626102 3.4687073032328786 3.1506667672440387 3.8834101618976056 1.0632364264149028 1.6141268975365648 1.1952709138825428 1.1286464752964185 3.4834911037485545 1.4288107984448026 2.719898431997607 1.5675909622836683 3.13558051709638 3.0525162638959764 4.107924726605427 1.8614059594685521 2.6415695381790645 1.878246511520214 2.3944874313327835 3.390951096158298 1.1665036982552341 2.297220263097142 3.323026929838416 1.9764070544161574 2.3774075595575503 3.6203401279543663 2.9044750927585095 4.107278621688824 4.854165607961072 4.854773506457166 1.9486819497543264 2.9076106718976593 2.398077570505924 3.639825347448778
4.685736100426979 3.397937837557292 3.69456033440281 3.373188240424461 2.4774637822631074 3.1955334707469647 4.135476989333334 2.439953051185202 3.701074728984681 4.349206515379458 2.097071376539619 3.31581812842462 2.154369824376474 4.89459573819059 3.8490297470903494 1.313550241163227 2.999074242225887 4.180839040949975 1.9361982684503172 2.9263749307294438 2.1664207856275413 4.830926811589956 2.0099005688715335 1.413946616951065 2.918046354431546 3.7655390526788857 1.5619255277608133 4.307396263237391 2.751281793637753 2.3882919253105928 3.895509655417498 314.0881316607667 4.1517942841741196 2.198392354402964 2.8379598899692122 4.270723534023014 2.0802309027159747 3.6599463255126152 3.065498491092471 1.8915508283508924 3.2720821815775847 4.464989608006668 2.962874070365213 1.5461287090693991 3.060579590793592 2.509408216428719 4.304105289302164 3.828596452946938 1.22985307712633 4.829389733888476 4.695681960848296 4.654810509954672 2.3914402457852595 2.8338575223178935 1.1655845990772562 1.1679161723229803 4.538843013695875 2.1694057458307823 3.882146576225858 1.1426577891400638 2.4234816369553713 4.424793808554311 3.7865134951448876 1.6524408277671117 1.4283408455806423 4.7476263433316035 2.3829905755119736 3.1440767877002216 1.1089804050506986 1.622793855380587 2.9569489669577727 3.0248270124033145 1.4306566323909995 4.2971698088141705 4.117874568780865 2.906510076217121 2.4597190381479948 4.32229124688161 4.302089969204264 3.4155600054892763 3.1301142358762157 1.7004151885209713 4.139080630880025 3.970343316364078 3.666652532735465 2.7824970359108083 1.967822505557724 3.7510148332435427 3.6343384460041626 4.088623958725506 3.6945820530605795 2.8114475252097413 2.706558149007839 4.012354434083326 4.740252761092277 1.6145470504475683 3.0791166251760043 1.2865499610074131 2.6092774170695585 4.510441759761665
4.361107479417569 2.880744531530427 4.660429015838703 3.4327389914320334 2.204216522406084 1.2051916345437186 2.099949141916332 1.1860852558220296 1.711583561125646 2.376887274274063 1.3069166051131504 3.0414868496025034 1.480041988363678 3.770953924526992 4.328552018055815 3.1210688507900426 2.3089319223668676 4.061936748294356 2.026470235110503 2.6709065775521026 2.1442172682923855 1.03991864020534 2.6168258001359197 2.2744932170439043 2.2688879777299475 1.8381292177657529 2.4981426588017714 3.673661403303163 3.8469960723627774 4.620145932555621 4.420993690453409 4.919023812049786 286.4273000543316 2.8316696536446866 1.4405351173080652 2.5101646460681106 1.2493031228506903 4.022575771633616 1.2739721109947153 4.5837716255530765 3.015048173206339 4.513512540555078 4.150396765969488 1.623508061683197 1.5118286770926601 4.594022337120199 1.1552660138741309 3.050538945187511 1.8893706997632806 1.1989096216121777 3.806005635571524 1.0751368730659325 1.5439332788750022 2.1081292570354546 1.443055911020441 2.325072471986179 4.587887620172065 2.64836203353524 4.226702207177114 4.189092139243856 2.097154228282148 4.545483022118356 4.455611206519435 1.2500936432019283 4.048002253327551 1.232225752943461 2.24570709204804 1.7241622457920514 4.791265158122696 1.5137095002652163 4.010304575857656 1.4594633391669207 4.3046545093894135 4.5014601277283335 4.045821625395728 2.7772962096764733 1.6914950269473703 1.4844438377936244 2.2077871690726862 4.936337501393059 2.732572021377305 3.7585037046975946 1.3356275187690252 3.1180156606310283 1.11628154738248 3.5866027348425917 3.0497233245520983 1.698633417971065 1.8145057940426699 2.419584677295631 3.4866134670122473 2.9433129153470756 1.5174127732511042 4.426968860935542 1.2320829382132925 4.66875662354058 2.1273764724877173 4.247696192449796 3.6350084211954865 2.0430970038026475
2.278875548465459 4.617412361547739 4.496025613083278 4.525926044456428 2.8545003405053055 3.4287596105229783 3.0471133898909035 3.9830538604451213 2.659607019526939 3.009153761090639 4.014068580768985 2.6850579696012553 3.3878096818747827 3.306172551974019 2.0754760056085435 1.4341777826933502 1.819665291321197 1.1109778116358666 3.549355594876726 3.332453903316381 1.1153988113796092 1.7484152049409394 4.804797791277197 4.420158259193633 4.186264971247773 3.4616450374258503 4.104660802011508 3.3590289927258357 2.620710155044449 4.3267219155881165 1.2332312866972965 2.4907835574185797 2.4799907647259127 303.7595152519515 4.420804304711149 1.8176801465415613 3.984785883557333 4.775157192409727 4.904149986257983 2.3049594115063314 1.0555410886142411 2.4687924568325403 1.6951479499032542 4.536986202255083 1.1229387358505596 1.030455138585784 4.934861503021858 3.893376510179134 4.58113957203563 1.267381380755821 3.1876507427752663 1.2505730712977896 3.187523152565177 2.706546754150056 2.729256590393351 3.550483335965193 3.5284560768149276 2.948111353931748 3.753024229673655 3.4878538421169445 2.1078662704981705 3.115236551979596 4.270154413750129 1.353281779567867 3.013999639798175 4.061340721418306 2.976658295902803 4.592234352209381 3.281936335435885 1.721928245717324 3.5428368633118357 3.8902633887557845 3.5809948624159937 4.243564431290001 2.461350636946195 1.5383478632751992 4.023354631766335 4.570585647066699 3.995415620776838 3.170084418148222 4.002815617487301 2.570918747987612 1.0063474078073367 1.1785106237758947 1.89275253127937 1.5102726857239697 2.1269032444200864 4.087009302056353 4.708399864125235 3.351093174131933 2.398928497290998 3.9968212418687763 2.2085267009779397 3.5032412638335066 1.095937669788849 2.7839098013853594 1.2111864260757632 4.698231096049515 3.937838781287635 2.104592281771899
1.267854044095451 2.636625841366485 4.2312212636545246 4.299503037149646 1.705115426638288 1.9694830458408124 3.5088844558521317 4.390839709359399 1.6645211074471136 4.531527908238354 1.8785655540227166 4.958268897611967 3.0966638168407536 1.2976112609111716 3.859600142075545 1.1307241955865264 4.801758903018479 3.779758331153312 2.777763017137083 2.342290054693154 4.4837719625696515 3.486239717126195 1.1449937725624708 1.5843978582330531 3.660360513591787 2.649727782944785 1.5255983674552231 2.0354813962462734 4.880493171064463 1.592045108654439 4.0874223554140965 3.191423640759855 3.099377494870631 2.1523085038497296 289.58029773211734 1.5114195707224134 2.348168591805059 2.900613386430172 4.3182632798771 3.4664857384811656 4.651558117761159 4.579260896833121 2.9238792939530476 4.387587595709842 1.9181139545176635 1.299214722714109 3.0857280231423916 3.6031014680000757 1.4104127302047242 3.425846078718342 3.358084479331773 4.308255632128207 1.0947351359701685 2.7675055954052272 1.6736934825030745 3.145178170268205 4.507982425177122 4.929185272576362 3.78001216477413 4.556147160957538 1.8791352666635048 3.783205559983165 3.4193297816554753 2.2749036871585235 1.4226790652189933 1.3132567625543263 1.4995332848066263 3.1138774347079483 1.771010775569534 2.118323080102866 4.600873430084652 1.9122435524670345 1.1564960857748678 3.3188751282965616 2.8210884086923858 1.9621443826810205 1.7828195613761144 3.0977856639525196 2.026601501583122 3.178362280695237 2.748368012245326 2.401635239747626 4.632266768109543 2.476537251150955 1.450982913961293 3.3678434083377704 1.9749121915448948 1.4378382818486388 3.562475098168632 3.9870874556011136 4.166323224341687 4.661739293983931 1.8779877448641038 2.0315340380967926 3.3839759798495166 1.1213510861035902 3.2421567273939 3.7697208737771253 1.3837232913600985 2.748768154095882
2.8345462302002136 4.326486973902766 4.658654510972424 1.1413550460710966 2.0206571542898724 4.156718378393902 4.556469960581264 3.2289420678266194 2.8366054475398723 2.098527418932138 4.360502841272583 4.801491963337428 2.0507103684996455 2.8275363878818154 4.461074830472796 3.934302698936872 4.031589353962042 3.472812609284262 1.2362628401830538 4.357145811898635 4.807549683148159 1.4290850475902404 1.7723091762224619 1.5980807697976824 4.114774680897105 3.0948217573235373 3.5836753269208366 1.0411536879725838 4.045101390223373 3.0049360490965804 1.515070834427053 1.9325217407250408 3.098939252073696 3.0006582401709565 3.3899053286246805 315.02429777091385 4.577890086003348 1.8529811171216735 4.061151770096581 3.7224938669378638 4.898038065211384 2.384815697678563 1.9890264593278384 1.9641888397050806 2.3546578351280303 4.738378633215479 4.940023155345203 2.81175384918479 4.088096350490307 2.4292494446204045 1.9298265037964506 2.2205568365343726 3.728776242093826 2.5845890628503954 4.390025240454584 3.098923937435927 2.995006374361998 3.750971023077333 3.4737198040789528 4.213159011253795 2.2403342708050316 1.230171136634365 4.634777636879354 4.34786404333746 4.744381590628619 3.919555533168777 3.977987175157277 2.149101479557396 3.1017372952216653 3.750221173168451 1.2279095786294008 4.483555689677812 3.0719733055052636 3.7798985389555617 3.3603364562951143 4.116457736438155 1.8954184364908562 1.5308031197966927 4.663802139908323 2.0143355255374886 2.6658388154643045 1.1035134019164863 3.8114250222852335 3.6499027280694523 1.922867794094604 4.045542811523281 4.9715882621077245 3.5165436632513467 1.5433169507672773 3.2446435586984412 2.7791050048160573 1.5204956444289413 1.039577352746814 3.7909937502430933 3.1431825949768704 4.083192443840293 4.604879723032017 2.0316653827314104 2.9798547730184115 4.557209527921345
4.921056304008738 3.0762468861159213 3.2252793716724932 3.744499222748209 1.4532892993957813 2.978480196119244 1.8981786909881495 2.721829397082645 3.8119614362963103 2.086914218071043 2.1501278033999474 4.548650382697973 2.042375094625609 3.4605259210103423 4.158242978999183 1.5363440018585464 4.70020637913173 4.882611966389394 2.1535171573269545 2.0450406727283275 3.942330670850106 2.0460011239339604 2.477227182753611 2.2905472406568403 4.970902609680933 3.428309529144658 1.3020457253368254 3.6435595753900407 1.1096819051980704 3.5186534011221746 4.9504098017921 3.708013575712083 3.0114316354101294 2.6011100749987035 2.824739687914508 1.9069672816245533 299.77453375179397 3.6312376057462052 2.9710153374103365 1.6492837960062863 2.696472666058465 4.133560696976453 4.399490551818106 1.4657307294623223 4.545992325042654 2.229914319038258 1.4921785041839772 4.585591422942567 1.3730366223106367 3.535695293172204 1.3613240170429828 2.64641001074405 4.145045891953371 1.142826406884931 1.0307898947802197 2.4999908784551104 2.7301307693404886 2.584996124118469 2.904294844908346 3.677096309080867 2.4622679052847634 3.7747403746908446 3.004085317459121 1.2828060034742879 4.987720603987012 3.666719484247284 2.2419324423336944 1.5789370458525553 2.2696921201673943 3.4247039178116263 1.7797451019072077 2.238259425726932 3.7106322066912827 4.198077471487435 4.991841730547497 4.994698336774309 3.155949890832627 3.5640445239337475 4.5545342095238786 4.5649721904214395 3.803784847260174 1.5340210863186043 1.7546742817779695 2.2427322979899014 4.407767656390725 1.7349028227331593 4.269184437214247 4.910181190557639 3.8318600864177905 1.8865836265268312 1.2514552515500563 2.4630026223631947 1.2861858705252738 4.6102683833132065 1.6053776371527637 1.6628255021517102 2.709879444240769 3.0056962902785127 2.8889176499629476 2.646144533967907
3.2968255022320117 1.4722717302356552 4.679435968283596 3.215261046664146 3.6489151753192934 1.4391994213658896 4.3184123822514735 1.5305965720200545 1.1140421510359064 4.291116477656912 2.344420005502887 3.3458112980934898 4.317910551870932 4.787050331881861 3.0840615365183637 2.572988807905809 4.856875078864301 3.276363194714703 3.3258519474855888 2.3371369898089185 4.894688202890576 2.495373410957479 4.044261656925293 4.9045225334240925 2.809027394743269 2.2146360332758133 4.604534007715369 1.4895782498972192 4.735948824215024 4.001665814107413 3.9008952967073087 2.191160205217999 2.1956548359572747 4.977089170453073 4.3061657684122645 2.118067800489674 4.16878664198679 319.3884775939185 4.75449797781931 3.971924700798487 4.180588152552501 3.7121105622141726 3.6670016619177974 1.8733258082982425 3.9991111799055337 3.2006570822810407 4.677944337853996 1.6409770778146044 2.4062691168691437 1.511424806887224 4.978017787133945 3.886714015334907 1.41629138482948 1.0957706060891517 3.8120664591764113 1.6115555622135842 1.6331458633404572 1.739804015348028 2.441794006607436 3.021312077446331 3.213371490867889 4.034156947712469 1.3582926022078539 3.1993176216873347 3.7807185443262443 1.552443384754849 2.040316312502561 1.8504320086135446 4.006284595229947 4.812460829730627 2.432141808169327 3.368401737639483 1.5514387215836476 1.0214943170038948 4.7322929619332195 2.890622285804839 4.267200362055105 4.2156549844351705 4.031488881462348 2.9972653027400296 1.4780137205358912 3.3333401972612915 3.573890568789219 4.72691362046833 1.5629711826653083 2.106615671632006 2.4972625876270276 2.9765842746287534 4.292647248194347 3.2035225607355127 1.0786569558503722 3.8338785973394365 4.2885455916864 4.23711502623204 3.313529988346944 4.514581180882861 2.6658032575003134 3.8383436943935507 3.988529992040611 1.9203505973456272
4.3223907331825275 3.2645749765350165 1.9636887646336985 4.705644178644027 1.2460207624153568 3.8249391220629456 1.4010687598045934 3.14660073771507 4.832783906321094 4.996262221804441 2.5693586588838677 4.556181323506623 1.7581506074675266 2.1830286453206003 2.507450325828675 3.655262522263502 3.3952777406347723 1.2660085931703868 1.0132441315951057 1.9704705900961619 1.112681171460531 3.937207745857003 3.68085376954719 2.9205716199864193 4.139091523837621 4.91226698586698 3.462491762219301 3.239711726225319 1.035504818302094 1.2227003748790208 2.36859116845344 4.570977299697733 1.4583898707719354 3.148258010835978 1.9522908069630316 3.5252989722035792 1.353627992443061 1.351898321436527 297.3362753657322 3.8124615686166097 1.3735881813674449 2.8848348857022312 2.7720776445743787 4.439089052227656 3.3582232679444686 1.6689289727868841 4.04301880678409 3.1445555907010276 2.781896796705304 1.9981285433968625 2.417330685009749 2.60029141066759 3.997511558072624 3.9282805545522748 4.324115219118757 4.182224716590907 2.9368686875186816 4.532225650096077 4.636867064656395 2.9962017432647774 4.821387881276967 3.179066141531716 4.179389745366468 2.7050170866622425 2.864017833975326 1.0928522371225111 1.7276576051665717 1.3774679570110644 4.142107112649843 3.4113263100722793 1.3428246535708643 4.580386549558163 2.3405464064691586 1.280545471427919 3.089573931972621 4.45634542826067 3.83624207451198 3.5859270627516735 2.7873765882985477 2.7995856790888967 1.6118242916330767 1.957256765457012 1.0978161326143714 4.2363067419521965 4.832577906652894 1.195161279721865 2.153525542582972 4.466761463499477 1.7246765138497637 2.716500249235896 2.200397397761841 4.294331488592644 3.650337711373456 3.2912765969924602 4.965872609452157 1.474388623240602 4.230405739692854 2.6061210394743806 2.2150852920162043 3.5644339334339707
4.422109792087467 4.458344303796212 1.9156779409306974 2.8219692305901156 2.2087822647319864 1.1842771132182142 1.997640232330106 3.087656553656932 1.4108889028605827 4.08855088362533 4.818517603835896 4.477032235644269 3.869115885400796 4.134794306160993 4.314773055222991 4.028315284758131 1.541536907617573 2.7255160163568077 4.322940277059745 3.2079386583514933 3.9429411764439077 3.301259573814976 1.3120702709659775 1.236812987229515 1.1748409635678247 2.272566314216546 4.353189780726257 1.0867773465018375 2.3310423309577737 3.2220791310555126 3.260360953193748 1.3999561972998085 1.0529414115886384 1.4117707245811841 3.844528443588559 1.873902348108846 1.9097777940792602 1.7030652773965076 1.8676677644263937 294.1569722989831 1.4792456596807337 4.8201751318898705 4.48033390397279 3.780531862708253 1.7941664837085836 1.1989441823877702 4.3710777276938195 2.1899004529629833 1.77215720187889 4.4422183463749665 3.6997355868071384 1.5111993466341715 1.5106540262520358 3.3083760234092283 3.045536256905862 3.533803081534667 3.5884768582390936 2.164806922640082 3.411019065582048 3.9901586044896877 3.6004883018162746 2.0631850740624107 2.665093816399338 2.5972546668055343 4.74532662378458 2.1123413599183505 3.5211597197793614 1.654399185999381 3.903598366343336 4.4494496386250315 4.672698290182529 2.2666793101998337 4.308972719351244 1.0409721113720978 1.1587739434133177 2.124468643879451 1.7776774363056194 1.662474329202412 4.976833617171044 4.468563831776192 4.538468687808305 3.4933211471764856 1.9721242340773406 1.4300522982997173 3.1731459990525996 2.5504616846613737 1.0720849324806956 4.062009983472549 3.9276088907063578 3.811926753122838 4.3191565239791565 1.751643691790337 3.0705169351394344 3.873277351420742 3.6269547902112165 4.312482071998326 1.2330672796097568 4.819833788730779 4.840541324236549 2.147530504369715
3.4188714253496677 2.555705061559116 1.0393867790208362 2.9577772758561216 1.7832255210714796 2.362163821086863 3.177027731250711 4.107362747927796 3.000228191710172 4.953462093915247 3.9007804401370496 1.9064268228610812 4.372459651846217 3.1892754905288068 3.8189704504153514 3.2308832122448594 1.2735682187266164 4.252927518984729 4.7656821313971935 4.722809467502556 1.8289173572323079 1.7857139815469325 4.203069006558911 4.258286953608992 3.393274235839258 2.86626964470225 4.728951772244045 1.0869315810959077 2.1605825875292375 2.8539078836481986 1.8796257083331511 1.2727322043689968 2.3510772667148827 2.9717298597323594 2.0357383188457145 4.644147851039055 1.3610834286845614 3.487339887497999 4.232474270883155 4.9436174822364425 311.5466357976947 3.6078103495319143 2.901238503371689 3.4769527893173087 4.210758091681994 1.944006495453571 4.589790526571152 1.933163910147746 3.1781570058637234 2.6051447564757613 2.638695745811701 4.6174115945405365 2.750268901494203 4.357619603239405 3.5360536045503808 4.574999117289649 3.753312287333979 2.5309445127754993 3.664713447559113 4.254712477563527 1.6333942126331897 3.0301899134938832 3.664923066726113 1.2150937720711985 2.209533272726675 1.16209114816016 3.1085125415426127 4.89475435177277 2.366635005309886 3.157894958431329 1.7016080538927718 4.704891399104989 1.6664728408982277 4.946819181989309 4.0774180014751735 3.2502393325277263 2.6913558061798706 1.0194690607910126 1.6385385564815889 2.2313921765209974 2.6791670530320886 2.271563179078993 2.3807741225442807 3.4872851724287597 2.6089509142666083 3.7405212453437313 2.591371093552752 1.564448713603316 3.528279537498093 4.737610441799442 2.4348367167728715 1.8486487282457156 4.550435028313224 4.215586659809141 2.413265655713185 3.44719169921479 4.688809845696655 1.8766592874630512 3.1144373441670155 1.1976292194967058
4.870974583794343 3.408821396901823 3.623389914314047 2.6128152820930426 3.5154464519536694 4.372565768396471 1.893954471075641 3.3286065793072 2.1843732439376464 4.796404752343065 4.976166935887876 3.945436227590106 3.7843415897913344 2.9584836020528185 4.850806113482706 2.6711080272465355 3.758782271965598 1.99599061195116 3.1164425425119022 1.771684797306634 4.599322941157805 4.4177346682101195 1.5793531773770257 2.1009895237268603 4.438953662015178 2.682751593416675 4.283147524498778 1.507546775108155 2.000399872766038 1.953550216738313 1.9005462855203672 4.112625057917832 4.28471581557471 1.452487058066147 3.4784098818717863 4.046831789389491 2.8777091574116174 3.6234968959143017 2.2082295180299547 3.2510624865339754 4.872590379404851 309.5340652284285 4.306976011956205 1.4226189202626016 2.9185234265525994 1.8435717161733045 3.802824609710361 2.4003661787772734 3.14411735620434 1.7160836379291204 4.385559761814454 1.7919153433199826 4.406991717146175 2.2166417611369944 2.831835604893103 3.3439762153577988 1.1441056334250645 3.044957368133946 3.8555709132931297 1.0953024197767327 1.4049834597211692 1.87314349235416 4.240869367945205 4.4462859095149145 1.4881979590286232 4.721430565805933 4.766871240293925 3.5442344285136165 4.77571153909553 3.6014159851017093 4.824345290242698 2.7251625968374187 1.0808985686527635 1.7263199217374443 2.183928042820324 3.965677456960338 1.8674845637056672 4.591566284758719 1.3026622367369374 4.058006822739041 3.5430644891942813 3.0898779352446915 1.1459148471929375 2.0026768629577263 3.5074005868281293 1.7640407982812096 2.6157006160028944 2.8077347193070246 3.3950730606463355 4.359088508396246 2.897402567127933 1.9622770676500636 3.4684960660734063 2.3510959933331397 3.2788641821685727 3.380818853260615 3.473795335420372 1.1747986400308696 1.6188867470555808 3.2252245655392153
1.598555665038202 2.512645107764551 1.447660448153603 1.7188811829281616 1.8834385459597938 1.1360521069076617 2.532476575003667 1.097821759679996 4.407325618405714 3.4846559477816803 3.623322873942861 1.610815042396442 2.3812756611123516 2.8995635340663872 3.0646569552023055 1.8048268331015307 1.2242492170694748 2.785876846861887 4.005754829245998 1.6225398605477732 2.021795493831924 2.02994507484241 3.6518186831958053 3.6360235310212974 2.2693859110730976 2.3574949135172623 2.9243334394623717 3.2168263352560436 4.450350873859742 3.3671430278487877 3.5004018437803643 1.4518470487312074 1.1323019840391448 2.8936109673548374 4.665314705765468 1.183382152908211 4.108781770279264 2.546747746063553 4.1501321796279536 1.553406603474416 3.9983192818121376 3.082368737176477 284.87757841771594 3.370255795068788 1.3406161106334546 2.121957019228167 3.7670306435807155 3.028419228704731 4.3265858765438825 1.0410810788415663 3.662787336981688 4.842782688847684 2.858128864315145 3.636035352770729 3.261991742951948 4.980714649745592 4.304285643939513 3.6734534194554773 4.1116140229273626 4.911109620105442 3.457654822258684 1.9476519602372817 2.9766475763828604 1.6710943445897612 1.8764430163393682 2.3793753372919784 2.607156079297646 3.537312847001281 1.101658287565178 2.443716618875997 1.11800108600506 4.202786934533867 3.7933986444277354 1.113014368108872 1.9110477082050457 4.3949868489652 1.3371074281964184 1.2168234395138957 1.0176807058667197 2.994244298962303 3.050392138716202 2.961742622118711 1.079321635118906 2.6856556491964367 2.8711700286140465 2.8789600648293265 3.4974601446249656 4.443228464093144 4.562366653157605 4.498744146657353 4.692438386324982 3.372293886738336 2.2562551378926354 3.1657436648690576 2.5720780846366247 4.737833867155942 4.710353082112373 1.9057606909398808 1.6643843757537438 3.542330647817943
4.048688966429376 2.2622266530749466 3.1046940780134205 1.8756815742682846 3.301014267560924 2.8626075121109578 2.8333000292148762 2.5645329230708427 3.7231154984902504 3.5783967764081854 1.2023385692892412 3.0514219538471115 3.853889075141477 3.1590470924215155 1.065527542142707 1.9093397417313347 4.328124617352895 4.263261165627798 1.312722966452327 3.3383008843446462 2.970733929497966 3.255296073068552 3.5714327761537192 1.979499267841049 1.9817535076855624 1.8882999165340002 2.857348723792549 1.9976091456976883 4.891287250041535 2.0298047182499315 2.9765483662536236 3.0740520063464167 4.927990409757273 3.9156044863387454 2.500304809577455 3.0641526565148034 4.640142646423398 1.086210242921914 1.4855831340115406 3.431225977035852 4.781682291244862 1.8550124036818953 2.5496112441632195 289.6253427325001 4.3387708424379205 2.3118394843900365 3.045991010988355 1.9413884271285853 1.350309588599362 2.3047019650052674 1.6955013505018166 3.892713011150968 4.820757109578535 3.983856697056724 1.2690477012729677 4.000494316197273 1.1808945453355633 1.8004809967400135 3.092874094065875 3.2196059304536466 1.6665417650770604 3.0584401433948463 4.245880996897915 2.009589300933687 4.746569478929677 3.468963887213092 1.683194590405657 3.585939534063679 1.2856196136270737 1.0833801061057886 2.7813926455592335 2.593512272023026 2.932973792270472 3.821475073862319 2.3369700712401436 1.815183952660627 2.4294198099713467 4.750150488846082 1.666812278293853 1.00801431585863 3.355325853592917 1.9264091552723093 2.29333971587808 1.2873633184983948 4.0395740939852995 3.6890211359448344 2.27115155473811 4.46414264563399 2.7948317701218834 3.0523547276848766 1.5840016796077974 4.175781146209969 2.3765483883244176 3.9961036308078293 2.674219811194066 3.2688409538045438 1.284601195524655 4.79230776451552 4.210789784206574 2.9858876494158686
1.6064028042868705 3.0251111081346207 3.094007944177128 1.5411934597662107 2.4964451131642256 4.230216700115902 4.196616657351113 2.686208311522738 4.3231738742453905 3.3763341443109662 4.595390346116449 2.536684978661395 4.466740999464527 4.356230412681812 1.0175897544561292 2.8853749236748527 3.4887842299105527 4.517519530674456 2.240407451452083 3.390696030220524 1.4189823132286943 4.570872838937674 1.124094062714919 2.890156011533168 4.087059583766742 4.75039026281405 1.0099133473686268 1.043463997717406 1.5908823200809863 3.6845265936122855 2.6627087497919044 1.330173947955441 4.333180991328186 3.1633445302334984 1.905041305612134 2.86272011198733 4.526665607726306 4.40465357380149 1.0703358831884802 1.9498198465898597 4.1730404343618686 4.206218162532084 1.2310524110711816 4.506207121946952 307.35818867074437 2.809335408511126 3.8578618587867566 1.5176071711250927 1.085275830863199 1.5471414543308284 1.435269979414513 4.5209576683927075 1.4914920170368249 1.011534438189571 3.999745877643589 4.0021269749730495 2.313701960016027 4.320029471528472 4.4252416529972844 4.027587318470605 2.300937792437272 1.542719306752613 4.5426621104698075 2.864716687565334 1.9159543243588528 4.131023009299857 3.2774637969119778 2.6648316973616404 2.511262124002175 1.8077693326369522 1.8915956185493488 2.6073639666335366 3.469103191800059 4.250984731827247 3.9097788102085906 4.276646736544219 1.6745743020270378 3.4923318800076038 3.804231274213603 3.3201036674359496 3.215711316286581 4.808042258926777 2.4017394676111934 4.619629155759891 2.941138259866249 4.061379754028783 4.472455376197433 1.0006757267548476 4.5811911259313245 1.9879197589595692 3.3881843870191606 1.3563929133704895 4.0036055851105825 4.182218316155954 2.8747381638771907 2.4742968758695025 2.676027676764744 1.32322643331486 3.8048003449197614 3.5643129874911135
1.4370307037017178 1.8224359092376683 2.047104269420546 1.3283012192219181 4.857767083646697 2.1400151695754137 3.402656681036923 4.504661841774638 3.6277554334790203 1.024965436252499 1.5425904964502934 3.837436943491287 2.235913804809609 3.491222140794825 4.04927778758076 1.0140371462195419 4.740257721984932 4.611106736412125 2.9539046256449635 2.4721851098880716 2.01715697644425 1.5760694866446365 2.59504605651225 4.823218943493247 2.269733345129222 1.0334652733562484 4.26367251746538 2.408338284606473 2.3826946797822024 3.7801270034485928 3.4864407328659373 4.535361262671698 1.0408521312009107 2.3761693055154582 4.250829144931848 3.8901626668016043 1.5354984609846425 1.1611656440271854 3.355823452265521 4.35900833796828 1.0497468690520204 1.8703188877188484 2.310756673700709 2.4462959511162037 2.5034231620425604 276.9892432587193 1.543634559723297 2.4668715334693037 4.461695244509793 2.5289459701785364 4.535772622722015 2.1796110783908387 1.024063714516532 1.9867698006489904 4.5570533333631635 4.557911499720404 1.8940755196776746 1.1777887015182427 2.371261276233751 1.8964778704312724 3.6074078352197847 4.277063088880369 3.5351856640587296 4.228513504219984 2.7343805172548086 3.7061958226007943 3.3431500038995687 1.9300413657262716 2.4656323603062447 1.02825461847487 3.3295939359138473 1.2327614424875448 1.3771133825432407 1.0358515347791366 3.3080962434832335 1.4227657699438114 3.427418155464251 4.779112263809454 3.34575265161708 1.0675055717169935 2.241346823052904 1.081452064601435 3.292015285906834 1.7077377494515158 2.10910681616243 2.641997140013175 4.187141331591846 3.978114502113624 1.9108263215892416 4.53489642870046 2.7108711586233913 1.1832796154876446 2.8409035104612554 4.2841978511091945 2.3050976423610723 1.17164824076995 2.2424623040529705 2.8924771273429606 3.542815368895318 2.303992164987216
2.8956329749407073 2.694496984039909 3.6913122413675903 3.831321992484104 3.4915497712292636 4.151592541318051 1.7301411868388055 2.892866379223468 1.5670705571744263 1.2493176540476663 1.3660309415275935 4.8914982533407025 4.071887873746487 4.362592065931164 1.4599377271985383 3.5973033516413064 4.2061447441350746 2.6244092160227055 3.237906451671174 4.584228594569915 2.049012294697813 2.0475423721443193 2.315921665431944 1.672563055211226 4.539066307828371 2.2314718031787657 1.3547877888928461 1.021476648093548 3.1292937337166498 3.3761884547733363 1.728344913232589 3.087693216866108 2.133244505466557 3.383120590749363 4.411199212889937 1.2008259434843125 1.0046659751528666 1.623307041547935 4.174444060696985 4.7856504527698025 4.927145852308116 4.265574142447127 3.7681985316201834 4.054951687967069 4.547108694739256 2.6047571271078596 298.88827118088864 3.0808082484043964 2.510948831159906 2.971887035096776 3.336894482153528 4.116989305211422 1.8134964034664072 1.7787078964280982 2.7433825885277074 4.158750937240995 2.9354908473823325 4.522537756661766 1.4225303055531437 3.108718039133237 3.9256050049398308 1.616292032152809 3.9484036476605624 2.6822567499447945 2.909965589470711 3.9907933630678873 3.0740760274891885 4.474306985575408 2.2462872134590444 2.047121413834768 4.225208932449021 1.331938265645109 4.583447210579393 3.2290137788958 4.3926926327021345 3.4840617985052433 1.3885052685069215 2.578039362451906 2.1575941160350247 4.104729166487957 4.995141820550105 2.886994587595936 1.98405162053243 1.385930160162709 3.921915233709888 2.059589322821213 1.9619946615295651 1.633967866569368 2.27704196700228 4.887207894256835 1.7144729148829239 3.063443043098084 1.482567346561297 1.5324902272261052 3.4334765780823537 3.7470802756579986 1.2542284968347075 4.3156144709188045 1.2588174850020257 3.8073632727412625
3.8017806221400203 4.345193060763737 2.7133866467389596 1.6155022055607482 2.166976283209313 1.0172435010398155 2.081502780892631 2.60362670069273 4.206305819177782 2.315693205083261 4.10736942339851 3.0698077585984707 3.9578693129676523 4.830687099695243 4.858932101820149 4.1617542263372655 3.6232751492698587 1.9951792065100817 1.0843997473235616 2.2421529551615462 3.08085483111012 3.9166354897324394 3.4507406794326902 3.611875616356161 1.7420141832494864 3.8776173637789353 1.489413007625822 4.8797289344981145 3.534021223137036 2.8747379380698326 1.6989970178739946 4.322623158874734 3.915037991469038 1.6984700675770013 4.544565428661772 1.2718141153320732 3.6359157235567956 1.8481272889446356 3.781738771077545 3.984443679346019 4.73439834802352 1.7539733253084293 2.694240294721875 1.873099421247904 1.2291488992537256 4.6927147965758165 2.0879200763347128 290.80385961706713 3.452800330279623 4.3311374852601165 3.6975382634725698 2.979870892521155 3.4046064252340233 1.8671572320946135 2.286247272717423 3.498002249625903 2.852393751631279 4.191991986627503 1.1476071893225126 1.2838507413246005 1.3529320303639123 3.1694567675081835 2.4366066400242947 3.8770486956424546 3.9899987804676798 1.8634775773044412 1.0408349087684932 1.6291426265055047 3.7545269256705924 1.9752185095646189 1.5395615166416108 2.5209391612006127 1.1837793482830405 4.79961381201789 4.491371516021095 1.7783356663153125 2.203754829850582 4.139342470832394 3.2568036882060185 3.3092447720695475 3.209743901385982 2.652684841120075 1.717064024800624 1.911591536557732 1.946351447458035 3.500173186434385 3.3564240347994625 2.9654441077412783 2.6287806490098995 3.8022092000074337 4.205982414334105 1.045366560371575 1.3567994183432877 3.298963135916075 3.6748288377874183 1.4381711749504937 1.337612364537244 4.692230744731303 1.840606474209343 4.779905209441039
1.534600204273723 3.2253505865243417 3.7364933387803214 4.685769032223776 1.6241268874584107 1.57237381437958 1.6066088646766143 2.153099855351494 2.9803645400802603 2.6305481303821066 1.7069329880244726 4.761583098902467 1.4955583254946512 4.695512975209118 1.7387958231725213 1.246785102702316 4.183756413032041 4.694941734978288 1.0976577301831778 2.6290569514383177 1.0718690453042088 3.3181147862017637 2.5452770160691305 3.5966700338134934 3.6272819639485325 2.9688022034223702 4.000623017773139 4.591365195212511 1.9140317950987336 1.3038696006914976 1.7588152055935913 2.5434884911924716 3.8768058846085363 4.1585798199532675 3.394144117188566 4.72458695801017 1.2807472292577793 4.741908253226985 4.373092730557392 2.4363790266611836 3.9703275429359706 1.9785353689786658 4.850210804999408 2.9686468347267763 2.8630479503993005 1.7513240629924791 4.152856821445497 2.008111293533884 300.847519317094 3.306744536255398 1.902652172272227 3.6848114576001394 2.1891585233126567 4.587893465961441 1.2075216368804296 4.538803052279546 2.3196675512438705 2.0643185102868435 4.70522989116268 1.0499336101215615 1.1197084295601356 4.169597207414492 2.9012642534255275 1.118188190864521 4.303149551465088 4.136419220070756 1.359738609566656 1.0863347100450307 4.296718598522384 4.116484942176822 1.4784761813601381 4.324871986994067 3.807824582622199 3.022404566386836 1.9715801153809416 2.10203734223684 2.266881998745128 3.5313949920728236 1.8516174662318736 4.624111734756129 4.576511975506772 4.0546939813658 2.652321490611199 3.660089920389325 1.8128156727851144 4.586289902637284 3.405516151745176 3.100701085198462 3.6171603705999877 4.460944879711057 3.289818760034249 4.010039480970458 1.9267552521902802 3.298518542276543 3.1193133346420407 4.951034748853361 2.5099298812866513 4.48618431164292 1.4402551746246512 3.366637725690957
4.766902092391783 3.7888409282658015 1.8389146787280155 4.068851568490215 2.1481830664967876 2.6098112715728523 3.545538205978108 3.494611005339138 2.6200711709811597 2.7454028303713955 3.782152912911222 3.716482022264366 2.0967894321876868 4.548020922609871 1.5415245758764424 1.821963962062719 4.0010829228075595 1.8584171699129155 3.299811877087801 4.356172526490678 3.0885205630035792 2.211008786501678 1.3373239837396849 3.976489819116644 1.886881963394722 2.6916190239137334 4.183705418173049 1.3572105682929472 2.0926501078074353 4.596006078495819 2.889386209924156 2.479752616805553 1.9268822716841973 4.961632735210355 2.8656371970537533 2.131161162445731 4.701848861609969 1.9926855555977516 4.907399274665938 4.699238108642314 2.270361666974332 4.449343207250502 2.653653297231019 2.585260492892606 3.6847107669290864 3.4375441434858467 1.6512140395411214 3.998899564641629 2.405588847452098 303.67609135119886 1.564263061418076 4.124414077294395 2.746295950285044 3.263064282778134 3.3105091858098494 4.015588260910971 4.433066463243761 2.5736824250694674 4.982261546709209 3.353742645702422 4.667516770987992 1.9085197347421583 4.008608868343937 1.7155395140358567 4.534284537696065 3.0213572104010025 1.1692014620471234 1.1222588153658895 2.6793524644527467 2.7195815190848043 1.753539951361716 4.792618617444106 1.7104208741738223 4.7805399481776725 2.7916838646245044 3.3062526888652437 3.2820254830265503 3.3121581854403166 3.087985813917056 4.396603435922133 3.4527716847188223 4.367184850724639 3.5706547653596754 4.551990865044154 2.228862432897356 1.101661393225962 1.7682394229091338 2.128036593149962 2.8339975581247887 2.8552900827621754 3.5489220799552577 3.4698821215389213 1.1865350697844468 4.151955823499561 1.635807321097933 2.3856437371378707 1.3425675820911076 3.6483251499339686 1.384440069997769 3.936026670649199
2.005857234668572 3.402447210822247 4.00309502261929 4.480991337084508 1.5241089665711103 2.2954477528779362 1.3962438012391556 3.9439341346624595 2.529657218174353 3.0326212965532395 1.1737662656860004 2.9378506063678635 2.8290895328228984 4.1744768269529295 3.6333511464424517 4.405461702665173 4.644298910807103 1.2081413936322787 3.5611768125045646 1.2513688812187032 1.8026158491741722 1.3048687836790163 3.919322245638379 1.493512177272283 2.389642876834098 1.2412700932014418 4.20932029832065 2.953146310180391 2.3272491789179583 3.009716318986828 2.7763477783260875 2.215578125520739 4.281252745369422 4.222410186483069 1.667596257902964 4.024375930464977 4.773701482570409 3.5789079954863086 2.7834945313566943 2.832900448553192 1.6945727223128113 2.9143445152512366 3.7613611962565225 3.030644198044154 1.1784280492200403 2.5065057102337147 3.413803878147793 2.1473416615902807 3.572402202742526 3.820355278625365 298.1972055559753 4.673031050840661 2.369615485916841 2.3514849496804993 4.10104891040371 4.578334823977109 1.5720588121966332 1.905683195876724 2.8137153023310257 4.001825998475119 2.6856649581685477 2.9016599338847056 3.6335618365405877 4.625653737717858 4.045624027907062 4.492090466890465 1.3638045582274927 1.3171250688596574 4.01983402690982 3.3332693267775695 2.3005266723883224 2.4285112354455567 3.8014551439190796 2.658377811934378 1.4283851366962823 1.4725525541203353 1.1173849544451895 3.907386475305837 4.42905145823551 1.2398405869191365 3.6141729056610843 1.0406959198372348 1.61051937569772 4.459895758480022 3.5220253874989096 4.446689407515773 3.26620596403312 3.7348698794486306 2.9198726306434732 1.8120717341667003 1.2702544338504116 2.469596695735319 4.419942733688087 2.381440996247992 2.166552582624303 2.3473599005638306 1.7667609709853553 4.459732897898393 4.262197332932386 2.8518712958750045
2.15345222926416 4.564621768704086 1.716699801030333 2.8531545927810504 3.5327830469921135 2.097776501442834 1.0439158040480696 3.5850209881642408 4.880126750025793 2.486221330043695 4.777690159630954 1.4142446969510658 1.8492664101979712 1.255909464113269 4.440167096130997 4.614319549835953 3.6108877283248773 4.008948918153993 3.919742833509556 1.1062587164138997 3.085115822104509 3.209481723471018 3.703164704625952 1.3674893377406985 1.113035390326163 3.64103122422904 1.5951352188753578 1.9332559692163342 1.5134838617867112 2.0558630956727715 3.5663165812103066 2.639528279909905 4.531513429570984 3.1686837714312968 2.770485755839186 4.737646008464664 1.8500909698388264 3.3327083399265813 3.021971598672461 3.669444675235643 2.2398919065843153 2.5226559377402684 1.0857884942197211 4.3214063694301155 1.9604100504123858 2.174848137240151 3.138805101677439 3.5142249303628814 2.0464125925756784 4.748218570660109 1.6500380106890304 299.7950052136808 4.763791831217741 4.569486982676363 4.847833968377236 4.008759019723511 3.710808839343968 1.0036018603027386 4.616676398041515 2.8057853687900134 4.670476038308934 1.0727948270768644 4.825514415943932 3.7469659485687994 2.0256189637161164 2.4033922838774213 1.7747737424211576 3.7844473455617287 2.965654712945452 4.635433152691903 4.829424017599786 3.9638681983944104 1.0770331131300113 1.9370417071577424 4.1683534318322994 2.0254759035216376 2.4055263606075905 3.0139572232412855 2.175091384370024 4.592490804740932 1.5871315407917002 1.5858252269391313 3.0371254146885382 2.1679724822024773 4.2786713013639615 3.963015787847523 4.159705164938796 2.403255313877318 2.580411291490122 2.491464923182667 2.7641028089680963 3.320300709354437 4.785116958540941 3.2819705524600553 1.2766086509482135 4.109546149890474 1.7286125827278287 2.6562555695596752 3.3623304161341254 2.000651519704172
4.979579321189892 4.38625854091087 2.9712090988187674 1.2413791553365119 2.889031773099687 1.8733010306239852 1.2360160295052132 3.7260346887494205 1.5140304074814894 4.122016745420014 1.0295083123552962 4.828469876039174 2.503289933833806 1.109020626393698 4.972402400018655 4.239169035504048 2.705446304696445 3.4960612768007575 2.1142240587462284 4.851983982906149 3.178432588076184 2.63887059572846 3.894710302301468 3.28450456178652 1.6259764090716105 1.877437559888382 2.3267337298662936 3.778654157575306 1.5324977292240214 1.1676778639352294 2.9368804090497447 4.569933624452602 3.0608130727460137 3.604291744569276 3.176796114574538 2.9314130770772904 1.7831070193714171 4.190457060914571 4.86771292408829 3.367777118394311 3.3170159080488464 4.895500332500076 1.6241101988666031 3.7754353343205267 2.2217274178270032 3.459966703873742 1.8363726775216622 2.7567056065568285 3.2050360330864063 1.3857850741972606 4.962233374820649 1.3816172500261463 290.49219757281236 4.243500223355561 2.2213109135191313 1.7550913574805578 1.7017433829180826 2.2991570395668535 4.238507184231297 4.197175470326182 1.786657689426585 1.0684811160887264 1.8136802460929768 1.8335806542935806 1.047163496818241 3.477135729074187 2.4019278511620326 2.7890322483970325 3.102385754150594 3.668368968452031 4.912440650304427 1.7003977142618294 3.8848508957657097 1.65605756622534 4.138876484165216 2.3392036957012867 3.515468267979771 2.1836264886649843 2.1005092148161975 2.727067981850437 2.473736383264426 4.684020878140425 4.228234386201434 4.188549966389683 3.600770489067441 4.61602674687652 1.967957371363108 2.687046520718025 2.1738292009051654 2.2428047936191478 3.66832870870121 2.012158716022447 1.4093639572652683 1.6457457669991262 2.0749880427054417 2.819631570835957 3.1642809694737806 2.32537156693074 4.757582582827935 3.489763411491956
4.010289520551886 3.9943304761828995 3.148047883375615 3.0367628761224394 2.5772129404512176 2.589636572542357 4.990231714565315 4.404936842836431 1.9032347332155028 2.774334803655254 3.348284271949032 1.403501797201888 4.955812113763733 3.916420640372846 1.219436322188824 2.119151068759897 3.7041040483050787 1.0234699786716228 1.2440839603651463 3.6628634086926652 4.837216798466631 2.127659165536156 3.045667410188221 1.1197542639526645 1.8199789028429945 1.681823404316627 4.58779245457168 3.897989933814896 1.1971332969533313 1.9138788376785003 2.6871929318703303 1.7154929721984051 4.728138959559838 2.6808985712488322 2.9629966000370893 2.668526759421132 4.879672121590949 2.585046443293192 2.2448093168149703 4.409859995069157 2.2384534795249214 2.6740648762855677 4.856536934192009 2.9265661014813764 2.830413568919462 1.7815923447305506 3.880919675662534 1.2895166045446995 3.868088570068089 1.0643594947501747 3.125052908076011 1.295847957142238 3.735357013377738 292.93989473348455 2.110048628022131 4.493925852408864 3.106178185386426 3.0608105498596485 3.686475368932148 1.29028766895649 3.4139327365980874 4.22710072005984 3.0988165665313354 1.8018781231349692 3.0734129486014603 2.6681892995891925 2.702111489408986 1.590722074666615 1.0235981618943986 4.812478683408429 3.7416812707244484 3.529975376380116 2.9061879862376507 2.569308344881214 1.7287715878870196 2.0328781827082683 2.2242925312401574 4.814980752484448 1.6764462341565505 2.883741112234107 2.155192710042721 3.1872055260534293 3.0489789557450298 1.0569040088584414 3.4162371764247 4.828041169830919 1.5803088657602573 2.222243406736374 2.195935293314578 2.674775355998736 4.851959024687892 4.321509128987222 2.564288048495071 2.752908327552145 1.2295748138494162 4.337140142805964 2.3978196957510938 3.6072801270928663 3.8213508638609324 1.4702951198797152
3.1971210290078 4.666294668508138 4.289151588806474 2.9740527510959 3.9911506600062596 3.007010101593753 1.9572167951752246 3.840603976862947 1.5946869685290839 3.010096691900362 1.710244424028795 2.8715226898041637 3.619863793299812 3.728434262059983 1.6068984039574952 4.598190159225917 4.873460749764837 4.091168117361991 1.601111937320585 1.9594222111721344 3.4787706913030374 4.023826219111699 1.7462534768884015 3.4248692391222866 4.248621848879558 1.3838920330446345 3.532602937751418 3.0343041611754993 2.4421838492937216 1.5374437754602779 3.6832355282548566 1.080593028644805 3.4280088293958153 2.2468061410514566 2.976945321727695 1.192816138275011 4.675950575211104 1.5208401275305619 2.7495002322378315 4.689937462460206 1.0769544926207324 3.7498233377201657 1.4505398013935373 4.304251754161145 2.730280177580044 4.535090071217104 1.668530877125748 3.1718115329737486 2.6282500202480015 1.1047113231192118 3.013807736237317 1.2490628536362456 2.4946314620783494 1.8100239683544386 298.5688977884362 2.5647494032487934 3.799552069724849 3.334201268584066 2.5767725918630005 2.6077488978680305 3.55648689500574 1.2314750411963105 3.807149440326632 1.0235923730945178 3.5968313802996223 2.1030005011696034 1.6532204675797084 2.9520579966794522 4.065051802728469 4.223391172876731 2.3321626665507913 4.9103034774863845 3.700375453670525 1.9949272089642744 1.7034910513937471 3.8070987936046676 1.1223251803976884 1.737399626433227 4.276012208408563 2.0165636517991636 3.863946906524901 4.210303767913381 2.2967941598008514 4.616830972721804 1.0450771175525801 2.082465020057364 2.859751683517245 2.5975311260459293 4.89239755140451 4.36904124267103 2.5092368336888633 4.523793126164213 2.2961909180066726 4.593857609572402 2.465117958181305 3.689980546411993 3.469409559336804 3.8673243716920593 3.4425075739133075 1.5169788433944285
4.28271377618023 3.750405601067093 2.157613347378728 3.5087600613626373 2.188298245845851 2.1336133972584146 2.8979137627183955 1.0951037995795554 2.111444544446433 2.4545518908284336 2.5962188954641183 3.371837147390356 3.041884700358941 1.0937547188936776 3.6238346279693223 2.9875111827449334 4.3629982622631776 3.2881501758956784 4.654365720508791 4.733385833237021 1.9040539151505427 4.289639928094472 4.215384266802706 2.846425031153368 4.8582038260515645 4.072802226230648 2.644068490114851 2.479770378478404 3.3883552261162726 1.996914295321909 4.8195135337563695 4.458170215108073 4.0885232276368875 3.029197494441781 2.96444365894566 4.606985264945269 2.7921195521483426 3.682483872767748 2.9787827075010758 2.013190517841556 4.945198421332318 2.0135735752642643 2.021625641130877 3.2123941455911758 4.5218604117270615 1.151427595901593 3.293424465931356 2.4935718122663677 2.6768402308781827 3.338686081686149 4.802756399995561 1.1825679510220657 2.1381532609020124 1.805495058051624 2.985870613474522 334.2743377129933 1.5229006460643322 4.668587126465201 3.99312750100821 4.8063993840543215 2.52269151901973 4.55302170128501 1.859566937634844 4.984525706867402 4.5835281503524685 4.061450058028245 2.649411423291392 3.560816146346129 3.443755001574049 4.674884239031192 2.570659670065248 3.822800291596236 4.13615674080347 2.078898682473843 4.407486248385012 4.690019469007412 3.961274545721348 2.110375784464142 4.009923074964684 1.0411979828501252 4.65260995007197 2.9455900035944778 2.450450900373288 4.865093404776059 3.437837027884063 3.1720527790555364 1.2321475465265173 3.0877915567933756 3.380979387089868 2.2172189271004386 1.9501436641466277 4.063424076374991 3.4177149057575247 4.32712641332094 3.8065549415864735 2.6641593376328028 3.696957328067714 4.697437389560897 4.884576111697138 4.143994298076849
4.848295542793419 1.1685354709403635 3.397381179666669 1.8944614342818524 2.6615543896718052 3.7478588992807915 4.37659855896316 1.6763211850494923 4.9332003287449995 1.3935179187421856 3.5978732810151253 2.6657896228907485 1.3244201696228752 4.173864439964063 2.4622054622911307 2.316085490554372 1.2073491695872822 2.9357663487684076 1.1171513621116689 1.2576990468254432 4.618518284351403 4.53401621584648 1.4191876068374247 1.456580179657902 1.7597629435374254 4.3915385027353775 2.4255205934172817 2.16084464309745 2.536562883327318 4.128310587846765 1.4831024422343155 2.02992626776522 2.1353569217441333 2.288963508364995 4.618883693652312 3.5604906683939435 1.9055597841832776 1.6316710561098766 3.6139457488367634 4.234756692385931 4.871393645782657 1.4738095099653958 3.5594165172093075 4.740468318220578 4.631470811900688 1.8440159683637312 1.9792818518322233 1.6367735910962384 1.9218013696782323 4.455373632733418 4.523270524378462 4.707171646154294 3.4841485416762064 2.8714867488699243 2.6241228397514464 2.4597744620420836 293.09571788669683 1.129220214127821 3.510044526091553 2.594619825251767 1.1020429224015542 3.5039103019069224 4.733102682069171 4.018409839509686 2.073142762711914 1.340977535019142 2.438019302980554 1.8519785449453843 3.0406894858060087 3.9430975187480706 1.2787732370780844 2.3162511929426732 3.1751590647107246 4.775275315683331 2.461821593217474 1.6096850126032947 2.614605175382268 2.730266962601926 3.4027016628219453 4.699158484992386 4.4292592706263285 4.069636070487848 1.733728026589004 1.4591565843377965 1.1721236701320916 1.6329221704786638 4.225578050928818 4.058246207526741 4.979922758886092 3.5822067666715935 2.489988704522144 2.1959463770291854 3.329481127068211 2.032725358046124 2.4208620151677773 1.4342897187213972 4.082350312588764 3.864176905112616 3.2035798163129376 2.419467896260737
1.5507855059333422 4.846921537256998 4.866131154274727 1.694536023975485 2.1808572628814744 2.827636370600802 4.307186390218339 2.6314075005268283 4.950378114063242 2.164963454160263 4.373794292937401 2.0038218030945387 4.689865695976865 2.56293061903792 1.8040067731630942 3.2642381198798356 3.190153002475908 3.514954777104804 4.025634972699878 2.9114934007869273 4.267595867271539 1.7652053231307998 1.2024713958598396 3.0390392377754942 1.9247115370461612 3.2512861994385447 4.173464795704144 3.734252320645498 3.0785415745648526 1.3360421204911566 4.525144312356804 3.38278405455615 4.593574675608476 4.492899487760264 2.6255082732677817 4.063952276449825 2.917027006959347 2.8759799718777272 1.1739217035243326 4.786670456726382 3.259772504269665 1.8411307515749686 1.42721658820291 2.936388833032786 4.189529500743754 4.242160987973283 1.2672189603891075 2.417509697280954 4.1760631736033 3.8247926771452008 2.3587965364902144 3.575682187478824 1.4058528427003432 3.4805845063208523 3.377373484280114 2.0288010938744225 2.7135318247463243 308.76827896495263 1.7732682407165106 1.2674603253079622 1.9891020422892964 4.942656902204984 2.0027400127768176 2.7305354582171666 2.9210339786869124 3.0895320750035973 3.9630890903974194 1.321780578375003 3.849266829564922 4.630000971756443 4.563634112912707 1.8203785613721322 2.887594065130534 3.579872380034772 3.0422982606210223 2.8334277672704076 2.3433528240990733 2.526617937611633 1.552236096253056 3.8119965238089555 4.0137855840764605 4.916064180712649 4.072834578220824 2.7438177191802633 4.384846164079041 3.6346576889968727 2.384078861443194 1.364312540698326 3.300867052147405 1.2392285800111416 3.184700676217315 4.8938663895370915 4.522808282845363 2.449030261420559 2.684542255052982 3.1806310101554334 2.7803887550591275 2.3640978552026257 1.1971706841832441 4.86002321189766
3.0244083355781846 2.783377620420528 4.82121937899889 2.1116558247669444 3.0685588573153058 2.2453236163866346 2.117211410043609 2.6278417915042738 1.0044735155992535 2.1847250874188346 2.054668051918506 2.0005765874988475 3.5205984070105165 4.50169054523132 4.04876900814168 1.4216647504837345 2.2537260475086023 4.364555989062003 3.482214948255319 3.9729421920180807 4.143487954610861 4.7352166934442215 4.62039221308688 2.6960347771886113 1.8232857528431117 1.9824835889275247 2.3360442143443665 4.624730233283878 2.5430813067580114 2.400429449505274 4.001869627978476 3.8003639103425786 2.321246055804851 1.8700618906244713 3.4880696708910035 2.889589644372847 2.3750564814173933 2.3816749303268807 3.427538434795266 2.0831949625754524 1.513258734195265 1.0477064107543597 3.3446921896555986 4.114794622934722 2.862274625315488 3.1004138614842125 2.8080889054169575 4.281809531930024 3.0895654945503526 2.7239360233134624 3.2650292096298292 4.886599989196139 1.8934786297116166 1.8450515520775785 3.780036353631252 1.503711948577759 4.19383284465347 3.379587673282202 307.3505596567511 2.383995176991346 2.071739792178342 3.572305266929444 3.744701074086464 3.915280236979232 4.041159054466229 4.16269981024842 1.4834774891143683 4.66725765690422 3.9406328424517616 3.085584385337658 2.0730955367145816 3.866227621909853 1.7304173094934234 3.8695789812996373 4.672672016010061 2.7576994905993515 3.709527235118658 2.6826027189030492 4.4017975440830925 2.147181369772498 4.869878133132809 1.6257064766704739 2.0152902351133894 3.358555928514209 1.6252939749949915 3.9187837612063094 1.5623031782521286 4.5762952879798675 1.1679021196390642 3.284984133092169 2.477049610264389 3.0925066766063094 4.710025844303562 4.7913752815909865 4.9885362090934 1.0202638704983698 3.7351251368524414 3.906591495130807 4.09745567676633 4.321507171502109
4.688441204037155 3.310251939335062 3.821618170613839 4.864318501445604 4.856714809412981 2.474818536062308 4.836503379180545 4.06743982932287 3.6517031427053466 1.5679419852789658 3.1016297195413154 2.3775542778714907 1.0461277372664441 4.952741704013899 3.5910212970057858 3.4216796719335885 2.778470705453401 2.0239590985921985 3.9485253418634576 3.0116499538365837 1.5442674366967069 4.826558260589458 2.5621266000869056 2.4726243454394328 3.8311700812242453 3.363042695638097 3.7374805671131033 1.4476229810599128 1.1377969389134317 1.046401734458017 1.399509332315667 2.542009927555093 4.228116625860457 1.5610532784581763 3.1762513087214455 4.918238296665272 3.9998502333004637 2.085971783972462 2.9909859179360954 1.8423854140811802 4.024269015976289 2.0211695035558948 1.7017596872938365 4.576954362613129 4.693886357773936 3.0628088799562523 1.8307756950527345 3.4083480927103187 3.9856727987742904 2.135122937843967 3.027401253720709 1.459902409764089 3.7586821887223874 4.292782014293479 1.6492134741154536 2.5642414816672012 1.5560161408806787 3.2507664819218056 4.868898163578436 301.4558797593732 1.2314657005647764 1.7288132822947908 2.149394723888352 4.793889795396984 1.2349048777115992 4.9798793253418685 2.4934908298786875 4.267489595273424 3.053624126551557 2.5050001914701228 2.2724629867217927 1.8461942638267672 4.3462293762556605 4.0096951836212265 2.260721057171624 1.797421890732275 4.588304827952621 2.2209392773282555 1.3647175457648917 1.225631734459046 4.146889583506189 2.055193230674712 2.3662492380634164 4.571504519494049 3.920926988763067 4.257606500317994 1.9412500509151238 1.2116562097547008 3.2868268953308912 3.375122636899226 2.64433906749835 4.545453744848238 4.710101189826341 2.543738598111748 4.451075353000547 2.981500886350788 1.3834967213507232 2.0828701728385752 1.7683518733200532 4.953598294975439
1.797452208288988 2.196642543327384 4.289734285033955 3.5714039802662225 2.046052858099139 3.6166520116270466 1.5582066836577306 2.018543917758911 2.882282104584194 1.2807801769491558 4.4582225556389306 1.3199759693652449 4.9415751104539725 1.5342655130930938 2.9259804406585737 4.51871822921697 2.553585237814033 3.261779538250381 3.419441916453932 4.930137292352654 3.8491919341505874 1.3343364013776844 1.9357200413742413 2.1046664040713416 2.9845003248360444 4.119858759473879 2.435673174333522 1.823537110365093 3.7030076626567134 4.94585001601285 4.660597498462083 1.3727188349474364 2.3086958381158 2.3685783986696016 3.5217272061642526 4.009476994992598 3.284501760106286 4.141683229133811 3.86913929585945 2.7281482508736103 2.610361640360343 1.2069314486117921 1.3005413789132678 3.39878289328942 2.191684789567714 3.0370447831472998 3.4260537603182804 4.103096996347153 3.6414938433737993 4.648392377129516 4.10934007920768 1.492465782041891 3.5120803538955316 4.965428940888405 1.2789757830830695 3.2413261839427427 2.108675494427315 2.671287481509851 2.846864582574544 2.507123041147732 306.93156652468036 3.2767124837673687 3.194797471622496 4.12583878480687 4.92127572261047 2.273719532842209 2.4376211124548606 4.1632488628019395 1.5088275113424232 2.7372763433374288 2.9227333989584214 1.137426814256294 2.7952653525976343 3.629120989818679 2.69523517072157 3.8532647022691964 3.3933583303037445 1.5692378781215273 1.1962438033986724 4.718296069744907 3.6247168610556617 2.858630061726483 2.086517587101893 4.179278881003654 2.2365142160053844 4.363935342231027 3.9311629471255225 1.373955476800107 2.9254737121516476 2.2937344364595447 3.684434243743063 3.598433521516801 3.8448892775149077 1.0358187598074 4.1955118315500615 3.7272915575128285 4.033768844074988 3.980520600736166 3.1771012811492043 2.5822392282814577
2.13956578983566 3.4204899525986754 3.8064493254719123 3.1140485823866197 2.2533366046381853 1.6117566566419694 1.6770602619450412 3.891825137304858 3.2811886957632397 4.123579737258691 3.2206264158197557 2.123066107301872 1.738840155438539 4.8658117432597034 3.478922905215344 4.318737377543019 1.3622687420067 2.0675594746480055 2.8240173235899126 1.4035952627338726 3.8529309094620383 1.631339604041711 3.3214710773468092 1.4651386741409298 4.193216854606055 3.4242524816046696 3.4410828554869197 3.2751236732632836 1.9714559717392128 1.6599774875808802 3.283058345227525 3.6767433474162563 2.7118952096342444 3.926641986670923 2.070257007438693 3.4150553086574744 2.0130288421078295 4.984922394344656 4.956981257499761 3.4516236183421554 2.657855607933752 2.750957084845703 3.085080975442936 2.3089869837769412 1.6676689219786716 3.8983202804694748 2.348605905977759 3.214539797180159 4.938763283202704 2.836863583337136 4.924954427585533 2.503459688266548 3.5004649137566024 2.7555167963530964 1.2725828010806062 2.2997557615008524 1.3606974546111448 2.4651201133957628 3.024113189435161 4.142728604071506 3.8706977127333144 297.94316384258275 3.998410944686946 2.8756678587425113 4.634364648887152 4.321877571902703 3.3924967765898537 2.9361651202087757 1.223368917721809 1.2053466437752736 2.786061682885646 1.373205664845507 1.0846797784700484 1.209257827950891 2.822011827765524 3.3211656462975814 3.6948679723129025 3.0289510502895074 3.629714749424332 4.211448774215057 1.5860941429819118 1.5392605951734062 2.0332214467996135 2.341855796165815 4.1484451810635665 2.208354009974648 3.007621145741855 1.1243391645337155 4.583769757947442 2.074279857060846 3.589331651868342 1.908842486606955 3.7983862715819843 3.631719673264139 4.009928696350398 4.435301522858708 3.9829545773645085 2.5526458231382296 2.6292422537919844 3.7364959672138927
2.3726733611004245 3.923226338629714 3.6478712946156793 3.748892715109394 1.5457570168635062 4.770763038548207 4.394595689497692 2.6391715716708677 4.562853310930268 1.3526787014122297 3.5542981293116416 1.165550739432013 3.5781202017300475 4.777014965907098 4.657056710671272 2.2489829343533607 4.372459762183038 2.463498191616943 1.6642254523691768 2.1149671482490953 3.8097701143043015 3.7753154210374045 3.700426461827229 4.925403970531006 2.492184273566703 3.5082234300265744 3.724376490619797 3.5308917690392487 3.3710844953601815 3.24016292773641 1.6260761752109305 1.227888462615537 3.0368747594902117 3.2565903266758442 4.0697776923283495 4.450406828083947 1.9863997409646577 1.5360477940629762 3.740669608809502 2.2148840660758795 1.223663769009053 4.190074025446476 1.7188448586493519 3.9655842143280413 4.581801217349 2.4155684657876693 4.97553826197925 2.820977844117357 2.6614019923154295 2.986798673009081 2.0212607239020044 3.9425493723685805 4.737462293839455 1.748751232958257 3.091656846451415 2.476258992059697 4.946183899411956 3.8582322894210743 4.811026243821346 1.1123385438272804 2.8152359745163604 3.449729608557713 325.78896046465314 4.446805501422295 2.4017986824473665 3.400020603421508 4.93439704386155 3.6023413870212444 3.416502325093714 4.878666751946773 4.925509001969636 2.822477043010708 2.007286615579829 3.815198941901936 1.1422469481964406 2.152762718521884 2.1817567475777793 1.52770876929503 3.884965555860227 4.701216441268403 2.0718379254298167 2.42901932202113 4.322248388776477 4.2748768121299365 3.8966489735376832 3.2676525873633975 3.0736507792360332 1.814380069198882 4.030461895788632 3.0881892296421176 4.295767256075384 1.3422959638023735 3.2824869385436823 2.9167729759659067 3.173215711153716 2.104970620920076 3.4699046647405907 1.6510937125412695 3.876705311580666 3.975582020025227
2.171692124446052 4.793053568699911 1.5180827997800144 3.5754371357397194 1.8559011938882288 1.0180115744197953 1.8962266535997747 1.0642193103336774 1.5279340996923811 2.491891673748051 3.909653490872038 3.6220021119851733 4.187701804468387 1.2127811737135517 2.6286240474095 3.8613772239421627 1.859469304127603 1.955824984477864 2.516101712487744 1.0678907544885177 1.9632189492174605 3.4459256182870237 1.9677577013449485 2.211820416023196 2.8716002830236462 3.5956291577798907 1.4688816232835298 1.0700360217916636 3.3288547127254993 1.5914984278962616 2.724992284489717 1.555010483873894 2.7525173415979904 4.306691094644098 3.9606856215841884 3.3269072653323892 4.179895385574275 4.882894219490282 1.6710226187236592 2.847488208763526 4.713682428954107 3.802286198950458 3.4551096676604027 4.4646647940956505 1.3329152553629307 2.1603988501164104 2.82841302410718 3.0750813596784004 1.8894870497037126 1.868334613910847 4.245398205572897 2.054893520634513 3.4030172419836147 2.3311701302068686 4.022834527999205 3.076623798768767 4.411857144721185 1.750656982636046 4.71180500948197 2.6077590695240183 1.9424385150788885 2.0053181068200625 4.00713692360421 289.9282898506185 2.9042688239218353 4.369753328702439 1.1948534098147894 3.7911324649064673 2.3642030141497146 4.912244088454003 3.8055903272143174 2.8614035365654176 3.6428071943362115 1.347989446318488 4.577401653424792 4.9912957572934555 4.523738551858954 3.8857611403481958 1.6530795593153371 2.003087310177747 2.684124356876414 2.3520432649353107 3.311510856126255 3.592133258076761 3.907896804450218 2.0821455118258174 1.314870394366071 3.2126656815386023 2.463937055439454 1.821078830368073 4.879614953808399 3.6013769677318006 1.1359710266389764 3.323491948156484 1.5375023608756404 1.5432207770753128 2.3111154219864947 2.667468787753212 3.255820317569529 2.981911092986557
1.4213249362182863 4.275916809305892 1.9961491957783188 2.452938480701466 1.2203696251610658 2.61104431612301 4.679173522836393 1.4287887732595346 1.3430311171830986 1.3285515162611374 1.7472713678442715 4.246941578875475 2.437136195926856 3.5994571551586203 1.8303062810958628 2.3132767881210814 3.3150960996260204 2.027774270486002 3.2196093098207985 4.039714712149579 3.62481954187847 3.4444719666587233 2.1084109492982477 1.3952000532185935 1.0039775392999468 1.9015764525722747 2.4050464407445946 4.611089479563782 4.970439720236387 2.7339176826222835 1.234136870766117 2.5023026415247953 4.8356059688704995 3.0775987850530475 1.9024737368793674 3.5818793203424217 1.6850232640788723 4.03273771459545 2.767732756558869 4.149025199069408 3.7369016264656105 2.0264888291045438 2.312677623667075 1.6649624891548438 1.241614982350928 3.6679501673208446 4.121405584163874 2.9917958585986892 1.8693021019591933 4.7322325612273115 1.9030019043245368 3.9052390435872426 1.9873930199610879 2.7218893074283126 2.017733658964114 2.5284415733486543 2.8391861657177193 3.7121244745964637 3.6073367686869826 4.782429002291919 4.545573985090947 2.168055033466196 3.592721114813495 4.117602331121002 302.41815851400384 2.3254150209252322 3.0539245517185436 2.0950885221889135 3.6011434035008887 1.7317009382916257 4.1279281276868485 2.657031219151428 4.529277081266347 1.3355270916327635 4.528872772641423 1.1068927833263675 2.0495690596206697 4.355860504439989 4.711415769149184 2.3739340599101646 3.03106570993974 2.0251452635121248 4.806927452806594 2.1805072212110734 2.1626645937400717 1.9051636623631105 3.407386112597671 3.013882839852875 1.9246565783637624 4.977149241599832 3.198021422103886 4.97333771842777 2.7397810350471032 4.18947304568081 2.5309262046447407 4.4821404375403 3.7556311326830945 4.593298297706552 4.059680548591208 3.2695430800840404
2.188302288025431 1.4626011752769132 1.4593874792095596 4.227542260098763 4.231011557896705 4.5876452205087155 3.311632245765811 1.2740521977027481 4.436440503610665 4.907796468547949 4.949024363598953 1.8847778847504206 2.4249460017363416 1.0797212411371042 1.6228780886961123 3.417899645458432 2.036433273752212 1.3565604393892965 3.3132533567669262 1.5902806408018595 3.638591899559134 1.378521744712201 4.145041849578784 3.8097364721350027 1.6511121193554494 4.70715194759269 3.694336228164366 1.6786253909088376 2.586151182846184 3.3609297139835155 2.668743202715248 4.331836841983774 2.4423411449601624 2.867221066943833 2.7034808820241976 1.0704869426020558 2.4203108332613223 3.259541055055187 4.222061883251268 2.4588010705740735 3.002009306329366 3.30791879113658 4.92101816162703 3.0365589871383176 3.4131077183188534 3.9475441195169485 3.627927979143321 4.317000764712624 4.368443671963809 3.5723667188899477 2.6335765364442185 1.4736480442739182 1.5487159704244613 1.9609403820948912 2.0378660064238434 3.3692291054875807 1.8981805273029821 2.073572365243168 2.593112730182506 4.2705783257876835 2.6692872869704627 3.8745778086477927 3.687891723719512 2.8907575947552524 1.9653229654972484 307.1150772346495 4.65951393458209 4.47195706839865 3.923973943148488 1.0398976565816578 3.84638023918641 3.2368052488654144 1.1818135604576714 2.2002871170874676 4.859938790100744 3.96865763467072 1.5931548749785067 1.2001055020614149 4.8906975376593 3.6496969943551076 3.214973550358302 1.1040173528755184 3.9113223489699473 4.956823150553943 2.3984659556402415 3.209811450111435 4.982586467886609 3.218016383164316 3.8051172775853623 3.3194090745613174 2.7019066001118923 2.314861254232769 4.267178620729471 4.580540060586893 3.0132392878963263 2.5234631218426724 4.9832617198153235 2.6481031276049607 4.518763359603153 1.259951215085008
3.3636293171737077 4.893239596032722 2.0919003538141214 4.639854139568584 4.002046394775336 2.3550561805335697 3.135749782613375 4.842654424486338 3.9333132838172373 1.4397512397646612 3.36925623512544 3.8660221693546593 4.599969185858343 4.581848490604477 4.37594549753787 4.536179136951384 1.9690628500941938 4.317969151664114 2.5861007765396584 1.598158272349341 1.9867563171440503 4.744518693675747 2.2946808880091325 1.9943421584306642 3.3805281220760017 1.5212497707261434 1.5307933398286662 1.745713038654682 2.65479906016953 4.777920246635109 2.743857294579027 2.8313627363359335 4.362680994992772 3.0860857741752294 1.562917707271327 2.043644871613634 2.234432353101926 3.577996272166523 3.106070643305808 2.9130181387798078 2.6007554825121826 4.6969932870471025 2.511589686679134 3.0702827964979416 3.5828571111878 1.0059968555831604 4.41760776814146 3.4524384296759933 2.2703832535372785 3.9633198429098866 4.6616820155918 3.8770468339898416 4.063652543487194 3.7737065823279816 4.251324347003637 2.7759202319052125 4.057087229396212 2.364362948204557 3.791795933167521 4.366384913629551 2.3793219985464553 4.326933594913726 1.8400433369193454 3.1394536071460752 2.5540909403924488 2.056707547309133 314.22740256945576 2.276817531914934 1.0443939064451584 2.562554469366466 4.273072581335324 3.9770645535728586 2.802648889808494 3.809251486687219 4.740021750220937 4.091409072759021 3.7907159880565873 2.947950582331771 3.3643194338075157 4.032144425344828 4.471257037501349 4.081078881380976 1.6023569774072262 2.548152332449224 3.3211082604272946 3.370757179055864 1.2784767384805473 1.8221921606876559 3.306604099484432 4.277867535223729 4.2931027802640385 2.8335113895041317 1.6268572165594812 2.181015944797617 2.3237031322576094 1.7821619368074657 3.2628893802936485 3.0686188524039495 1.9739220860150595 4.193516406139246
4.805187991106303 1.5409365888559012 1.5478035051739982 2.364863532989416 4.418200217664717 1.112840230413144 2.0392342329637874 3.3758065878221433 2.998434850893417 1.0388536822648686 1.6493740288376841 4.326191191994086 2.7207240805025537 2.4179752673434045 4.141022631093011 2.4508922077880015 1.55612900861153 2.5304129411348497 4.241568608428817 3.0686726770824273 2.454704085584675 2.122592352474395 4.432443492323401 3.5679774375676923 1.0644351465349469 1.8822229355258302 2.8402098599521426 3.892683144833578 1.109287572950155 1.7010771328826633 2.1683534854835953 1.6291168345851172 2.3573841984426904 3.4282204803486422 1.1536272245753576 3.9335564468311413 1.2647039214245939 4.122033193621558 1.0206844655835483 1.855854256194847 1.715766623168959 3.1218224141012234 4.380623808463458 4.900103239960946 4.419580781589941 1.218281596821455 2.2281569892092956 4.226395104535184 2.065162082323957 2.2675086306815966 4.248583650070477 2.3994193246432296 4.357873118380565 1.9192670681302744 4.584797373999143 4.603352460181639 3.60564802653534 1.2592441326578934 2.3624963837334585 1.5108097155995996 4.554509225666805 4.436612093709101 1.5556401729637028 4.736251082637351 2.888282149135134 3.2279934331530558 2.1990952216058495 296.0047641637514 1.3517010347007052 4.917482946722849 4.865016766095973 4.162733074745551 2.4802196721139254 1.5315867552263471 2.860914887863557 4.1267340551891305 2.6008986641885556 4.595480180795777 3.178989464288253 2.416279198961371 4.385316165773869 4.130387794450672 2.169663273287217 2.5439584660954275 2.9736867783781054 3.2297827740710323 2.3363918173568816 4.595469826836613 4.319591827374419 2.27659168664402 4.462836864707901 2.6797631376653763 3.0115118300657238 1.4963352346257248 1.6834301467287234 2.6777527290103826 2.1867348291867965 2.355317544462658 3.9318049338666445 4.793904734886649
1.720628221951488 2.910906996676691 4.81673973761761 4.65192822003652 4.3418975583592685 4.643279017054063 4.834460768876566 3.314082155927606 3.4373896079831563 3.739360662485551 2.4781619497776832 4.617785078568778 4.742478967565161 1.5625407000151328 4.713055523683839 2.2929096107258777 1.301652060157911 1.971446671686894 3.8576317356714354 3.2471629422715043 1.0604601237743734 2.6420828055636716 3.4729121992404286 1.3566158300447149 1.3432769798275328 1.4228756681202932 2.2863915452701575 3.7868385447072126 2.657298528747663 2.5806562134392337 2.643456579597402 1.5095062361309464 3.0810555421160815 4.007487742234574 4.1403353820537445 1.65880732513138 3.7527420227793296 1.9029590771144194 3.4804379197668305 3.5199815735966835 3.5601909164844674 4.779987336175129 3.484753135338759 1.9252446861268746 4.198376187840315 3.6469415513961256 3.4208804781585322 4.773185338023394 1.5080359335904374 3.9333912360689594 2.037950331877248 2.2044252722998032 3.504921565443734 3.015876457668952 4.5358446194514865 3.6941998717790754 1.661233170679079 1.2159124389371283 1.4637463285906667 3.529677675942465 2.1489340733973856 3.0502618969471547 3.039963425398041 3.858411691458773 4.604517142153199 3.967587192319035 4.411658860971828 3.1078283774479862 309.86981540295903 3.3170666486258367 3.590571691229459 3.311524135177397 2.2268208643511027 1.4526016373591983 3.6688535178243344 1.6741519365653956 4.117978495541733 3.5531990365845485 4.232637068589206 1.1497407799345054 2.2133235431129994 2.428918680816295 4.972256794977969 1.1092423967876726 4.7235328338506495 1.6189259379417362 4.10347493733207 4.514671603547393 1.2781309808515884 3.3410120729969717 2.771639409011139 4.1243234954941785 4.32772673442523 2.593986126165228 1.9367940587939252 1.0406667321529701 4.034614318839052 4.699704368824224 4.668749637854153 2.1053617010811236
3.8817710872804794 3.0440869896256406 1.7276305606937323 1.2804483800157311 1.6244506042757205 1.6290467215638054 3.5413121854491107 3.2993434225455633 4.433651143086781 4.1286222785063185 4.272043886066122 4.076406855396414 4.889008184021765 1.887312858578008 4.370967235394762 2.4394585859799194 1.4987172990206163 4.5181741904010995 1.1546613050596668 3.671596924130971 3.71500250184369 2.0254298331935376 3.5737246036771486 3.6188478103690715 3.744206178819411 1.4929592651775412 3.52759822396186 2.0619821416759407 3.0381994199101734 4.439725022069639 3.7392154797665964 4.47800516880115 2.8101094302393586 2.5565110282137486 1.602486899646232 1.5989300644398168 1.3295330351503787 4.72626496226394 4.63114265294884 3.856339059763399 4.642342478255626 2.7202018726701285 1.4040305305636624 2.115971142281449 4.031228464299066 2.028505784047683 4.1021367873807595 4.689849796942932 3.442612524627047 3.5290491838760563 4.416207602138014 2.79806739916914 4.9869523931162645 1.9926835552973472 4.584823359053949 4.019988893780921 2.348389083652804 1.3457884122815162 3.4124665262012797 4.52098146075507 1.0533672940963608 2.3990810353496923 1.7906255935448874 1.2338267290733684 1.061781149375991 3.8769813059004186 3.8089428372294383 2.6999399771045725 4.892476395049762 290.44807083551353 2.266198005594034 1.9375375148806824 2.1627757309044826 4.277940559750119 1.6114742108720814 2.848297899604595 3.8912688524263372 1.4400613468123944 1.8462411870179767 1.8457639880854364 1.4730929138370636 1.3077497849826205 4.815042152364661 2.4708983081191223 4.282793388927249 3.8908199787741866 1.597594467009798 1.8582627982484419 3.5196657365101234 1.4955159456984726 1.7811869304721482 1.8764526157006558 1.5249638780211776 3.530373069587328 1.2198354784088634 3.5658459682904557 1.7049388832280448 1.9191776820029625 1.9912580233077306 2.777151722496487
4.265070937928658 1.4698749039758177 2.999749794853561 2.5097934843055882 1.680118332501653 3.0751338884081267 4.046973268172859 1.876421046296112 3.929045918768214 3.8134476438347624 4.184296061071953 4.504447716286604 1.1512049519416516 1.0167542937964318 2.1789239999553205 2.8096238669842704 4.238343626344471 2.746244736965132 4.619280985994614 2.1450587718555383 1.9820297010055707 4.020428774567672 3.016439300966983 1.6057320610493115 3.2626978748464666 4.84997939771693 4.052803288283359 4.791109945388239 1.495884396004235 1.0972263803130882 1.8621280616502927 3.8739899554970916 1.4300647624992209 3.215048788487031 4.86297610806518 2.975819889655969 4.534958708736376 2.503378376488322 2.2931568697319817 1.4436350708027557 4.280125508856605 3.139582566691072 4.80066167835158 2.3589516281386507 4.727073396501703 1.4881151764301581 1.421114780185781 3.0694698112959755 2.8612024027797984 2.8040354715482962 3.909920741571905 1.2221792889992193 4.270660297468483 4.380954372206244 3.0979588756948138 1.874747568190687 3.6215580696388314 3.183507660859646 4.447129172116783 4.025852932368998 4.557946444737841 4.631648410921429 2.1722157966088305 1.653018327439829 4.240389361037417 1.5221698781717374 4.670539194776457 2.744719579221415 1.166770868318861 4.290217398515808 308.6555796060778 2.132978950509095 3.1035948967251166 4.531879046182094 4.5218829456578815 1.17037637386475 1.7367433254137326 3.9404477657677335 2.652887561788127 2.462524824276663 3.5287080183012365 1.7947273675083801 3.2496845305493114 3.0526524482495643 4.865883374306424 3.332345823980279 3.7304413018316493 4.294904016426674 1.3213585848962812 2.95306070066402 4.627372234899819 1.1134718673670103 3.7283907719875984 3.3733790895979068 4.205264477233737 3.744633190869287 2.1177952018965587 2.646516382246283 4.03314772494743 3.759034271243292
4.547565674047009 3.9136559746334956 2.925796088483139 2.4427277077158127 4.041086544121546 3.3134456421840444 2.4470232594765915 1.290466668280588 4.246719761927476 3.3048255503624624 2.639101307475725 4.250453202849542 3.869606032427876 1.4222200477256552 1.7539596267236441 4.586952310573567 1.1686467143889088 1.5093066532397694 3.2410238982573287 4.424980860660268 2.2372990344180304 3.638362549301197 4.871014264715159 4.773347490483288 1.3143674124504354 2.786240729551456 1.7192021824896568 3.2039708620825667 4.937387689279289 4.844003360020107 2.509568695306458 3.2391294038534024 3.0591856206507915 1.056568550893822 4.0467827358784785 3.340936634775576 4.31845096332643 1.0909587870240096 1.8036551073313452 2.5031470973230507 2.540652845316946 2.471531552699849 3.466564170447738 1.1343266922444024 3.929423228322123 2.6590503188158054 4.290946928329243 4.400232014183296 1.133578260016702 1.0665967503313394 1.373775105532793 1.9530405425832842 4.306081343592276 1.9071648010903255 2.9434312709809767 2.5442745993102713 3.673523306835656 3.8879836736620317 1.363357295795471 1.5291487905915049 2.666407087994395 3.0024945915960135 4.276570710655892 1.0624665443425911 2.6832815299616533 1.7561572002913026 1.8838996498009282 2.452992320646038 1.2690354508380008 1.7215024708218536 3.5399495029841823 292.7162805895203 2.6199623122495237 2.2572583469218968 3.5851217625981047 2.554166792165758 4.183101787805212 4.855189215369169 3.265207689132781 1.2742399241656308 4.064031808526623 2.1982051006819643 4.905653291292248 3.313736990896535 4.852805158857983 3.769583012242606 1.0704422296417944 1.1525086054289577 2.561651550775748 3.0900703233681432 2.882560903583966 4.623420264332847 2.534530231210675 4.3832232778098215 2.849376908915536 1.114219201097176 4.383573286033182 2.8750554001103312 2.276003375256786 3.8261876665726486
2.521811825300786 1.1045002862599125 3.2072029504584982 3.2136115562037197 2.178709503276155 1.63762238618818 4.529261611273135 1.6955686603234614 3.3588055105185264 2.4751692556456226 2.1719211807401337 1.739333320633282 1.6857019336971737 1.1885797940612726 3.483505651514621 2.8480706336078834 3.1368606637985263 2.5582927796084713 2.9949224145865987 2.05865456118243 3.056763461462028 3.077935789637629 2.170211615266189 4.334453415720498 2.839171530877612 2.6459308309702942 4.604137471175876 3.920657894377429 2.6152626951435534 4.190907080152169 4.4473776121959645 4.898375895990494 4.094134682562654 1.8681208048779059 1.6646847956633977 2.284708143848755 2.2410865623923484 1.9768048018641253 3.162285762934357 1.525543509349081 1.6563701899146053 1.7483393648844188 4.218707473267137 4.00280865714687 3.5906876903919227 3.762071108646915 2.9777207231468856 1.232296513725485 4.571500859398309 1.2372188481025979 1.8973026743342323 3.6402646907470606 2.651057422365053 2.2537080317137295 1.4480109932338068 1.83844145180657 3.9064509287263838 1.1110523618355952 2.230016698482853 2.1396034613858737 3.9840785220736223 2.1568186859324405 4.625262872904704 4.371197727083377 4.328323834272755 1.0050196877498254 1.552605427510148 3.717482774820773 4.625075197382467 2.951429135800416 2.740686114282791 3.5309893968725055 294.2552344531461 4.317588324676972 4.812761744008709 4.994274384197297 3.1077822687385694 1.777398183277953 1.8986359390779066 3.2828964002398564 4.883690477220755 2.8217614659101367 3.389483683016152 3.7453602325996274 1.9797917431206677 2.6954497538071287 2.888645189828569 4.0768734016115475 2.285054331683389 3.900406720847138 3.532421471922951 4.973344647239422 1.1068022237658566 2.524563202062651 1.2723230709054376 4.83078644257229 2.846510001181931 4.256245789462135 3.8569876021247516 3.507603393824009
2.1806414995424825 2.348463838394663 1.6297939758053523 1.3375570438122422 4.2802469527913285 4.808899764650413 1.8927730408019907 3.396684162932669 3.963073086488496 3.932873127158882 1.4834241654642115 1.4191604850526596 2.925163408718582 4.179264023219266 3.827055418313152 3.9178937942924987 4.117217916291361 3.519057735793976 2.030760904086648 4.352441206723897 1.1796314430360004 4.754758529906699 1.0487990149571598 3.350637595681192 2.832960912475536 4.4506726691672345 3.685555496983032 1.5372965912454122 3.2521036821467475 3.0580253884276423 4.330112233470814 4.717478583916518 4.555314206671147 4.943662465398187 4.581966420010566 1.2303577353179502 1.988031127175132 3.2827975379417986 2.567185700856759 3.8350079631566065 1.787198671929704 3.029438394829942 3.951976555524854 4.746752061949239 3.515055353974603 3.7226993727555606 4.952091189147138 2.4220160475620043 1.466833012130968 1.7798723950086073 1.2317731590019783 2.207681327974407 2.5922898299830193 2.77705084380442 4.995331284434135 1.8398658051055872 3.3070749473183496 1.8058996574502473 3.533629969784248 3.4933328388098706 1.6388004580604383 2.228695725405207 1.2563343309791217 4.4345263664668195 4.335237150562101 4.2143181576731745 1.5235653647432121 1.1995905561307483 2.392687528842735 3.3838475533804186 4.72656194038202 2.3560606934189647 2.003378341869547 306.51237867720266 3.0938872871863348 4.253764060727587 2.024629449810349 2.3390606475590783 4.850751844146112 1.7872390544806382 2.063842625102093 1.3061151245635285 2.6905907044526476 2.3158394455218794 2.5023723070645962 1.778327483921876 4.397968083419136 3.6581707329905515 4.838231784034273 4.1289638753293305 1.939885951245302 3.7023809453969196 4.335422452761348 2.881104660697767 3.795711911135601 3.209425767922618 4.991750017921588 2.857018427026244 2.8769819624997797 3.739155700282585
1.5293813004547365 1.181713536581936 2.680323031328404 4.056973409822785 4.274654599880707 1.8137180521409872 1.2575763991128808 4.61747048921287 1.5602444151277433 2.249091147986642 1.5595504504682984 4.13350312075487 3.5022672256882372 4.9388157663458365 1.9118761095380012 2.9982139929082616 2.4079371946416304 4.3355884241052625 2.744490858231637 2.841136236619574 4.339252741407552 4.417828008189247 1.125856642474671 2.0824361294475238 3.3426380418355577 1.032928633514893 1.868634764718502 4.843965545123181 2.5806832933218153 1.1175749689615166 3.3258644237442625 4.154575692011042 4.744083997898009 1.158268857670028 1.214708315947851 4.456941362550223 1.0690835811988069 2.903989311175737 2.0985061428299963 2.746479899571178 3.1295068571037206 4.3004370490715536 2.2743166705264994 1.2236057391407775 4.258488903010058 3.1762676478287304 2.02406855367378 3.2107588961883025 4.616510816295671 4.639146169241022 4.246492129198949 1.5613979342042232 1.372543082050787 1.761160380984367 1.81253202121425 3.130652497597396 3.4762097004934343 1.0872643287674193 2.835703180519895 3.3529301518570827 1.705172470669841 4.680621358102968 4.006230261879944 3.9739085180636664 3.5667153896037305 3.7350145598905855 1.6858577799175025 3.5778096642776656 1.82285212176716 2.610022176435794 2.4376410801164066 3.54427853557276 4.384887452256963 1.2419003649011242 287.6941751802017 2.412106627679956 1.5602750085265131 1.6756072456942417 2.494417025306353 2.903565005885973 3.3002237595614954 3.1777524838022617 3.269266867785934 4.242680819007038 4.227495208025395 3.1774511556434244 3.0040821200544787 3.567591979798168 4.268545494005559 2.627204020804803 2.2584769332683408 3.6898579121359325 1.7707708883568203 2.0942257122944983 4.298792546473593 1.2228131587658013 1.0949335451876498 4.966192050653479 3.615750202767331 1.9951104660262855
4.492150616312351 1.0117240200372302 4.818354432444417 2.3071307057940436 2.778024953397779 3.8366362343773166 1.0563500156266916 4.911491407003728 2.3361599786819593 1.8573695836804323 3.879116543073046 1.2316603335632736 4.4395152727177525 1.8757716567107803 4.769853659437547 4.735207867406565 2.6534186850104646 4.683265770342855 4.298664242034458 1.2350994892791616 1.3127183188123634 1.914310686482151 2.989772980251419 1.118500479513468 2.899441763152474 4.340542334329735 2.650635136869212 1.1562231655649917 2.0760781425517814 2.7720172980125377 3.152580819128402 1.6808392451303562 1.8145445625181624 1.3645576930755392 1.8064641608377938 1.0587244311190833 2.0737438281953686 2.0703929785565314 4.813119711335293 2.2206744151721542 2.96164133034528 1.8561396676091464 4.081482707662657 3.6919596433818125 1.2537020344745842 4.271636079374728 3.1901660658829973 3.4849645742553483 2.5689497924385685 1.8820963631982632 3.104810208400911 4.929168428889717 4.503968071610716 1.7644564204694646 3.9017560693797777 1.5936122041287235 4.7304540172290235 2.091322853984077 2.268081189353184 2.1438389136541156 3.3133662584365404 2.8977443580828006 3.3876568368177216 2.007656290144437 3.491450318240148 3.0239157748646623 2.8198350230800826 2.780020198854358 4.844377786209468 3.648543635240315 4.123969486672973 1.1108205832316536 4.384447078207218 2.0381616002539684 2.7813395885410648 296.4835583241597 1.4982868691702005 2.7152372382086107 2.4264460991605183 1.399937486820718 3.7784787189489712 1.216553550769015 4.581406464936325 1.080702732149938 4.813555177359938 4.406435217253668 2.417156780701913 2.627840259450375 4.976370847001537 3.4555390795080574 3.6267034458423337 4.61206756072508 4.3991379220346065 1.5727918239132532 4.128726077252582 1.1414290091481076 2.2522722737557896 4.6355078174403666 3.5029848598303945 1.2893670049384043
2.2904350420759485 1.2305720568388554 1.0787798392078107 3.6703769188436106 1.1778676876882783 2.6117833666713377 2.758704609654493 3.246357199722904 4.420935116197888 4.0347097593783845 3.09639930214538 1.9825658272196836 3.4108894488233186 2.2672649231850586 4.56752554302293 2.656931268917108 3.7876771585775018 2.6148376047703885 1.1204382929552832 3.9951449945744435 2.554961589916044 3.2708602741342054 3.5906576424785976 3.5080241881926604 4.259727155398492 4.938759956999023 2.816769067164252 2.611233452277925 3.1995492738137723 1.389452267054954 1.7588369420726018 3.6891006005390508 3.243920739795637 2.590837111833111 2.699628431583714 2.81018249995349 2.7438961051348185 3.812989439294025 2.9353699044833115 2.9198676239046626 2.788373607080752 2.384942988862767 3.8789964643365367 2.7132730435146235 1.8753219813940745 3.473253139014343 3.61029664790766 1.55068964318182 3.8134863863594752 1.8043091890469545 1.1367662588353729 2.83664478739117 1.935769982410354 4.2817429240580935 2.060421703194359 2.5744300610780186 1.763737485081494 3.8461710117949863 1.4702001367009885 4.0485787852393855 1.7100086580996137 3.944423711215278 3.2875623704820005 3.413123712482887 4.828350486699162 4.77303081205716 2.9395041818090664 4.360113295260177 3.5304945617596712 2.5221884086716284 3.717085470961832 1.3413416006731311 3.4352863306931063 4.969417061372846 4.908159384455568 1.9768128817244102 296.08065761358995 3.0147811237203292 3.302102577841254 3.5180932089787933 4.329913236502706 4.873933584291867 2.13443669809149 1.1954525847523119 1.3109162755100434 4.175949019555967 4.177105028614893 2.024835707231466 2.0078879714970355 4.017171084352198 4.1453305864884165 1.1060293885411792 1.8592006172726934 3.9689832246740617 1.18826298710303 2.603598251399259 1.804262681991938 4.5801115400054595 1.1745635133687484 1.750166621754874
2.7646846843738686 1.8710849042951594 4.130591139394874 2.749424040920535 4.916605668315293 1.5328512458979033 3.184791052406513 1.8422461259550515 2.550364145191187 1.285520380248299 1.2051405762703795 4.321976913822926 3.829543731450042 4.155158365559246 3.8707872359092836 2.4831240083251327 1.9382798053188997 4.250046690620579 4.694973463089585 4.741155378848961 2.5699913719999405 2.76298758735688 4.772012223784262 3.504507794444924 1.3810697275212651 2.040698356398193 1.7713476442840954 3.897931628158188 2.745977100550993 2.1703547665178613 1.76777831615065 4.970416956374558 1.5497444333194967 4.2563204770340235 2.3995705464099557 3.069439447080717 3.602767397083303 4.73822150472971 3.9122162014386106 2.698036983890469 2.3320724393349908 4.23930162657251 4.185882746786406 3.2891153544364355 3.389069126134901 2.8924929780029864 1.7083722934819279 4.690497517893027 4.539481280823151 2.4184544650827027 1.8870647266103826 3.4559041610184136 4.611295644942819 2.202282168178574 1.4737842472407254 1.4729195834436206 1.9569113564345297 4.077769461229944 2.646361789614839 1.851844029599465 4.233261673565232 3.9451718207623947 3.17809664535949 2.3960067475587756 4.3074526347805815 3.4997508437746787 2.6181574022672516 2.4471669613884073 1.5226208752362114 3.116388384020978 2.4694018046198267 2.2443585222381284 4.881921844616812 2.1132609500170725 4.655976913503104 3.4977054842353756 4.549838305757573 317.0646015732675 2.9734400687961338 3.664218730582941 1.0933647503292634 2.5176787291217972 1.7546890920576947 1.8221246508458524 1.4146185996642449 4.186849645518784 3.446645728910767 4.980581352518049 4.9613951819075615 3.6279840253895035 4.733031531022393 2.635967785946496 3.914908656826 4.171380854147974 4.098739803686715 4.953314922020816 4.411011878035824 3.207393351771748 3.0800964040563765 1.700716841780483
1.6537580415027833 1.6676006112951125 3.1299568355157827 1.8237567411477755 3.000997608213305 3.7396908790059062 2.2455817790413772 2.5982489248543637 1.1467280898971777 2.907173511673594 2.499343875660821 2.826272101485958 2.5364439373335066 4.215453684620741 1.2205100069843224 2.889010854783618 4.121009859706344 1.1725205468636637 1.3620428426225266 3.6992328202143208 1.8314937929159418 2.850382327542162 3.2088977261283467 1.740883450264735 2.5819430377514467 4.226746373428223 1.8763465114461129 4.640681019726771 2.2062424649699075 2.9395748293107937 1.591879169182683 3.782789161977974 3.0751253446491984 3.46651382564451 1.500649126578533 1.1623841034777609 2.1780018469612217 2.2582942049244044 2.900293989981609 3.259009498906982 3.7476640579390974 2.136085478088708 2.3350725110623523 1.004281442443729 1.4632287850844379 2.523174319053309 2.218422221892844 3.5272175271925925 1.2644657674845448 4.1621402996276835 2.162772410644619 4.276352924910221 3.3600660548319756 4.832473112866012 1.9232055840533744 2.7324532005424262 2.7504579579854345 1.9627712128022363 4.1679282582937045 3.447195319001101 4.782014741689661 2.0498084705124118 2.665123346639386 4.3931844836523 4.112713011834744 4.004302406258419 1.235690841683844 4.4954611059821135 1.4117184339276156 1.9955726537700342 2.0347733454094525 4.620018204075603 1.1955881633325935 3.575277853694117 3.9698691830486603 4.468740828399677 2.1050992143433214 4.826119020203038 292.89295504729273 4.773822146261825 4.615636292110645 4.695599707110008 4.016419852899194 4.404492241483463 2.033467053258634 4.352979691697961 1.379772213796758 2.7479140303894374 3.212111792780378 2.3857051122118764 2.1856468682213315 1.017034738803226 4.698247872377694 4.913813581024583 1.603109158257002 2.1635705680165693 4.155347432156361 2.446472879249355 1.3638350181158074 4.215898584070601
3.418981105919975 3.9787155493196793 1.3910673698743357 1.914008501135858 2.9918352074783447 1.5713087279056857 4.575808726295839 4.93655051450631 2.839139340294405 1.959562370081946 1.8396659096492742 2.9136698918221184 2.8642348329159866 1.2461136015522438 1.99590542258857 3.0804252495897995 4.649967602106301 1.354663743907413 2.693852081572688 4.145805281633974 3.675921767258239 1.4098312058410203 1.4612696368412927 3.953812697366551 2.7440460417201087 3.1269108777116332 4.719798119551822 1.015589985738159 2.9641445204064687 1.0793571534415793 4.119519931335992 1.1850257565088866 3.960804638919844 2.2818702220259293 3.6872898655180606 2.744130628471324 4.425281669210242 2.7300883990602984 1.708100207211594 4.839034805468568 2.497863202531897 2.570310246505222 3.0170267485831492 3.7518446074048533 4.905225793968196 4.66324237649862 3.081156250114386 1.681530490065609 2.4479507239084635 4.327491908140148 4.900531980743243 1.1429426789153712 2.6543351454694974 4.339710198310139 4.986793905120405 3.6162801781271336 1.8520176858886916 4.724692290663798 4.791098640444462 2.6719784485436615 3.2911436176520983 1.6185566258646227 3.204347601972058 1.0528736832135484 1.3420836788789594 1.7896682165763744 4.287775891886769 2.9296949189018773 3.6548947411620265 2.080287034021286 1.7528923727032284 2.524920465412178 2.3394185333103987 3.442414042866014 2.9726444797467355 1.2463370347170581 3.5861117347724654 3.5241631950528265 1.6613303661133982 295.064208345361 2.261708897749683 1.2749850906040594 3.012710967039508 2.5682422100293913 2.412119068333683 2.2761235032925686 1.6502756417007909 1.951174237997411 4.173230563249987 4.632689506169333 3.113587802310608 2.884571584314156 1.663616256522395 2.5544640033144854 3.332939247561346 3.7345101662601423 3.8195377065725977 2.9358660697015453 3.3371489807112185 1.006438743811295
3.9181724949909347 1.1782604853599268 3.737220954520625 1.9222619478058105 2.9724494725945236 2.6480221462694096 4.27322208170926 3.8640827101909108 1.1466958191345715 4.889907385492325 1.1636352042106912 3.5782675587417536 3.6133362622931187 2.7887061682392438 1.9157148547349734 1.486872339852273 3.84732887737983 3.984184094028314 2.9569697044697354 2.3737649972027897 3.207561694391166 2.157817389322249 2.480099609644687 2.6777305724195517 2.736624609536291 3.5077854112331206 4.107953164907517 3.6893875155027667 2.361288665181932 4.499460689096752 1.6211854399603967 3.1635196583399274 1.058636507803917 4.7449561372921245 4.146103997656204 2.226164522282939 1.2216825392976403 2.3182898362204893 1.201203769136677 3.8775843770538465 1.07810145344332 2.432616933163739 1.9958992412209153 3.935999323353732 2.8437332362538985 3.5864627089275465 4.2426458930769675 2.6467910176513185 3.485696062875992 4.429730434503561 4.004591104266394 4.594047432295885 2.7831959567143008 1.8878889625906496 4.901293432208165 4.888758967496283 2.1700114121559877 1.6456112534284806 1.3158197962089844 4.235882752710113 1.1684774302983518 3.388073406877856 2.351811210619359 2.0093699729349805 4.33061616683074 4.522218852914973 2.2128916003983288 4.993728605355834 4.480122583705694 2.05223552130923 4.265708337685009 2.9959349369296846 3.8955797403124897 3.454679470861974 3.316749499336427 2.7618637864679023 3.529477129649441 2.056771434073565 2.29563072700265 1.9020176538100202 296.4979680119652 4.798272541906197 4.426540594035192 2.052350477122596 3.288644453476428 4.163804563813828 4.746331123319984 1.7613200994001272 3.968399036175663 1.827219594312421 2.0215439426555983 2.5997613488095643 2.164730185398583 4.22206996697475 1.122853854326435 1.0686464782229308 3.348285232709406 2.5894835982757165 1.600445691879206 2.4216271299999703
4.0863236417004245 2.566413516717165 3.8953873344384418 4.503737478298115 4.761714052544582 4.522996412818831 1.479857931682289 3.444918925782611 3.693968553473223 1.5628107015835493 1.9976257819204433 2.8538602938369917 3.1419328120677092 3.4848870679233084 1.0596459334978894 1.4260904489095698 1.1679728187266627 3.0322916446729993 2.4474943935606834 1.6383936603076283 2.578050813751255 4.3959298248170455 1.4339338456787325 1.1231155137426336 2.570499564764342 1.7213432854719497 1.5530688128034207 2.3313903542052508 4.907578298214091 2.1447545361053333 4.347200826424343 3.3244247720660893 1.601868242190576 4.053592969954286 1.6365474853229354 4.073639326585087 2.238025305733445 3.408170595099541 3.8795331621554854 4.273428478085378 1.4940283861334702 1.1516204639224057 3.0396730121783113 3.2414843551185486 2.7880164616376746 1.1496162920507564 4.615993122805748 4.382514350195653 2.1198394281722077 3.840074950422101 3.4082929491178047 1.1041253658326986 1.1183038616327288 3.4940240760937367 3.8717123802886446 1.900443432342732 2.5150527918555206 1.7155782351552253 1.58855477700593 4.66512059973704 2.5177593769821742 1.857297545978763 4.230215620935026 4.23885488888434 1.1256977235573773 2.0808113359271507 1.35448087075221 3.102168205711692 2.5484721237028585 3.5328285661848584 1.3492550109764294 1.1323490734796802 3.729435571685819 4.28442195768615 4.48459024030378 2.89254114476985 3.1059622492489094 2.2644741295643733 1.4174368003998845 2.349982393907404 3.192338564886887 282.8610968380617 3.0409010570498882 4.2042149593045615 2.3882037318955875 2.517602405300085 3.0429088888020654 4.153865891510634 4.9009649815778396 3.9180772767316543 2.2538381671753913 1.5035482724712201 2.7980098049950652 1.9178983507503622 1.9202694045935482 3.013665792073552 4.458575714135982 1.8989334559019473 2.316835504075102 1.2568774717584947
2.323571211395201 2.273766079635747 1.4141765567799087 1.1240614623597942 4.61386031834266 4.593685354412341 3.3318931571459065 3.101912542152329 1.108753797977728 2.032246974028861 4.901632773285721 3.113305594726174 1.8787378510915582 3.449637349879906 2.285481637360622 3.161619560969718 1.0110000015972367 4.135745722524186 1.9803486155136536 3.3619421499202202 2.014053387544397 1.067945566079255 3.65271697082222 2.1467680292879843 1.889406126822287 1.5463901026349576 2.282510234660667 1.2040052117589979 1.413763299286388 2.161705520041142 2.7730871087261075 3.2897695438750376 4.204554145280802 2.168631382187179 1.0738278257862257 3.4122928798808903 2.979686065901864 2.4847347929239274 3.891589029814637 2.4713807904727 3.069066891385669 1.0455236432951636 3.8618367666821714 2.3325228540470655 2.4157129983909797 1.908243004614358 4.633585568422202 2.905112219201874 2.0214556759188924 2.211385758923387 4.566087754662007 3.92226662683025 2.992572914962552 2.573620843402213 4.083508038208509 1.4377035321270153 4.868712344678397 4.982746150537909 3.387359766770598 1.9402050278191392 3.9173646915985345 4.386740399852174 1.898828535452429 2.207758782381973 1.49457745664222 4.250729204530343 1.9858933113055337 2.840638410029188 4.914214090859079 2.13504348911833 4.497159993654213 4.063406055375148 3.83145981867064 2.1680614501284095 1.8067619689481704 1.1507823593373363 3.347590623653737 2.5627433145133827 3.1453747892881645 4.859778574448907 3.614669395533336 4.757276913296728 295.67415719217905 2.7492427610258443 2.5623307784019413 3.73097534853728 4.527802002994765 1.7563741834112294 2.7551493584291022 4.693652384969361 2.912435296100206 3.8990295365500565 4.372387963597269 3.978486412269361 2.062970142812399 4.330764344767896 4.856025231586175 4.640950879428688 3.439596244355772 1.811115079872835
3.8367734694339 4.537438299517747 2.9574408802647634 3.9448071123632547 1.5169689105045534 1.049511004806094 3.615373382070463 1.7953777457421811 3.1406251606787805 4.474766282794178 4.594813616874218 4.494735196813753 2.8364686583104803 4.457915660674836 3.9770396906593604 4.006891071999604 1.1517980361393518 4.6020779446860205 3.081243987381003 2.0008799192346394 1.3508387750668862 2.2903651635806273 4.237227712262068 1.9865920684413672 2.911585640862441 3.962503523015343 3.645485852056459 2.4750089007869613 3.0992076246345532 2.5189434224964953 3.078426639642535 4.741317015903753 4.479240571782544 2.1718380610697943 2.5859918110257936 1.515629061281441 3.5651515512651213 1.1330644652825468 3.956156586172164 1.6864444049372156 3.4029129013311845 2.9759159297326216 1.55938814944759 2.8672149517813468 1.1406020920586748 1.409653878852446 1.2908533080062892 4.6805544362812395 4.785557906227952 2.9172019822661266 4.654499029711433 3.096749494096823 4.733215773695116 3.8609820615349095 4.648244431809021 2.7191404690699255 3.4300990698108005 2.8791712561171185 4.413333308926582 3.2943184970216977 4.286963424403334 3.150981180631248 1.921511594144162 3.4348044598693215 4.78398668727587 3.9482358623682003 2.9928289439995317 1.7225711802516326 2.8118623536582983 2.678123221277294 3.8241826708907833 3.389469787203778 2.186765971911511 2.3338116561772435 1.2119482505079877 4.390855067935512 2.0259646245439638 4.507640453460449 1.3843794144679302 3.3287640206929887 3.7951103978872447 3.730949172242337 2.4093755680933886 309.08856554720205 3.8229239899625593 2.596084601023605 1.0085577305860474 4.312944425227494 1.2671055098468451 2.6785635019257397 3.563611456744349 2.871724880266232 2.0497384678602706 3.1620232078977355 4.245777791356313 4.361576663250602 2.2712745238161367 2.279800859094896 1.6910672137722056 3.9490136135179124
4.76873078477215 3.8820929061268608 1.2672583924090186 1.899417769336083 2.013234686226018 2.416593264403183 1.9713226483239223 4.63283103548469 1.3154974539055737 3.156883777158833 4.1185138273842155 3.0676508171402417 3.521463305119499 3.8995598052872382 3.7448459739330207 1.1695351644223804 2.4981556024992027 1.75952379364819 2.4511709111639965 3.296626327584182 3.438543443301958 4.877873644172459 4.076405825735791 1.2574893887046565 4.499905488651823 3.4057915535860945 3.5296058129147725 3.870865102231008 1.8018112703864748 4.914680310024359 3.4061502104426036 1.559280024350783 1.4062093228067005 2.975044111928066 2.3776365811554623 4.244123308494938 4.860551360415492 4.319213400379369 1.2034897027383278 4.12653624368693 1.9186436391389647 2.5415933077155755 4.622095653767067 4.598086538694959 1.3454351025260425 1.4936479718056939 4.550672208938135 1.5722452966289304 2.748258445279111 1.4427591745721093 2.750736344902578 4.420681167743876 1.5455704072072312 1.0474943314918406 4.85200928525036 2.279960739673428 1.7357474166028584 2.9236545470385016 3.417571000960484 4.948741086855399 1.4146240536525085 4.029460860107607 4.672514997671204 3.56202097409374 2.631568406340174 3.501201869195219 3.3242142381779773 1.1442475857116259 1.089274401382339 3.171214690789387 4.845159209456369 1.9758043213625904 2.932393159286815 3.0519564427999772 1.6313287515274801 2.607408481645677 1.6215088594232108 1.0551660302492003 4.4210969744642465 4.90938324423654 3.401722823765555 3.1486797821728745 3.4534348284098724 4.336368875164485 300.26823410106357 2.993341722854157 1.3156265285145197 1.8620044701284724 1.9008149665057923 1.4687689224893514 2.4246437547864974 2.7372003489251138 1.8198754596832902 3.849908582612242 1.6511303621550093 3.3103685605569653 4.663887950830028 3.82198715829574 4.224515683269116 2.02872861139587
3.6199903767833135 4.492138964234627 4.760119226156587 1.1463119926247076 2.9384343927826344 1.5798769636851024 2.6402419054786828 1.797854147520637 4.774486259906167 3.0386518163680085 3.2607629070375705 2.194298550190327 4.631368919963643 1.031466790587225 3.433172538155892 3.763940318859082 2.5589804506398517 1.2840151786064458 1.2275030266291838 2.4183092644764304 1.3759858760853407 1.4511495075532914 3.6519558709743176 1.6464563268717085 3.5613165031149197 4.264743878966309 1.5562493841317053 1.457491585162114 1.2019686253285515 2.0964614141388114 2.870853233760916 2.224021167248367 2.327772413098522 3.635565473135715 3.2253696699953744 1.7025931845376752 1.6994916353686214 1.8028092185979165 1.9044896085766947 3.9986190709392786 1.4220515580040605 4.825094797939444 4.660202708286977 1.7076291052164443 2.63784351109331 1.1350828098151653 2.436183562536895 4.130454681418803 4.020883207128188 3.33421164549056 2.2733635974640385 4.4533028818477085 2.7473629607514107 3.8984766278268417 2.767460784627791 3.8364744320011 2.1253720086589043 3.9201053855640886 3.7744937863900048 1.9127792884552992 2.4455109016351235 2.6167197717925057 4.587359961795228 3.539740575743185 2.299016282099303 4.92937251935299 2.2879773761062965 4.915529323127409 2.629015806093794 1.468302811163447 2.379560809572851 3.962201254443902 4.886094078207326 3.2221372001328055 2.3511760634408083 3.6271926591495256 2.5803584168229143 2.5965162473588133 3.966701783471813 3.0123622323032606 3.50213824228161 3.858661559719433 2.2201123283716435 4.331861245555286 1.799439497775655 293.12426856033125 2.2118338700429963 1.437870976875951 4.504842102935343 1.9587354029105013 2.7093167634324566 4.805891315139314 1.0445771397145895 2.09579781287543 3.0012449496824947 3.6920919517349167 2.1621184392926747 2.631998483016132 4.333033166377122 3.4964245158147294
2.5215197560719806 3.3005488377679333 4.931100947313066 2.9797427187715053 4.463361848694419 1.0727078624468454 4.997053875522026 2.8580163642403744 3.784882950595805 2.935622024103608 1.3940120508208 4.269764842367324 2.9610977193457524 3.2027808628835914 3.1290259143804002 3.6462860565034187 3.4547508391718456 2.715465077177028 3.2850335802081987 4.7666487461345355 4.15253002304 1.1969768775317355 1.5139461774476723 2.0594228413406848 4.740223090929126 3.6223416316354644 1.2888713043792857 1.6930208217214364 4.333724882589005 2.7650926264628546 3.941540762491631 4.618208277655782 1.933118203608696 2.85321309057392 2.7913502738376543 1.2763040778510666 2.4350788244861237 1.1985474774574105 1.5538768043839815 1.7581133080114153 4.321540087871808 4.313470023461539 3.74528269448557 4.620913860890827 1.3967092011913893 3.2141224024761303 4.582374048879798 4.153253958409044 1.832662656771085 1.586445971185472 4.76813614519756 2.1830945510651922 4.824690141067681 4.218788676331719 3.5557297380486137 3.8969656979867353 2.91712613344596 3.6172321131627143 4.169761528122845 3.3899817613597625 4.064178876008716 4.527035182894999 1.5419931937911109 3.877146503427167 2.594158263474312 2.5567537282284944 3.3318773752874478 4.0295716711854626 3.855464265344531 3.9342116220192422 3.841599923311881 4.635058221971963 3.0041468319699356 4.070278882211858 3.6523229479028916 1.179170008722409 4.6531592048650445 4.881811906233889 2.710148662699043 3.4584247447102485 4.675854080896014 2.573131377564564 4.266157995559766 3.0126190998011158 3.5666512275729847 4.797126852183451 330.0556360369059 2.441441809534189 1.8848647399020906 2.953666236755132 4.249984460695133 3.748375079964684 4.077534980127677 1.8754283295952838 2.0935873163346983 4.899417354753398 3.8879014554846845 1.6241944670948203 2.522847343354258 4.485888342368138
4.959108059885914 2.205997799722057 3.224017310804789 4.244093366018269 4.379504280604655 4.478369858487298 4.409309858875963 1.188911483823365 3.312429131016706 3.3348181431188415 1.284499477564728 1.0236789838571778 3.900440993174415 2.0830129559572925 3.2535823424811188 3.896890388986513 3.507591812899775 1.1335840683669662 3.544347117754269 3.591425003804207 3.45599126807868 1.940455579509218 2.9010075735343226 3.5391336270057785 1.7698078966116166 3.5781096193340556 3.5177528629257497 2.094936106605292 4.43234408623008 2.7022725758899826 2.2581502844176593 2.2454964845427776 1.2880045062558856 1.441969508490816 4.838797293336457 1.5935864233845152 2.406916829861548 4.137015099004261 1.5624329364540386 4.824100177334293 3.02004893452835 3.023707912971597 2.6840733712233473 2.1453953215383184 2.985945316074423 2.349292649394218 1.0543279944804875 4.6960608044826415 3.412461709190334 3.6511920498544814 3.348214864281654 4.69204689370372 2.638709375852369 3.9090623459304426 3.744422999965517 2.6475409393904035 2.6102865633823997 4.858320784427432 4.663196477333903 2.804142935845895 1.05445533036966 3.4432017060582027 1.45427937220042 1.8235755541656777 4.122058103611121 4.286227416660457 2.050364802426969 1.0706341536031379 4.504015648794381 2.4664286011747287 4.477152573234903 4.890125824688175 3.493614967393294 3.4453456567922576 4.502666812974834 2.2391864963098107 3.3542767231239523 2.6873667690041163 2.53580930747485 1.066065461513141 1.2121504907499308 4.732102062428101 1.6511807227320832 1.027797975621509 2.1281490519631574 4.106637317855467 1.0326643506594433 302.17760265530666 4.868556100750942 2.6586029173912764 4.369595320802358 1.2111567998628305 2.4964805981998177 4.096513716810812 4.8695703443838205 2.5489516693550005 2.2158427544716206 2.246113003277244 3.1512544545470966 2.972496254915988
4.258402344496225 2.4456614623754396 1.520892540886642 1.0646521546979528 3.827083338187853 1.1320105185185243 2.871429571191715 1.3028096247341483 3.708877866372884 3.396403738452304 1.1545509626783388 4.347192604148937 1.8747578058819285 3.8179156783182835 4.927727356862181 2.0133099734403506 3.262981077817175 1.0281721454868475 1.4401649540889934 4.347073243272584 1.1188816132239925 4.143320437152817 2.7888318973223107 2.8796054887644726 1.3596887879632376 4.507728496134911 3.0388259858979367 2.024694203955842 4.547611473589138 1.313397620978535 1.9683308349609856 3.1799073360530308 4.557391339948607 3.241418410997201 4.454533152501098 4.938848349126861 2.0543681414337307 3.480377209293171 4.561226880420659 2.9729875569435835 1.0214944034732247 4.351865253680677 1.525616508213007 2.258704859061875 1.6250239397053141 3.819029115794922 3.9032112724659513 3.962342809522689 3.2889334933523635 3.1382249857854285 2.8091938681288133 1.9921864789806234 3.6316510238205257 3.9213235240412714 2.939076558969063 4.824034060648652 2.6473935601380965 2.3392633038822352 3.124367724003399 1.5037029511482771 4.959477766603735 4.102913468425248 2.082622178598259 3.777377227249261 2.2240110046931423 4.11172952908821 4.564713562006606 3.2571762201489287 3.3585277261452084 4.335087840284499 4.454686096833171 2.771399626210027 4.937147803866346 1.5265369343319022 3.4678271213473666 3.274457165903707 4.410270974821805 2.4370164887168726 1.5006478719249214 2.3412276290317213 1.6676231686812257 1.0013601775039112 3.9150498737299495 3.8219361377850447 1.586416557479935 2.674055532019003 4.3577118653114155 1.7187752891253756 303.86209033455225 1.4386840172357558 2.112260473115194 3.4480300833925432 3.9723123860332015 2.511523710029733 3.72251452675978 1.351907987905618 4.473325018556603 2.9426445058942923 4.261263611084827 1.1139513155381269
3.1654106541427764 2.8678062079978326 4.637619378234811 3.903755955452801 3.6968851020823026 4.669369935722024 1.7137146708107598 3.41764310327292 2.108748735192762 4.932347118842204 1.8220320886584185 1.8373091393148648 4.289017132398366 2.1332659728545447 3.890555901726235 4.83158138591583 3.399692425418969 3.113511890617349 1.7484589530585195 4.966267324362376 4.813057237408845 2.3061861624629265 4.166688607330453 4.422047415847879 1.8787103124169477 2.6265203788786864 2.4241839079545784 4.527652329008374 2.9687516539568355 2.1205588666830346 3.8568100205169014 3.649311050370028 1.142187543331746 2.8740277456281262 3.0293379886837126 3.1133106458780415 3.750198187939848 3.27559710138789 4.979964475236917 2.4594540033236174 1.1967496978106458 4.978774593753001 2.0310991985947053 1.7959645568769051 2.5851883478622253 1.857392470514882 1.4601818923631527 1.7562257704499302 4.59176496972899 2.787672046848844 2.63587309194624 3.8225074923663387 2.5673719282859095 4.660030001968069 4.210136734175013 3.106991131306272 4.464287711663902 3.4928303267189578 2.3003347838080623 1.0212051424802882 2.944137268055908 3.6488301291366962 2.4561724259489615 2.660167698146707 4.495883536550052 1.53385920864778 4.82690805293568 1.8153503790219467 3.6795044691185708 2.0912847818967424 2.3424207986399876 1.981018566144288 2.657792104807737 1.6043411707551667 1.42434117876422 3.6154826286749957 3.155638121214652 3.71484478800277 2.6458484427443723 4.618521623477756 4.760210975772582 2.607002226612402 1.3401840659885726 2.9469452876777713 1.5550010529162486 2.2535832211910587 3.3629207017203866 1.0964075959712694 1.8630168684863393 304.3654219207112 1.586627658148139 3.0718924315608285 1.470534252415049 2.4783893079323813 1.630559504332278 4.985792469566626 2.745847303498645 3.969668207909392 1.6323753316500151 2.383850253269632
2.8164653796969237 4.568747244988094 4.416788089697226 1.5390539060888182 3.4767832334692423 3.115819997755401 4.067550387216795 2.996213372346067 3.2647314573979376 2.003350683578957 3.0866425665872192 3.8691512115042834 1.775535966487817 2.07864255023639 3.7955419444313407 4.587479405781849 3.1328937633273277 4.309345407091599 2.0737946699227496 2.6427757716718956 1.7082462101399427 2.2095444359709213 4.889484257721811 4.343323236090239 1.6341706112164607 2.80196781620029 4.986420367899796 2.3345295080902875 1.424294844080039 1.3596536199550275 1.2167993174840954 3.440595139735484 3.56095238142881 4.785497455215793 4.649892632296536 2.3914060292002475 2.818300242390789 1.4134897850137604 3.368608220665092 4.162799141057432 3.80358131352638 3.7314944102959133 4.251407726105566 4.7020201011772365 2.8512437025089756 1.9887594775780006 3.0680284112975373 4.233376472753637 3.91051790304291 3.090460662649316 4.136584306993049 4.652961883115909 4.29361022233766 4.727371873661523 1.535405629871189 1.3290529476054052 1.158611384210289 2.095988476757374 4.300061913700654 4.50751177796702 3.655306361926635 1.4679441281393042 1.960203767144844 3.229790118520322 2.705410265414468 3.3876320935438433 2.4134033207587193 1.6418649985451834 3.204989877756874 1.4362028311214634 2.39518568885589 2.5966163003757265 2.086627773596621 3.566967486568866 4.845842146499613 3.515843259190846 2.8841247585441585 3.9167720604539076 4.057548871902419 3.45670704738989 1.87298610575347 1.5455627492968325 2.9234053868369814 2.1104361213295038 2.261084079620241 4.180674099652663 4.1266345040841195 3.954721689902162 2.7953731324258286 1.3941507909712527 311.441663077585 1.5063937865595154 2.293239169113844 2.6842471522064884 2.479539879015582 4.728364861470018 1.3798489515062844 4.899076588126995 1.9585684155859338 3.3121822411200696
4.392766423153203 3.749352770753924 1.0410319295920707 1.3868332772586451 4.606140731353358 4.175364156239173 3.166206171821114 4.326827672296225 2.1657810959098334 4.336143604614053 4.855612685914727 3.1335208946732815 4.586964497472376 2.9917428528732306 2.3676408889338827 4.4584177058526 4.387435461883554 3.221328329184982 3.7518036001264137 1.9690788128269827 3.2680917926958823 3.4291498498533333 2.510138679771845 1.8170738980184313 2.055164999908991 1.619202747615641 3.878297916494111 1.2273969940772371 4.0972417168838415 4.628732744285818 2.7000886557516264 2.7246511094590535 1.8901218820407397 4.148754484452724 3.506477932706496 2.9785156105693127 4.694252951608121 2.463194560774753 1.5983564773432337 4.876012063754152 1.62441472463383 4.0067189919354815 3.5387170911214785 3.2010558298998864 3.010252628520562 1.1384268078988815 2.1298688411618434 3.450092286747666 3.195850665106722 3.4524793790536203 4.101103479258544 4.762311235789311 4.493917456837232 3.95479829740513 2.303705069237184 4.837781852096583 1.3379144834990613 4.853024202948781 2.956813969778156 2.114873104385126 2.9564536857422206 2.360689334448723 3.660841333978559 4.466051814863656 3.0170376384087483 1.5525498598903749 2.954902575894326 3.6587039898445926 2.7905189278376166 2.9436401312740905 3.0581650198813315 1.8662359651956866 4.229041992757745 2.6553118652746837 1.4412811219973798 1.37598626363945 2.5466962131648527 3.255114933414482 4.803713446110308 4.710173895662274 4.792613521129263 2.3703533320036976 1.5745689669957645 2.768376281850429 2.7701252723572507 1.2937144330488897 4.227616406953676 3.670448070306497 2.856381505384115 2.4119209051643864 3.23426929389081 318.0255341308723 3.4291980959913526 4.181147044433906 3.587366366760154 2.2331610998230857 2.7384852498275345 3.7954384000042145 2.8012043223594976 2.227351552328983
3.4027688966356706 4.778174763420589 3.558730102034942 3.0012323717481677 1.0844498944279568 2.013721108548789 4.6551826367623885 4.327698182821001 3.356361806198253 2.337965491620834 4.781777828524236 2.0428152025055817 1.2914929611747077 1.8307283101417844 3.0229989527564 4.996497151926317 1.13123953762697 1.0880441022362235 4.2814144913793655 1.2085536291220422 3.6189974063798926 4.884642393366697 2.1971146421057055 2.7668224483716655 2.422453319919055 4.692030472684419 2.07381349665961 1.2857727160859906 2.6908371381225304 3.987521170974367 3.470582486273501 3.7559904691325716 1.5364339862387077 2.9924928246695943 3.2230499219043964 4.506681600616295 3.0109122392683902 3.405880498326927 4.548208980803544 1.5919207583226913 2.362344952127961 2.3882591533724096 3.3541649679279724 3.2908030193784903 4.435323871549777 4.884063715311323 2.15236419146135 2.3891052210710932 1.4764840801487726 3.7266055717609694 4.020453438107781 2.2277604574282726 1.421564870705505 4.789997598997116 2.4534366638644616 3.021551306606278 2.337449964639531 4.338546077411003 3.6420363745455018 3.735532599404975 3.1420146355538927 4.834971425999034 4.848498836044564 1.771104958624261 1.8917190571103633 2.604096672585006 1.7972227962427065 3.5907628315810403 3.7782509415143215 2.466004110398749 3.223408466178382 1.5592822558347876 1.012075441236473 2.2638020176589126 1.6941373924599707 3.7522279850731612 1.4093532886618174 2.7515241200258607 2.6971887202791094 2.737258393612928 3.820342621113753 3.7087335573476965 3.127936512281985 2.003590850691778 4.998300433897754 4.430901467495428 4.975773924602613 1.391116704456421 4.717469809925336 2.939296889627234 3.911667256374216 3.669611269996092 308.9647062300729 2.1824039993421946 3.387349988254706 4.092602580549112 1.8871914536139105 1.5940594610089986 4.460475510939226 1.4440799873607064
2.345025086188783 2.6225815732009767 4.000377207680408 2.653034656090363 1.706955044635253 1.9366391550122208 1.1574238804102586 4.516016363809236 2.7980214596044113 2.7822011576244723 3.2116822508701475 2.8804251654969577 2.333337595899769 4.012007985901704 1.5760841684328613 4.96631581082919 4.40672024574328 1.8600731183866985 4.1837143517869055 3.8318049412118307 2.4740308127333117 4.568354959944045 1.0433045842334 4.808692357385123 3.6645329136598885 2.907495943543898 1.374354262856273 2.1490388438402914 1.2579625046808887 2.0981790089721066 4.870902737556298 1.7912517973453101 1.801602729525992 2.8372927527741143 4.384451235845917 2.22896472403845 4.945123590283307 1.6806807875605636 3.718597384755299 3.8844146976484963 4.558848590867891 4.783202598779536 4.728747064874003 4.552567835665452 2.4077342855473463 2.5941906220663085 4.249131219174059 1.4070525390302175 4.893344829323398 3.1767477454468747 4.201127960688952 3.74017756702586 2.4300090611675587 4.0747014722961294 3.9201399243261505 4.69010951372072 4.193001152924039 3.2991204447335565 3.2337547539016116 2.932810943433438 1.0917637387083006 1.8790995359634923 1.805920648220603 4.255079782518047 4.308030942294135 3.530314302726173 2.451013114045766 4.7108241599423994 2.7320145597919487 4.513159089230661 2.577923459838094 4.264023547947701 2.5462122919492285 2.2249933743366133 3.68071439528615 1.3210608011382918 1.9418866745533925 1.6807057107939785 2.9518648771934206 4.064176740222241 2.7210664666740336 3.110731070527586 1.1343603206978305 3.869552897028022 2.3758767697791154 4.584926390200518 4.194345618030297 1.6579414257232208 1.4434336130154182 4.509667563390774 2.2162318102931926 4.791065699634691 1.998481712837589 321.17260402937677 4.911530033103631 3.1843230458309977 2.5835801884299388 4.434895613317517 4.366710571963285 4.883730834823574
1.4105590117897537 1.0852826750361824 4.460149600969871 4.768666392371497 4.338148923311358 1.5020910996578323 1.0710049064757832 3.211396496571219 3.7412078912725435 2.8186931006176774 4.879403043875248 2.8876328184603812 1.379093330748919 3.531909186619996 2.0714631805411376 3.7041975882024607 4.2415047440489735 1.0147944415040047 2.6751568031618573 3.3865503438728832 2.8227573032634226 3.6245386746559967 3.382011552251662 1.941813372952582 4.356050729533514 4.217304637463627 3.3585244658280313 4.427490289565596 3.203059821499019 2.467740173253993 4.4592558627392425 1.07569185374506 4.426993841518199 3.8358029284491977 2.7576699741503723 4.620250725797481 1.5974279212839462 2.8569894219542524 3.1451746606348316 3.312534371426914 3.2474445385007242 1.426246581319822 4.961307629375776 2.1836251345595703 3.9424582668356334 1.065480619520875 1.372739243950916 4.98524360692519 4.59482138024735 4.650050817099249 4.675934002566928 1.3823809302295702 3.9206897269467635 4.5983852151564335 1.559276040730754 2.505536051663868 4.32248406310117 2.0628165279413717 3.868599556865206 1.8725913067188755 1.9435091402752591 2.4581507748863083 1.8584009188927735 3.7021199906363877 1.1416101598630193 4.983990074715052 4.384084803486498 4.547688453797083 2.6433633439358815 2.3080204404402935 3.5060629462633632 3.029815325674149 1.7047220089037562 1.5843498257502704 3.3442843827040774 3.357325795903274 2.821134736349729 1.2647260788750776 2.7485689076640525 4.34936202217186 2.8290217044789516 3.321534562440965 2.183793028307785 4.468330548945225 4.679043849577804 3.1218215510689094 4.160682197089194 1.3599944070162016 1.1624855956693807 4.515503783870436 3.5211232058280766 3.415575714935706 1.3009045929366336 4.425240476596448 314.50435487167476 2.3274780486150117 4.755557328994024 3.383402255126115 3.1321130139752285 1.781807258933021
2.7560387979099668 4.9777821516155605 2.923234352167196 2.112717284325351 4.576025682650526 3.647115490364978 1.2680086059321218 1.4589979502071122 3.19943738624673 2.1307704676251498 2.785217952328901 4.827120111638957 1.312629070621207 4.480242632037902 3.1643075764703665 1.4956171889327274 4.41092979847793 1.5460062522264937 4.121435253400762 3.0358648184174446 2.6306495740771862 4.50184322912455 2.484216649922712 2.1957679901746987 1.4673321202186655 4.804587132087207 1.1060101469127082 3.640559925555968 3.1481161276784624 1.9824944156980542 2.414150388614065 2.9860775749748694 4.881371760922109 1.4166091561984606 1.0114806333273973 4.875912725164552 2.7433077031132838 4.865861044246394 2.1903856781454007 3.2902021235672003 3.2524916467286276 2.582803457897922 4.978931801942455 1.1078508626975587 2.2242201437793296 4.192380705716456 3.7536307075217685 1.385065430168916 1.0185059193358956 3.204759648289273 2.8701727339121854 1.5043969290743298 2.210902794734996 1.2455482254652903 1.6692261092280685 3.397471283794387 1.4619001555197277 1.4282603596910572 3.1966498057500914 3.3350575837495224 2.910503731713129 2.839024503843246 4.6411044561827905 3.153783846170284 2.4597015503806854 2.8998249214741847 3.7888042665230066 3.300403527055329 2.9374946722173902 1.1724427401265594 1.2542679107625108 3.1275615526253464 4.015582287111361 2.3449381000259955 3.8898580106577287 2.28151566138241 4.680916121978777 2.5626435918303025 2.645648666184308 3.1110602274257775 4.911746720504825 2.412508452183879 4.278564979264631 3.2886420310781075 1.9186034784542945 4.1217180610480275 1.0191937708197578 2.859255601575789 4.828654985438727 4.088841267065714 2.1559093350860445 3.4270553009941414 3.746965800747982 3.6267746411810626 1.122398228177194 295.43229442435523 3.4446811542791433 4.6524426730345025 4.461583750214142 3.2964914739415874
2.7838039549691787 2.4590512511136398 4.664704941487361 3.805293973188165 3.850755195847794 2.333125512703516 2.7816593520216983 2.663368433145872 4.759222208218059 4.226515524463874 3.3031866323445773 1.324503033031469 2.5714127795166357 4.802025514421479 2.16342371713966 4.904974203112169 3.8630894308856747 1.3554521558697394 2.449977720848824 3.923341652506841 4.391439642406434 4.765028754380522 2.1209329694879675 3.313109482745247 4.633670289145178 1.7463208371818024 4.500651669546599 4.606635697977282 3.996843825450973 1.6637154926530116 3.6159650141581867 4.677181746866575 2.568810328814592 3.4784097156668965 3.2932338665766134 2.22375770738567 1.4566914580190735 1.2043316384408205 1.8503680587834017 3.540703428949531 1.2374414653028025 1.5560008648418955 3.030518808612314 1.1549426203106798 3.9360268020839966 3.9379080047695942 3.1198535834505563 4.688429767278521 2.7753923653971313 4.595019015083038 2.988496782042866 1.2527180518501742 1.847276581296145 2.4008257641441872 4.607510352748953 4.797867823186774 2.074951687484268 2.260082338141713 4.087687026171471 3.031161980166698 4.965820169413969 3.188299820890909 2.481082684353435 4.0841996888541825 1.6341425465296089 3.4866500286924462 3.221617456122925 1.4399384693835322 4.136588541724687 3.8295883434750015 3.6740608694957517 4.261475489819729 2.240555837533926 4.459195179976003 4.241570948460685 2.0149912806231915 1.6937308039743666 2.9211810941978538 4.369996826286796 1.496711679505697 1.718214121462358 2.6749846003113555 1.5810543012461822 4.219646434605011 2.5301105695024257 3.4151508119522687 1.150566451360549 3.055618395005533 4.527984655623624 3.374536577617996 3.843770058963121 3.7681108479943655 2.301192082854255 2.506489118108954 1.2829620018886914 2.195319041762692 310.90013212734345 1.2710723732743388 3.2947605170567127 4.829237934880929
2.5933351002545524 4.927409496057386 3.1352904082992805 1.7231099755285797 1.5510857139538743 2.7841534868539655 4.741007951594288 2.917103416350643 3.117054274621381 2.8567757656290227 2.8177842095202825 2.2705555628234415 4.711993003617943 2.8042050229870488 2.2830422258108327 1.2653189525352286 1.3716332582098225 3.851130366642394 3.9394616833527625 4.499444738137999 3.1131231347322355 4.257840672782333 4.3951533437434795 4.067710089578579 3.0137269002702203 1.3305145865852186 1.965871836935018 4.215061480475803 4.24174208174699 3.6675817423146366 2.0561970971314105 3.300285302987051 2.9500556455595004 3.2609514141748948 2.269487407059063 3.415447685747383 4.00310368528733 2.1266339314082017 2.5390784966696835 4.6846169727402405 3.4172714769233234 3.557600016108144 2.124218598173254 1.432286616294134 2.166123237158803 4.114838040860587 3.4460252578387034 4.533221860733216 4.155363561491875 1.7948104177285757 4.135661090575498 1.4595971802308356 1.6733192455519292 3.534770880671979 3.61625715255541 2.16828356343367 3.0230421364443867 2.4817321884522823 2.437683227869279 1.2080506831145068 4.8434891235037085 1.269689704279895 3.0586297848463726 1.2538980759090572 3.433017480560344 4.692468148978049 1.2289124565194638 4.380016277643443 3.64449776876513 2.4848638934905587 3.667311161712228 4.130590828017883 2.0051034036370936 1.011386191941845 1.5431866513269452 1.0204564303316248 4.319371914051073 4.557765988225265 3.0616382039599985 2.3444818198685273 2.589491911194793 2.26273042914994 2.869997602955659 1.8979310520991337 4.866322777937754 2.348837674388599 1.3217495609998746 3.6291667788195396 2.243803322271773 3.9560732834677985 4.600868159404851 2.596023035655121 1.6513217554789512 4.97089883153294 1.5217667868069427 1.7044728244826484 2.7638978776891387 295.9088327233973 1.5190782730773225 4.745637551163091
3.2487311108929133 3.7462610519047046 4.4460083934914625 1.694142896780146 2.3286381814325763 1.2632076764741345 1.0962610569397127 4.400734295537018 1.2016002628193996 1.1955376597397818 3.142375238667791 1.3438008484022257 1.4288602952050455 1.647379036552461 1.834541130776183 3.7470920948912285 1.9721424161021606 1.2888595511535534 1.9861837151976016 4.8780096454999455 4.664236272535172 3.2201089076191023 3.290165631081101 2.117782519231413 4.517697740934583 1.3957908958349936 1.059820336935482 3.212616703029741 4.135242549596939 3.6325456319207836 3.2757534602686067 3.079512905754939 2.579632164844815 3.2385385135153943 2.9510954836848646 2.453629564953693 4.1446752782281235 4.907943974158601 2.616279032776705 1.9479263761093084 1.9847513648989192 1.9856090246649045 2.9946030626008344 3.1831592888870803 4.519646060822331 4.238442060660451 3.2748998401635823 2.522941998294257 4.706127342198291 4.660473085676283 3.8485105137087965 1.3764817604696886 3.698388309560898 1.5450296258251193 4.570805023296433 2.7603004373791533 3.161096631685905 2.021581204046658 1.8007402862920898 2.2066662477261776 3.3696707435948663 4.525051331217838 3.633346414761967 4.838818558349194 2.7006275547780496 4.291438402524612 2.861049768429449 1.541928905601159 4.149565277851086 4.195360196589956 4.505201949224415 4.722838514040028 4.5397865955710754 4.599670404294233 2.8593386554570066 2.4171527770935306 2.101606645192458 2.2909118673663595 2.7223864217120726 2.3080384485906342 1.154422015120494 2.15115447441412 4.058913527289688 1.9544770373579525 1.7573687171579806 4.397890590848199 3.5202566492773673 1.7818895823716687 4.541437544959675 1.3921353356221022 4.790959897526562 2.6241556757931606 4.335197060962045 2.8608598755399557 2.446437906184232 4.084132110751482 2.0778852511275607 3.905470544185452 301.40390465836583 1.3720846297025604
1.0197734230571172 2.845589203812294 2.5707421870190896 1.5139925642367684 4.109323325153023 2.066780791148719 1.3669266541092067 3.7765254647544784 4.324966045985967 3.345647084108561 2.8020832048318565 3.1329778839646805 2.9694188622272875 4.30174071205894 2.0207110554556458 1.5610357604478673 2.66643631948171 2.159468380261462 3.8959891807807576 2.036942723329171 2.296055867551161 2.4341011797999044 3.0446683754887616 1.5886224583841253 1.7565549483093337 3.4028034396053406 3.313186403438913 3.3049266153172874 1.6032703392088452 2.390989502717455 3.5941315913083693 3.2943539946501184 4.60544331207123 4.770961063229294 4.849202745094871 2.450026137282567 4.914652421835877 2.8783400730822963 2.5924891853812153 3.1180061744936864 3.462506060020786 4.045936485980892 2.898373455422186 4.141835112125302 1.8327633101164418 3.2789200460502967 4.030747527190121 1.7796466979111605 1.1183206436646365 1.445484136737023 4.296612738979341 2.076815505420225 2.7022403445294425 2.2842948200612896 4.9726349734535935 3.9067178048378235 1.7449855091211646 3.939953143016857 4.745057252545007 3.1834679606391916 4.407743525929993 4.196999207347918 4.445386494007261 4.978013761655333 4.363191703481602 1.86648521461307 4.928029376782391 2.4253332776991443 1.0461022821766974 3.9400472709023693 4.337215414484953 2.3984187086987068 3.8455332208267707 3.0502461932349365 2.6084277456522145 4.8131671988609845 1.7059956746274212 2.2762732106065195 2.2894744479490043 3.502503008643582 3.0210157276009375 4.282860037526582 3.1116362398840964 1.5231110742042526 2.723463697265752 2.2601990334356175 2.3717494510481147 2.420619453029605 4.888888489299787 2.5900567404680244 2.034149511511574 1.9239479971090545 1.3178096055100643 2.0203479631233474 4.729983035515456 1.954015042633079 2.8311379673413333 1.011182895730311 3.5216397967895015 305.8471282997718
